735230,220,220,220,220,NaN
735231,200,200.85,188.65,191.65,35351056
735234,191.85,195.5,188.25,193.7,6021827
735235,194.7,199.8,194,197.75,2619486
735236,198.3,204.35,197,201.5,5470399
735237,200,206.5,200,204.35,3626134
735238,205,210,202.35,207.15,4188477
735241,207.85,209,206.1,207.4,2632614
735242,207.55,211.05,201.7,202.95,1310534
735243,204.25,207.9,203.3,205.05,1316038
735244,205,207,203,205.1,1061770
735245,204.4,206.8,203.6,205.45,560597
735248,205.2,208.25,202.9,207.8,440016
735249,207.95,208.65,204,205.25,308822
735250,205.85,210,202.5,204.4,522978
735251,206.6,207.7,204.2,204.95,1583997
735252,206.35,206.65,204.1,205,1219799
735255,206.85,207.5,204.5,205.05,599417
735256,205.1,206.35,204.15,205.05,645165
735257,205,205.15,203.15,204.6,632500
735258,204.65,210.4,204.55,206.1,1658900
735259,206.95,209.5,204.65,208.3,446416
735262,209,211.5,208,210.3,619340
735263,210.65,216,210,212.15,1297700
735264,215,215,208.1,209.95,1254754
735265,209.85,211.25,201,204.25,477136
735266,202.25,210.9,202.25,206,535714
735269,208.75,211,206.35,209.95,972954
735270,208.9,211.9,207.45,209.85,310499
735271,210.25,211.5,209.25,210,1068489
735272,210.85,210.85,207,207.55,55628
735273,207.95,208.75,204.45,206.95,1147102
735276,201.15,207.4,201.15,203.35,56809
735277,203.05,204.6,195,200.35,164404
735278,202.65,202.65,194.45,195.1,294907
735279,195.1,195.55,191.5,192.8,192159
735280,192.8,192.8,181.95,188.15,891987
735283,188,192.7,186.7,191.9,820340
735284,197.25,197.25,190.1,191.6,38966
735285,193.95,197,192.35,196.05,214534
735286,196.4,197,194.15,194.8,217043
735287,195.9,195.9,188,191.6,685089
735290,199,199,188.75,192.05,770743
735291,191.15,193.5,189.4,192.05,324124
735292,196.85,196.85,175.55,184.55,1815408
735293,185,194.9,185,191.9,3208335
735294,181,194.65,181,190.8,1026599
735297,187.75,192.85,187.75,192.25,134278
735298,194.9,196.6,191.05,195.6,421920
735299,196.55,197.95,194.3,196.95,1128179
735300,196.9,197.5,193.1,195.95,255566
735301,195.4,197.45,191.5,193.7,237353
735304,193.7,194,189.9,193.3,389005
735305,192.5,193.85,189.3,189.85,416693
735306,188.05,191.6,188.05,189.9,579140
735307,152.3,191.75,152.3,189.8,104780
735308,190,190.4,184.1,185.1,174015
735311,186.9,186.9,179.65,183.5,101719
735312,185,185.8,180.1,181.9,296981
735313,181.9,184.7,176.15,179.9,560531
735314,178.5,180.35,172.35,173.9,3101013
735315,175.9,175.9,169.6,173.1,979167
735318,173,174.95,166.7,170.25,649932
735319,168,172,167.4,170,3053335
735321,136.6,185,136.6,178.95,338460
735325,176.95,184,174.05,179.15,172211
735326,177,186,176,183.9,202990
735327,183.35,184.55,180.5,181.35,890606
735328,180,182,176.55,180,932854
735329,180.4,181.95,178.25,181,209977
735332,177.55,183.25,177.2,177.5,43044
735333,178.45,180.6,173.65,177.1,783067
735334,171.1,180,171.1,178.25,115618
735335,178.25,179.1,173.65,175.1,12895
735336,173,175.9,169.2,171.15,91657
735339,168.1,174.8,159.25,164.1,783115
735340,167.85,167.85,160.5,164.2,188869
735341,163,172,162.95,169.95,1060339
735342,165.8,172,164.3,170.25,556273
735346,165,181.9,165,179.9,338085
735347,176,178.05,173.15,175.1,50025
735349,173,178.1,173,176.15,48718
735350,176.1,181.05,176.1,178.5,1398468
735353,178.5,182.1,174.75,178.8,904972
735354,179.9,183,176,177.8,1928796
735356,179,179.25,174.25,176.15,471516
735357,177,177.75,175.05,175.65,39362
735360,175,179,172,175.1,191634
735361,172.3,176.9,172.3,175.6,104575
735362,173,177.8,173,177.05,128503
735363,173,179,173,177.8,137489
735364,175,178.65,175,176.5,216483
735365,178.7,178.7,175.15,176.5,2445
735367,175.1,177.4,173.75,173.9,13014
735368,174,177,172,176.1,61559
735369,174.05,177.05,174.05,176.3,55645
735370,175,176.8,173.55,174.35,19899
735371,174.95,176.7,174,174.7,15849
735374,173,175.9,173,174.55,13553
735375,173,176.5,173,175.7,44307
735376,174.3,175.4,171.7,172,17037
735377,172.5,173.95,169,169.95,34830
735378,166,175.5,166,174.8,56708
735381,172.95,176,170,173,37741
735382,173.4,175,171.9,172.2,17324
735383,171,173.5,168.05,171.15,45135
735384,168,171.3,168,169.55,24084
735385,168,175.9,168,170.5,257623
735388,168.1,172.55,168,168.35,33499
735389,168,172,168,169.7,26580
735390,168.2,170,168.2,169.1,795355
735391,168.3,170,166.65,168.75,36858
735392,168.2,168.5,165,165.3,208980
735395,164,165.95,160,162.7,43095
735396,161,162,152.5,153.9,55188
735397,153.9,164.4,148.5,152.25,165941
735398,150,155.7,149.3,153.75,261250
735399,152.25,155.45,152.25,155,979836
735402,153,159.95,150.5,152.1,107225
735403,153,154.9,149.3,151.8,57293
735404,150,158.4,149.2,154.9,250651
735405,154,154,140.3,144.95,301822
735406,144.95,150.4,143.55,147.15,65910
735409,146,151.9,145.05,148.45,36590
735410,147,147.7,140.15,142.35,899437
735411,141.5,145,139.4,143.9,277131
735412,141,151.5,141,148.9,513217
735413,152.15,154.7,151.6,152.9,1215038
735416,150,154.5,150,153.05,633345
735417,154,154,149.3,152,485273
735418,150,157.65,147,153.95,242533
735419,152,155,152,153.75,262760
735420,152,157,152,152.5,174333
735423,152.5,152.5,149,150.95,25020
735424,149,152.75,149,150.9,303690
735425,150.2,153,149.45,151.9,19930
735426,152,156,152,155.85,92686
735427,154,158,154,157.05,104212
735430,153,161.5,153,157,619123
735431,153.75,158.05,126.3,155.75,54348
735432,159.85,159.85,152.5,154.8,457322
735433,154.15,157,152.8,156.1,37866
735434,155.2,156.1,152.05,154.85,18664
735437,153,156,150.1,153.3,24125
735438,153.1,153.3,149.45,151.5,58787
735439,147.75,152.95,147.75,150.3,40311
735440,148.1,151.05,148.1,149.1,122067
735441,149,153,148,150.1,33259
735444,149,152,141.75,145.05,894431
735445,147.85,150,146,149.4,188613
735446,147.5,154,145,148.8,166558
735447,147.3,151.25,146.1,148.4,128270
735448,149.9,150.6,146.6,148.8,76403
735451,148.1,151,147.6,149.9,252727
735452,148.1,150,145.1,146.5,99372
735453,146.15,149.9,143.1,147.1,81801
735454,147.95,153.85,147.1,150.2,60134
735458,149,153.5,147.25,150.7,61626
735459,148.75,152,147.1,149.85,95576
735460,149.05,151.4,148.1,150.1,77059
735462,149,151,147.55,150,55916
735465,148.35,149.95,147,148.8,1677259
735466,147.85,148.8,144.5,146.4,865457
735467,148,148,135.1,139.1,110242
735468,137.35,142,135.15,140.4,51997
735469,139,140,136,138.25,1037542
735472,139.3,139.5,128.5,132.3,1110011
735473,132,134.8,127.15,130.65,164115
735474,129,143,126.5,134.25,65743
735475,136.5,138.9,132.2,134.75,21526
735476,132.95,140.65,132.15,139.2,77544
735479,139.2,141,134.05,138.7,78028
735480,137.75,138.55,135.75,137.45,70498
735481,136.35,139.7,136.25,138.4,84644
735482,137,142,137,140.65,57712
735483,145.65,148,142.65,144.55,138323
735487,141.5,148,141.5,146.75,433857
735488,144,155,144,152.05,2204532
735489,153.95,158.4,152.2,154.8,123719
735490,156.95,157.9,155,156.2,6870
735493,157.85,157.95,155,156.5,66014
735494,156.9,159.4,155.2,158.05,314184
735495,156,160,155.95,159.05,63656
735496,160,170.15,159.05,165.1,3252328
735497,162.2,166.05,158,162.45,586631
735500,160.25,161.05,157.4,158.95,174305
735501,164.9,164.9,158.3,159.5,92554
735502,164.7,164.7,157,160.1,630789
735503,163.85,163.85,157.05,159.3,671492
735504,159.5,162.5,157.85,159.75,380213
735507,156.2,160,155,156.4,41366
735508,155,156.45,150.7,152.55,331676
735510,151.5,156,151.5,155.05,280689
735511,153,158.45,153,157.55,112511
735514,156.4,163.5,156.2,159.1,113567
735515,158.4,159.1,153.1,157.8,64055
735516,156.4,160,156.4,157.95,11793
735517,155.2,160,155.2,159.45,26880
735518,156.85,159.95,156.85,157.55,18291
735521,159,162,157.65,159.95,641520
735522,159.8,162,159.3,160.1,37445
735524,156.5,160.95,156.5,159.95,736363
735525,158.65,161.9,158.65,160.05,337306
735528,158,166.8,158,164.45,146191
735529,163.5,163.5,161,161.9,14807
735530,160.05,162.1,158,160.1,35733
735531,160.1,161.5,158.75,159.05,156363
735532,158.55,159.85,157.25,157.9,142772
735535,151.75,156.5,150.25,153.8,815866
735536,154,154,150.25,151.5,814819
735537,151.15,156.4,151,153.6,1747175
735538,153,169,151.4,164.85,651741
735539,160.55,167.8,160.55,162.1,362749
735541,164,164,160.5,161.1,5672
735543,160.6,163.75,155.1,160.95,713674
735544,159,169.75,158.05,165.2,687749
735545,167.9,169.4,165.55,168,112960
735546,169.8,172,166.05,167.3,215692
735549,169.8,169.8,158.5,159.75,140861
735550,158.05,162.95,153.1,154.25,293726
735551,151.3,158.45,151.3,155.3,742653
735552,152.65,158.7,152.6,157.8,244658
735556,154.5,160.2,154.5,159,838177
735557,156.65,162.85,156.45,157.45,27902
735558,156.55,159.8,156.55,158.1,20546
735559,157.1,159.65,157,158.9,176288
735560,158.55,159.75,158.55,159.15,98795
735563,159.15,163.65,158,162.05,81701
735564,161.05,162.75,159.55,160.6,36944
735565,159.5,162,158.25,159.05,248920
735566,157.5,160.55,156,156.15,41317
735567,156.45,159,156.45,158.15,24394
735570,158.05,160.4,157,158.45,75970
735571,157,161.8,157,160,91167
735572,160.6,168.7,159.75,163.65,320339
735573,163.55,167.9,163,166,283250
735574,167.9,175.4,162,172.1,580989
735577,172.7,180,172.5,176.95,344730
735578,176.95,182,172.25,179.85,490500
735579,182.15,189.9,181.1,184.9,2444412
735580,184,185.5,175,179,631194
735581,177,178.95,172.2,173.55,37822
735584,169.75,175.65,169.75,173.35,24212
735585,175.05,177.45,175,175.5,288162
735586,175.05,176.95,175,175.1,63096
735587,175.5,178.8,174.95,177.05,72249
735588,175,178,172.3,175.7,426335
735591,174.2,179.75,166.8,169.85,6372955
735592,171,174,167,168.45,69478
735594,169.3,172.5,168,169,28204
735595,170,170,166,168.65,93082
735598,168.1,170,168,169.15,70211
735599,168,169.85,167.6,168.55,42516
735600,169.5,170,167.75,168.15,13233
735601,166.6,172.3,166.6,171.5,98992
735602,172,175.95,170,174.8,483177
735605,175,178.7,170.25,176.05,1127035
735606,176.2,180,173.85,174.8,81502
735607,174.95,177.95,173.2,176.95,58616
735608,175.1,178.15,175.1,177.2,52817
735609,177.9,178.5,168.6,177.75,611082
735612,176.05,178.5,175,176.4,22147
735613,177.9,179.8,174,175.25,20377
735614,172.7,176.9,172.7,174.9,2272058
735615,176.55,176.55,170,172.8,618233
735616,170.2,173.65,165.4,171.9,476833
735619,166.25,170.45,166.05,167.6,62805
735620,166.2,168,165.35,166.95,40312
735621,165.25,169.5,164,165.4,14664
735622,161.6,171.45,161.6,168.05,2706015
735623,170.9,175.2,169.1,174.1,1690454
735626,175,175.1,166,167.75,736309
735627,168,173.65,167.5,171.75,184255
735628,175,177.55,172.75,174,415425
735629,173,173.1,168.5,171.25,178340
735630,171.95,173.1,170.5,171.95,173173
735633,172,172,162.35,164.45,331524
735634,165,168,163.7,165.25,115192
735635,164.05,169.8,164.05,165.85,133255
735636,164.6,173.35,164.6,169.5,306438
735637,168.25,173.5,165.75,167.05,2720807
735640,167.95,169.5,164.5,165.75,1233008
735641,165.75,169.25,165,167,197195
735642,167.95,168.9,166.75,167.95,1988042
735643,167.05,168.65,165.5,168.35,349376
735644,168,174.3,167.9,172.75,2860468
735647,174.9,176,165,170,752568
735648,169.25,171.8,168.55,170.6,573261
735649,171,172.5,167.9,171.25,28736
735650,169.55,171.75,168.45,170.15,20110
735651,170.5,173.9,168.5,172.4,1377669
735654,169.2,173.45,169.2,171.5,771916
735655,170.25,172.5,170,171.85,1541690
735656,171,172.25,169,171.95,1497090
735658,172,181.8,172,179.8,1959185
735661,177.2,193,177.2,187.6,364203
735662,190,193.9,185.05,190.3,2440949
735663,197.5,214,197.05,201.5,2555115
735664,201.9,207.4,201.9,206.6,1575824
735665,209.9,215,202.4,205.45,390017
735668,202,214,202,211.9,991069
735669,211.9,213.95,204.05,210.9,1691837
735670,207.5,209.2,202,203,978724
735671,202.25,205.9,198,199.85,595835
735672,199.85,202,194,196.15,127283
735676,194,202.95,194,199.9,766649
735677,195.5,201.3,195.5,199.3,1091766
735678,197.3,199.75,195.5,196.2,116450
735679,195.05,200,190,199.65,917772
735680,198.1,199.8,195.1,196.5,2426
735682,195.35,200.5,195.35,197.9,52886
735683,193.8,202,188,199.7,12993066
735684,200,209.45,199,207.05,786460
735685,205.05,210.45,205.05,209.5,1357085
735686,208,209.7,202.1,204,156180
735689,205.1,210.25,200.55,203.4,70932
735690,202.1,205.9,200.05,203.75,820777
735691,204.5,205.7,201.45,203.05,36041
735692,201.15,203.45,195,199.1,1226119
735693,200,201.4,198.5,199.8,124539
735696,196.1,202.85,196.1,200.25,56456
735698,200,200,195.4,195.95,178135
735699,196.55,199.8,194.55,195.95,62984
735700,196.05,198.6,195.05,195.4,45632
735704,196,197.95,194.55,195.6,102261
735705,194.15,197.9,194.15,195.7,310889
735706,196,200,191.7,195.15,494632
735710,195.15,199.9,195.15,198.35,444154
735711,196,200.05,196,198.95,205694
735712,198.95,209.4,197.6,203.7,1995964
735714,210,214,208.6,211.4,4835864
735717,211,214.5,208.05,213.3,810349
735718,214.95,216,211.2,214.95,2313137
735719,216,218.5,214,215.65,1958930
735721,217,222.1,212,219.3,894038
735724,220,223.85,202.5,213.55,3167480
735725,215,223,214.1,222.6,403713
735726,224.5,225.35,223,224.65,467570
735727,224,225.1,216.15,224.5,248356
735728,225,225,219,223.75,166157
735731,223,224.3,221,221.9,179672
735732,222.1,225.1,221.35,223.65,282065
735733,220.65,247.1,220.65,236.3,2654454
735734,238,239.4,229,230.9,231287
735735,227,236,216.85,233.15,431708
735738,234,235.5,232.45,234.95,330224
735739,235,235,226,233.75,92216
735740,233.05,235.1,231,234.9,471878
735741,235,240.2,232.6,239.05,524979
735742,238,241.9,230.25,235.85,1057850
735745,240,245,236.15,238.9,1024333
735746,240.05,241.65,229.2,231.95,89596
735747,232.9,242,231.05,239.85,210017
735748,239.9,239.9,231.35,234.55,147686
735749,237.25,237.25,228.25,231.5,281269
735752,232.45,239.45,230.05,236.15,542231
735753,236.1,241,233.05,234.05,92411
735754,233,245.45,233,244.95,958024
735755,245,246.5,241.4,244.9,620174
735756,244,245.5,240,244.75,1891144
735759,241.1,246.5,240.15,245,543482
735760,247.05,268,244.1,259.95,1403755
735761,263.55,263.55,251.85,259.7,572428
735762,259,261.7,258.5,259.95,500775
735763,264,264,249.75,251.35,453550
735766,254.8,254.8,244,246.15,404220
735767,245.1,256,245.1,252.55,1289332
735768,256,256,245,246.6,326439
735769,244.1,250,243.05,249.2,58442
735770,251,251,240.05,242.5,146262
735773,241.1,243,234.55,235.75,104132
735774,235.75,249.9,232.5,247.4,179763
735775,248,250.4,245.95,248.2,406030
735776,248.2,261.55,248.2,249.95,898767
735777,250,266,249.95,263.05,1141963
735780,258.6,262,250.25,255.6,143398
735781,256.25,274.9,256.25,259.95,1150182
735782,259.35,269,255.05,264.7,376878
735783,265.5,269.7,263.1,267,175497
735784,270,271,260.15,261,222290
735787,260.25,262.9,252,254.3,645769
735788,258.75,261.4,246.65,253.75,776378
735789,253,254.7,246.2,252.4,108440
735790,249.9,258.9,249.5,253.95,249847
735791,252.15,259,252,255.9,528060
735794,253.3,259.5,248,254.8,130650
735795,254.8,265.95,254.8,262.95,358988
735796,263,265.05,263,264.15,128444
735797,264.1,268,258.4,264.85,1088807
735798,264,265.25,261.05,264.45,148864
735801,265,266.8,260,261.2,497460
735802,258.55,270,258.55,268,233553
735803,269,270.6,266.15,269.35,602425
735804,265.05,267.9,260,261.65,147054
735805,265,266.95,258.1,260.7,863233
735808,258.3,260.35,255.3,257.3,238298
735810,252.3,267.3,251.75,252.55,1735223
735811,253,259.05,253,256,808752
735812,257.9,266,254.2,262.4,384331
735815,263.45,274.9,263.45,267.3,448977
735816,267.3,276.8,267.3,275.05,1596611
735817,276.75,276.75,268.05,271.85,519597
735818,255,255.45,251.6,252.85,1943858
735819,250.7,261.45,243.2,258.9,2333569
735822,258.95,267.95,251,261.05,1102827
735823,259,270.7,259,268,2297937
735824,263.1,270.4,263.1,267.95,2856187
735825,266.75,268.2,262.1,267.6,1656867
735829,267.55,271.65,266.05,269.35,1271382
735830,269,272.8,261,264.7,2514322
735831,265.8,266.7,258.2,262.05,1699046
735832,262,270.5,258.5,264.75,10947266
735833,262,267,252.6,255.15,418009
735836,260,262.8,253.3,260.7,1236200
735837,259,264.25,252.1,253.7,639500
735838,254.6,257.6,250.2,254.8,613875
735839,254.75,265.6,254.2,263.55,365100
735843,263.05,270,263.05,269.05,622721
735844,270,278.6,267.55,273.25,993185
735845,275,281.6,275,279.45,1061336
735846,280,291.4,276.25,285.1,913899
735847,289,291,278,280.3,1105121
735850,280.3,301.1,267.8,296.2,2413406
735851,302,305.8,281.25,293.95,2514986
735852,291.05,292,282.1,284.4,1165719
735853,284,287.4,276.3,281.9,600986
735854,282.1,286.05,278.85,281.85,3335827
735857,280,299,276,297.15,1821824
735858,298.5,306.3,287.05,297.65,1662257
735859,299.95,314.8,290.15,309.7,1685294
735860,310,322,302.8,315.85,2245778
735861,314.55,319.5,296.1,312.6,2821898
735864,310.05,310.2,290.2,293.95,2947500
735865,293,296,285,287.3,640677
735866,283.1,300.45,281,283.7,826989
735867,288.3,304.8,286.55,300.1,1045878
735868,295.05,298.75,286.5,291.05,578797
735871,292.5,302.8,292,298.2,1446284
735872,293.85,304.9,289,294.75,1247644
735873,295.15,300,275.25,280.6,2392171
735879,282.3,299.7,279.5,288.55,1360231
735880,287.1,294.7,287.05,289.55,834600
735881,290,295.95,280.55,288.2,1311881
735882,292.7,295.9,283.4,288,541199
735885,289.7,290.9,285.25,288.65,193401
735886,288.1,292.7,288.05,290.25,181481
735888,286.2,290.25,281,282.55,451090
735889,282,285.6,281.7,283.5,246774
735892,285,290.25,283.4,285,907612
735893,284.05,292,284.05,290.5,840266
735894,290.05,299.45,290.05,296.7,538457
735895,297,299.35,295.6,298.3,17153
735899,302.5,302.5,288,290.4,269985
735900,294.4,299.5,287.4,289.4,771250
735901,293,293,285.55,290.05,909860
735902,291.8,291.95,288,290.9,417904
735903,292.4,297.35,289.3,294.45,1982625
735906,292.05,311.8,292.05,302.15,2359026
735908,308.7,309.75,283.6,291.4,3085730
735910,296.95,296.95,274,278.6,1207547
735913,276,291.05,275.4,287.4,1031229
735914,286,292.9,285.1,290.3,1447414
735915,287.65,297.45,282.35,290.45,1009582
735916,291,296.85,290,294.8,484328
735917,295.7,302.5,292.6,298.95,773748
735920,295,303,295,300.1,278616
735921,298,306.9,295,300.05,1538837
735922,302.9,303,296,300.05,416012
735923,300,301.2,296.5,300,1607160
735924,297.55,302.15,293.9,299.55,1577808
735927,297.55,304.15,296.3,299.7,3926342
735928,297.3,303.85,297.3,299.95,1466167
735929,297,301.95,297,299.95,466458
735930,297.75,301.4,297.75,299.75,488756
735931,298.1,303,294.6,300.15,1072236
735934,298.35,301.1,298.35,299.6,326485
735935,298.4,300,278.25,284.6,1444049
735936,288.45,291,280.45,288.3,927138
735937,287,297.7,287,295.6,550218
735938,294,312.75,293.5,309.7,1996863
735941,311,317.5,307.75,310.95,4562211
735942,308.9,323,305.55,318.35,1452733
735943,320,333.6,320,330.1,1128952
735944,331,371.9,331,346.7,4909942
735945,350,350.75,335.2,340.6,2541278
735948,336.7,351,336.4,346.85,2022418
735949,348.6,348.6,339.25,345.7,1116148
735950,347.8,356.75,342,349.65,2095792
735951,359.9,359.9,348.8,351.3,632535
735952,351.3,355,349,349.95,1124847
735955,346.6,349.9,331.15,337.55,665799
735956,337.55,341,331.2,336,559387
735957,339.5,339.5,319,332.9,612832
735959,333.05,334.7,321.35,332.85,203378
735962,327.25,333,322,323.9,256233
735963,323.05,325.7,323.05,323.95,375835
735964,324.05,348.7,322.45,336.9,1115608
735965,333.5,340.5,329.85,339.3,103654
735966,335.6,340.6,334.95,337.2,371430
735969,332.5,347.65,332.5,342.4,662811
735970,342,351.6,338.3,341.55,1267514
735971,342,347.3,341.65,342.65,701097
735972,343.35,346,343.05,344.05,1423694
735973,350,350,339.5,343,1173328
735976,338.2,343.85,338.2,342.5,141701
735977,347.95,347.95,338.9,340.7,234783
735978,340.1,342,332.2,339.2,853036
735979,335.35,346.6,335.35,340.1,978890
735980,345,345,337,340,73034
735983,335.2,343,335.2,342.1,529280
735984,340.25,361.25,340.25,353.8,1175942
735985,361.7,375,358.05,365.3,2008557
735986,352.2,364.75,352.2,360.7,1031616
735987,364,373.3,359.45,368.5,1165896
735991,364.2,368.8,360.55,363.65,769937
735992,364.85,381.8,362.25,379.85,1655581
735993,379.85,379.85,368.6,373.6,291433
735994,380.05,386.95,340.1,361.85,2409411
735997,369.8,374.75,368.3,370.1,701024
735998,367,383.75,365.25,376.3,2359736
735999,382.4,385,371,377.55,3751978
736000,377,381,368.2,376.8,1146554
736001,379.4,381,374.8,378.25,1762202
736004,382.7,382.7,367.55,373,1285729
736005,373,373,354.4,369.8,990877
736006,366.25,369.8,356.2,360.95,1316570
736007,362,368.75,338.5,364.1,5133570
736008,367,367,353,358.85,1368567
736011,360.9,373,359.2,370.25,1189914
736013,364.1,369.65,363,364.45,299416
736014,375.7,375.7,366.5,368.25,890896
736015,371.8,371.8,357.2,361.15,1460682
736018,365.9,374,362,367.3,532741
736019,363.1,371,361.5,369.65,10050875
736020,369,374.7,368.05,372.3,594419
736021,358.3,371,347.1,366.5,26541531
736022,364,377,362.1,367.65,2529428
736023,376.7,376.7,364.95,367.55,55928
736025,367.85,370,358.5,359.65,5874084
736026,359,365,355.6,358.7,2287198
736027,359.1,366,358,361.2,1417522
736028,357.65,366.95,357.65,363.9,2582823
736032,361,369,361,364.95,3572715
736033,370.05,376.9,366.55,369.95,3702919
736034,365.25,386,365.25,377.65,2125133
736035,377.25,393.7,377.25,389.25,2822373
736036,388.05,392.85,384.9,387.9,6885531
736039,385.2,389.85,375.25,382.05,647451
736040,381,396.45,375.5,383.95,986793
736041,387.5,389.8,371.4,380.05,714703
736042,379,387.9,378.55,384.75,1484289
736043,386,389,371.5,385.35,2788169
736046,379.3,386.9,375.35,384.45,758862
736047,386,388.4,382.25,387.2,628989
736048,387.2,399.35,387.2,391.45,1151186
736049,390,393.85,375.55,377.2,2527566
736050,378,384.9,374,377.6,3194270
736053,377.1,388.9,377.1,385.45,1219396
736054,386.95,387.95,383.95,385,2820740
736055,386.9,387.6,384,384.95,2214370
736060,394.4,394.4,375.4,379.9,967916
736061,380,385.45,379.85,384.95,1447760
736062,388.7,388.7,369.95,374.4,2327544
736063,375.1,382.9,375.1,380.1,403291
736064,381,381,369,376.55,2466852
736067,376.55,386.5,374,385.25,1103858
736069,381.25,386,373.8,377.15,9375011
736070,378.4,384.8,378.4,380.75,2690538
736071,379.65,381.85,372,374.9,2600023
736074,373,379.8,366.55,370.15,1709456
736075,373.6,374.5,365.2,369.1,931888
736076,370.95,373.8,355.55,367.6,1798356
736077,366.4,373.9,364.8,371.9,793727
736078,368,377,366.1,373.3,749654
736081,375.05,402,371.65,395.55,1590750
736082,390.05,422,387.1,401.05,2235637
736083,404.85,404.85,382.5,395.3,7377483
736084,398.9,402.9,394.5,401.3,1228520
736088,405.1,405.1,384.25,396.3,1385449
736089,398,399.65,387,391,664628
736090,392,398,375.75,385.9,1708594
736091,378.55,388.8,364.4,369.45,2471178
736092,376,393.7,374,388.2,1301327
736095,395.4,395.4,381.3,390.15,2695463
736096,388,391.95,382.45,384.5,2095784
736097,390,405.45,387.2,392.15,5765458
736098,392.15,405,388.75,401.15,6007048
736099,404.3,415.15,401,410,3815210
736102,417.8,419,412.15,418,3231749
736103,415.75,441.75,415.75,430.2,3265200
736104,433.55,473,432.1,448.7,6387911
736105,445.55,447.95,431,434.1,2546070
736106,436.9,438.4,421.3,434.05,1801813
736109,434.6,459.45,426.1,450.7,2468857
736110,448.8,490.6,445.1,462,6941574
736111,450,455.95,425.5,437.85,3299963
736112,436.1,451,418.65,440.75,5983896
736113,440,487.7,436,478.85,49323892
736116,462.1,474.9,437.65,471.45,7329572
736117,465.1,474,445.4,453.8,2758029
736118,454,454.1,414.05,423.95,2216493
736119,424,441,416.3,435.2,1884624
736120,428.2,450.6,421.55,447.1,3604579
736123,442.1,452.7,435,448.05,943253
736124,453.3,457,441.25,448,2181492
736125,451.8,464.2,433,443.3,1762375
736126,448.55,474,447,456.7,2065007
736127,456,456,436.4,441.3,1097347
736130,441.7,461.85,435,455.05,962829
736131,460.2,470.8,451.25,461.4,1425010
736132,464,475,458,473.25,1412704
736133,469.6,469.6,450.3,455.95,2133088
736134,461.3,475,456.1,466.05,1964630
736137,470,486.9,458,482.3,1831179
736138,481.6,484.6,472.1,480.45,1281923
736139,475,478.45,461.15,463.35,2196658
736140,458.35,471.75,452.25,458.95,1639161
736141,456.3,458.9,433,435.8,1393353
736144,431.7,458.45,422.1,449.9,1385228
736145,456.8,459.95,441.25,447,2153742
736146,453.7,453.7,439.75,440.95,763849
736147,448,485,444.1,479.85,1743154
736148,474.5,474.5,456.05,464.5,990766
736151,460,460,446.45,450.15,1204695
736152,445,458,434.7,436.55,2216795
736153,436,453.75,435.5,450.3,1901206
736154,453.7,453.7,438.5,443.2,2607324
736155,446.7,446.7,434,437.55,1537007
736158,442,444.7,435.05,439.05,469796
736159,442.85,449.4,436.2,447.95,1068137
736160,448,450,442.95,447.35,769237
736161,449.55,461.95,441.2,453.45,999809
736162,459.45,476.4,455.35,470.65,1416033
736165,470,470,454.5,460.9,802053
736166,464.9,464.9,437.9,448.75,1480502
736167,454.9,463.3,450.1,458.2,707694
736168,466.3,468.7,445,451.2,906640
736169,455.45,455.45,408.1,419.9,2302847
736172,423.05,434.15,419.9,426.45,2583515
736173,426.05,448.35,426.05,434.75,1508760
736174,439,448.55,437.1,443,2097171
736175,444.3,449,438.05,443.6,1753496
736176,443.7,464,443.7,447.65,1885259
736179,448.9,479.8,447.65,474.75,2894315
736180,478.8,496.7,472.8,480.7,2493858
736181,483,499.65,460.15,465.9,1384919
736182,461,465.8,450.15,452.4,1844075
736183,453.95,460.9,430.05,436.3,2354267
736186,438.2,454.7,437,443.65,2284248
736187,442.1,447.15,436,439.95,1600222
736188,442.45,444.35,435.1,439,837786
736189,437,440.95,430.45,432.25,929098
736190,430,430,402,410.1,2248575
736193,413.4,422.35,407.5,419.85,1046107
736194,422,422,413,415.9,1458538
736195,418.9,418.9,399,406.05,1049220
736196,406.05,415,388.05,403.15,3859556
736197,401,419.8,400,402.85,812612
736200,398,398,366.2,376.35,1667702
736201,377.2,427.25,377.2,402.7,2292969
736202,394.8,402.4,384.95,387.05,1665838
736203,392,403.45,388.45,391.6,1479740
736204,396,398.5,384,390.65,1667970
736207,392.9,436,390.2,399.75,3395039
736208,400,429,398.85,403.1,3469193
736209,410,419.8,393.95,396.25,2487017
736210,400.8,423.9,399,405.05,8191537
736211,411,413.45,402.25,407.55,1206867
736214,411.95,414.4,400.25,404.95,839470
736215,404.05,412.8,395,398,546519
736216,402.15,409,402.15,407.55,1384674
736217,406.6,407.4,386.25,391.2,822857
736218,397.85,398.75,370.1,374.5,2691262
736221,382,400,376.65,398.1,2728038
736222,400,400,382.05,388.8,1791446
736223,388.8,392,377.5,379.9,1161894
736225,384.4,394,381.25,391.05,1665768
736228,386.3,404.3,386.3,401.55,1168980
736229,401,418,399.6,415.15,2773004
736230,409.8,411.6,390.3,394.2,764540
736231,402.05,405.05,392.1,395.75,1915621
736235,399,400.2,362.75,377.05,1988414
736236,374.7,377,341.35,357.6,5933628
736237,356.5,366.7,350.05,355.2,5239314
736238,363,402.6,360,397.4,4290092
736242,399.65,426,397.45,410.15,4108959
736243,414.55,430.7,413.45,426.55,2591448
736244,423,436.75,419.75,430.8,2151696
736245,424,430,402.45,410.05,1896560
736246,414.85,414.95,393.5,403.25,3070800
736249,405.75,407.8,384.4,386.3,1623422
736250,385,401.15,375.75,398.75,2751120
736251,401,413.3,393.5,408.05,1769019
736252,409.85,412,395.7,399.4,1281719
736253,400,412,400,401.75,862437
736256,398.1,416.35,397.45,414.75,1053170
736257,418.8,420.8,402,406.25,1210060
736258,409,414.15,403.85,409.4,941977
736260,413.6,414,385.1,388.7,2801512
736263,390,391.75,378.75,379.95,3704144
736264,377.9,389.75,375,386.55,1794442
736265,382.1,393.9,382.1,390.8,2740936
736266,390.3,392.35,383.5,385.65,3062328
736267,387.2,393.85,386.4,388.95,936263
736270,389.9,398,384.4,387.35,1342210
736271,385.5,392.65,382.2,385.5,1413587
736272,386.9,390.2,374.65,379.65,3477526
736273,375.55,384.7,374,375.2,2333088
736274,372.3,381.65,368.4,379.05,1246267
736277,371,384.5,366.95,380.7,854065
736278,375.15,384,373,380.6,1527057
736279,384,388,381,386.2,133719
736281,379.65,386.5,375.1,376.6,1643481
736284,378,378.95,367,368.65,765715
736285,373,387,371.25,385,1590252
736286,385.5,394.4,382.8,388.55,1239629
736287,389.15,394.3,383.7,393.4,1567652
736288,393.85,394.4,383.3,385,745085
736291,385.45,391.65,379.75,380.75,874396
736292,380.75,383.4,375.65,377,1058472
736294,381,411.2,380,401.05,3576479
736295,403.4,408,396.9,398.65,2802400
736298,395.1,396.9,379.1,384.6,2968670
736299,388.75,394.1,385.05,390.95,2582132
736300,393.3,404,388.5,400.95,2339419
736301,399,399,387.9,391.3,1192888
736302,390,401.9,388,396.3,1221273
736305,403.9,406.9,398.35,403.75,852688
736306,400,409,397.5,402.9,2734836
736307,404,404.7,393.3,397.15,3514687
736308,400.8,402.25,395.2,399.9,1431269
736309,400.1,400.8,388.25,391.35,1540921
736312,394,394,385.85,390.1,1094654
736313,391.05,393.45,387.8,389.1,1416069
736314,390,392,388,389.95,1362116
736315,390,400,388.5,392,1060585
736316,392,404.5,392,398.35,2017434
736319,395,401.95,393.3,400.15,1745319
736320,400,404.35,397.6,400.7,1854441
736321,404.9,420,399.7,417.65,1881454
736322,419.05,423.85,411.55,414.35,1350737
736326,412.1,422.75,412,419.2,639043
736327,415,417.3,412.3,415.15,707962
736328,415.5,436.5,415.5,427.3,1415398
736329,428,434.9,423.1,428.1,1328803
736330,428,428.05,421.5,427.05,162098
736333,427.05,433.6,420.05,430.05,742792
736334,431,434,418.15,421.2,1439356
736335,421.35,426.1,409,410.4,2759344
736336,410.4,414.15,397.25,399.6,1905084
736337,399.75,411.9,394.65,400.2,2344607
736340,396.2,402.4,386.55,395.05,1279479
736341,395.35,399.05,385.3,395.25,2959353
736342,400.45,405.9,395.1,397.8,826077
736343,391,398.25,385,395.25,1472276
736344,395.2,397.9,385.75,388.25,1464603
736347,388,390.4,362.55,379.6,1651128
736348,370.05,378.65,370,374.15,1254181
736349,372.3,374.9,349.75,353.7,1908783
736350,356.25,370.05,353.5,362.55,2866505
736351,363.05,366.75,354,362.65,2732744
736354,365.5,376.05,364.5,367.25,2164750
736356,368,389.1,366.8,382.7,3239841
736357,374,377.9,360.85,369.35,4207840
736358,370,370,359.1,361.2,1300271
736361,367.7,372.4,345.2,369.65,1962826
736362,376.2,376.95,362.85,367.4,1087146
736363,363.1,369.75,354.2,356.2,2146952
736364,360.3,361.5,355.05,356.2,1625492
736365,356.05,366.7,355.25,363.75,1427745
736368,364,369.6,360.05,366.45,534678
736369,362,364.8,356,357.55,1131379
736370,357,362.65,350,354.6,1216081
736371,352.5,370,352.5,356,929625
736372,360,390.9,358.5,384.1,2745053
736375,385,392.6,380.4,388,1314081
736376,386.2,393.9,356,362.75,2279719
736377,366.8,366.8,349.4,352.6,2659608
736378,358.4,366,358.05,363.85,2006304
736379,366.6,375.35,359.55,371.7,2089018
736382,376,377.1,368,375.35,1561365
736383,382.8,385.5,372.2,376.35,1395396
736384,378.5,378.5,358.3,359.8,2050608
736385,359.6,364.65,352.95,361,2039219
736386,364.05,368,360.55,364.85,2143674
736389,364.9,374.6,353.7,356.75,8433496
736390,352.2,375.55,352.2,374.6,1928945
736391,379.3,381.5,363.1,368.05,2380021
736392,369,374.4,363.55,368.5,3723356
736393,368.4,373.2,366.95,371.5,1098458
736397,369,380.6,368.1,378.65,3842695
736398,377.6,380.8,371.45,379.45,731172
736399,379,380.9,375.35,378.3,604062
736400,375.5,382.2,373.1,378.15,1254444
736403,376.1,382.4,376.1,380.55,839168
736404,378.6,378.6,366.2,368.55,647442
736405,366.4,370.8,358.5,367.2,2103946
736406,370.9,373.9,365.75,369.7,1523453
736407,367.45,382.9,367.45,380.65,1931582
736410,382.7,391.9,376.75,386.05,1581087
736411,389.4,394,379.25,390.85,1176522
736412,390.85,392.15,381.35,384.7,1153017
736417,385,385.55,368.7,373.4,1536942
736418,375.6,390,366.15,387.3,1317416
736419,389.15,393,372.65,375.3,2624634
736420,375.95,392,368.1,381.95,6628368
736421,380.9,392.1,376.2,385.6,1668173
736424,385.95,387.9,374.5,382.05,1295034
736425,382.05,382.95,371.55,374.5,1218017
736426,378,378,370,371.35,937244
736427,372.6,374.25,367.65,372.9,830826
736428,371.2,371.9,366.4,369.55,388367
736431,369.95,384.4,368,381.35,956538
736432,381.9,386.8,375.1,384.75,1327927
736433,384.9,400,382.7,385.7,1559006
736438,391.7,410,391.7,396.8,3098537
736440,397.3,397.3,383.65,386.35,2138470
736441,390,390.7,369.6,371.85,2547148
736442,377.8,377.95,370.05,371.7,2181515
736445,374,377.2,363.95,366.8,1512196
736446,372.7,372.7,361.5,363.05,4180713
736447,375,377.95,372.05,375.7,5569018
736448,376.1,380.9,370,370.9,4845442
736449,371.4,376.4,366.05,374.95,1797296
736452,375,378,370.75,375.65,513888
736453,378.2,387.8,378.2,383.65,1588271
736454,381.1,383.95,373.05,374.2,1163890
736455,375,375.85,367.35,369.1,2886701
736456,369.4,374.75,368.1,370.05,1838871
736459,370.05,379.5,369.3,376.9,1087492
736460,378.6,380.65,373,378.8,1433203
736461,375,376,368.4,371,1132201
736462,374.7,375.7,369.6,372.1,1347788
736463,369.6,376,364.65,374.9,1507078
736466,377,387.8,373.6,385.2,1076670
736467,387.7,391.9,383.5,386.4,1156625
736468,385,385,378.3,383.1,672355
736469,383,387,374.8,384.5,1653311
736470,386.7,387.7,375.7,377.55,1324905
736473,378,387.75,375.6,383.5,1258672
736474,383.5,386.5,381.05,384.1,1438075
736475,388.5,397,386.15,394.85,2233412
736476,394.95,395.95,386.1,390.15,3683479
736477,388.15,391.65,385.1,386.85,1512986
736480,387.8,392,384.5,386.05,974484
736481,385,386.9,372.3,374.55,3047490
736482,374.9,386,374.6,384.95,1603029
736483,385.55,386.65,378.65,381.3,888020
736484,383,385.5,377.6,384.55,1858470
736487,384.75,384.75,375.1,375.85,1943252
736488,377.8,377.8,373,374.2,1955783
736489,374.95,379.95,374.95,375.95,1647606
736490,378.4,378.7,373.55,374.7,1857655
736491,374.5,379,371.2,374.5,2062903
736494,375,380.45,372.7,378.25,2936316
736495,382.9,385,378,380.8,3750421
736496,376.7,378.7,363.2,365.1,3083612
736497,364.25,366.4,344,348.2,7619615
736498,349,350.55,334.2,338.65,6119718
736501,340,342,331.1,340.65,3441679
736502,341.1,351.5,339.1,348,4380623
736503,348,349.7,335.25,339,3902447
736504,337.2,337.85,320.6,322,8151254
736505,315,326.45,301.5,324.75,3220531
736508,321.3,328.95,321,327.65,2131020
736509,330,340.8,329.15,338.55,2636717
736510,341.8,346.05,339.45,343.95,4078375
736511,343.95,347.6,340.7,345.05,3240202
736512,345.1,353.3,345.1,350.2,1729211
736515,354.8,358.6,351.1,355.3,1610426
736516,358.8,360.65,353.4,358.3,2132580
736518,357,358.75,349.1,350.95,1761615
736519,350,350.8,340.25,344.8,1959699
736522,349.8,353.05,347.3,351.65,1540886
736523,353.85,358.8,349,350.3,1710174
736524,352.6,353.55,343.75,352.7,1137492
736525,351.75,354.4,349.45,353,1156677
736526,354.45,358,349.55,353.3,1542062
736529,353,359.35,350.95,357.65,1133441
736530,357.4,363.45,352,356.8,1768022
736531,356.8,361,353.1,354.9,1580433
736532,355.4,355.7,352,352.6,766068
736533,352.6,363.95,350.9,361.8,1027883
736536,362.65,371.45,362.2,366,1115580
736537,366.5,371.9,360.5,363.4,1427705
736538,368,383,361.95,380.55,2649643
736539,381.1,413.7,380.45,400,4249348
736540,400.6,402,392.05,395.4,1137050
736543,396.7,408.5,394.15,396.2,2200406
736544,399.95,406.3,386.55,387.7,2649418
736545,388.4,399,388,395.9,1256722
736546,396,396.8,388,392.65,2785908
736547,390,397,388.1,389.25,2020303
736550,391.95,394.95,379.25,381.5,1152412
736551,380.7,388,376.7,384.95,2240139
736552,384,386,376,378.35,1009414
736553,378.3,378.7,365.25,368,1128123
736554,368.7,374.05,361.5,366.1,1029376
736558,368.05,370.8,342.3,350.05,4412401
736559,353,353.15,345.55,348.7,2556095
736560,352,352,344.2,347.85,1625259
736561,349,349,339.25,342.35,2427693
736564,346,347.85,338.4,339.7,2945778
736565,337.3,347.75,337.3,346.2,2189366
736566,346,349.45,342.55,346.65,943469
736567,347.5,348.3,338,339.35,1160464
736568,341,349,341,346.85,1664446
736571,348,348,336.25,338.05,824483
736572,338.95,346.7,336.1,345.15,1424732
736573,345,353.25,344.4,350.75,1824862
736574,347.5,357.1,341.65,343.75,1279911
736575,344.85,350.95,340.15,343.7,1944767
736579,343.7,348.35,338.4,347.2,768989
736580,347.9,351.75,344.35,349.35,1189628
736581,349.35,361.5,349.35,357.6,1352844
736582,360.7,364.15,349.25,351.3,973739
736585,347.85,347.85,341,343.3,1069599
736587,340,348.3,340,342.6,1748146
736588,344,347.75,341,344.75,1472694
736589,345.95,354.85,345.85,351.55,2705753
736592,348.6,351.55,345.3,348.75,1306652
736593,349.9,359.35,345.45,355.95,2102455
736594,355.1,375.8,355.1,372.65,3491757
736595,378,387.8,371.2,375.1,3252622
736596,375,382.95,368.65,370.65,2201774
736599,368.3,370.9,363.3,365.35,1611661
736600,364.9,370.25,354.7,358.5,1615207
736601,357,367,355.55,362.8,1316601
736602,363.3,375.8,360,371.35,2818900
736603,373.3,373.8,361.3,365.3,3708103
736606,369,369,357.1,362.75,1705477
736607,366.7,372,361.25,369.2,2454810
736608,370,378.8,364.65,376.25,1198100
736609,380.45,384.95,378.4,381.3,1483313
736610,382.95,382.95,369.55,370.9,482329
736613,375,379,369.8,377.45,679980
736616,373.05,375.4,369.1,374.35,999257
736617,374.9,380.2,363.35,365.2,6824730
736620,365,366.25,355.75,359.45,508817
736621,358.25,363.85,351.25,355.35,1485171
736622,357,362.65,354.05,358.15,1023638
736623,359,370.15,358.95,367.3,1208734
736624,369.7,369.75,357.6,363.65,4690632
736627,365.15,375.95,363.2,369.8,3950044
736628,380,384.9,369.5,379.35,12096587
736629,380.9,380.9,365.95,370.45,1317261
736630,365.65,367.8,351.9,353.75,1624686
736631,354.15,358.5,343.25,345.65,1749736
736633,346.55,350.9,346.15,347.5,115599
736635,352.7,358.4,347.55,355.45,2667615
736636,353.9,371.7,350.1,366.3,2891687
736637,367.95,384.5,364.05,380.9,2638220
736638,379.95,382.15,359,364.05,1707365
736641,369.9,369.9,353.1,355.4,2078073
736642,355.9,365.5,354.4,360.65,2131933
736643,347.5,367.4,325,362.4,1454174
736644,366,393.25,364.5,387.5,1824118
736645,378.55,381.85,361.25,365.2,1765780
736649,359.05,373,354.6,364.85,2823359
736650,368.95,368.95,355.2,360.1,1746528
736651,360.9,369.95,354.6,358.85,1390095
736652,355.8,359.3,347.15,351.9,3429846
736655,353,364.5,351.2,359.65,1520242
736656,360.15,364.95,357.35,359.45,2316275
736657,361.05,363.75,356.3,360.2,2133468
736658,358.9,363.9,355.9,360.4,1568627
736659,360.9,363.1,355,355.6,1238720
736662,355,366.2,355,363.5,841894
736663,363.55,373.25,363.5,369.8,1114201
736664,371.5,378,360.25,375.45,2388842
736665,374.8,394.8,372.6,386.55,3321889
736666,385.1,393,381.4,385.9,2368627
736669,384.9,396.05,381.75,386.05,1838202
736670,386.55,388.95,377,381.7,1076456
736671,381.95,384.4,376.95,378.9,2016751
736672,380,382.8,369,370.25,1371210
736673,372.9,372.9,355.8,358,3412062
736676,359.6,362.25,350,351.6,2470643
736677,352,357.5,350.9,355.4,1208736
736678,356.1,361.9,354.9,356.35,913114
736679,356.35,359.15,350.25,351.1,3049464
736680,356,357.5,351.75,355.65,3328776
736683,357.45,357.45,344.05,344.95,1535516
736684,345,349.8,342.15,345.45,2721620
736685,347.75,349.5,335,335.95,1882967
736686,335.5,340.5,334,337.2,1364857
736687,337,339.25,331.9,336.4,941552
736690,336.5,339,325.1,326.85,1358368
736691,325,333.9,324.25,331.85,463046
736692,332,345,332,338.9,1619388
736693,338.7,343.8,338.15,341.9,1098631
736694,343.1,345.45,336.5,343.45,1445937
736697,344.95,346.85,342.05,344.2,569696
736698,344.2,345.95,338.15,341.5,1121894
736699,342,354,337,352.35,2191385
736700,349.2,353.5,343.55,350.1,1530517
736701,351.9,357.4,351.05,354.25,792191
736704,354.25,355.3,347.75,349.2,210597
736705,351,355.4,349.6,353.55,1066409
736706,352.7,358,351.45,353.25,1590588
736707,357.8,361.05,353.9,358.85,1760215
736708,357.05,358.65,351.4,353.8,901856
736711,354,358.85,352.55,355.55,368089
736712,355.7,358,350.4,353.3,670873
736713,352.85,354.5,349.2,350.55,587389
736714,350.2,359.9,348.85,358.25,1209153
736715,357,357.85,350.45,353.2,766197
736718,352.15,352.9,346,346.8,1309561
736719,350.95,352.55,344.3,350.65,1219473
736720,354.75,354.75,348.45,351.75,1602532
736722,352.25,356.7,352.25,353.9,570512
736725,351.55,356,327,328.7,3144910
736726,333,333,282.7,293.8,17048162
736727,293,303.4,289.6,294.35,7891966
736728,294.4,296,286.6,292.5,7705049
736729,294.2,303.95,294.2,299.85,7370171
736732,303,308.35,300.65,304.55,3337319
736733,304,312.4,299.15,301.3,5227806
736734,300.5,311,299.25,310.05,3978420
736735,311,322.45,308.75,319,6834703
736736,320,323.75,313.9,317.05,3484508
736739,318.2,324.6,317.25,320.5,1831990
736740,323,323.5,315.6,318.75,2197759
736741,319.05,327.75,318,323.75,4532295
736742,323.2,323.75,316.7,319.25,3318662
736743,320,321.05,306,307.75,3909443
736746,308,310.3,306.2,308.75,1472524
736747,308.7,309.85,294.15,295.6,4464223
736748,296,303,296,300.75,4005464
736749,301,303.5,295.95,297.9,5179738
736753,300,300.95,287.1,288.15,5404804
736754,290.05,294,281.75,284.25,12472499
736755,285,292.05,285,288.95,5145017
736756,292.4,293.75,287.8,289.8,2879156
736757,295,310,294.05,307.9,12442632
736760,308.85,312.75,305.75,310.1,5737310
736761,310.4,314.9,309,310.1,3416663
736762,311.5,311.5,306.35,309.95,1818529
736763,306.7,308.9,303.1,305.15,2492122
736764,308.95,312.8,306.05,308.45,3372496
736768,313.9,315,307.5,310.05,2549708
736769,312,312.8,308.05,308.9,2640194
736770,311,311.75,309.25,310.5,1573157
736771,312,312.1,305.65,309.7,4625028
736774,307,314.45,303.65,308.8,2111748
736775,310.9,314.5,310.35,313.45,1647977
736776,312.9,317,310.45,312.95,3928598
736777,316.3,317,312.5,313.55,1674503
736778,313,314.55,309.25,310.4,1346006
736781,312.9,315.3,307.4,312.55,1775015
736782,315,323.9,313.7,318.65,5338059
736783,320.8,340.85,320.1,336.85,13686074
736784,337.45,339.45,331,336.7,3987511
736785,327.8,328.9,322.5,325.9,1861425
736788,325.9,332.3,318.75,329.55,2166039
736790,330.1,343.7,328.65,337.7,4885545
736791,336.1,340.75,325.4,339.15,2801379
736792,338.1,348.7,333.6,347.6,2517255
736795,348.5,360.9,348,357,4076623
736796,355.9,362.95,353,355.55,4051807
736797,357.5,372.3,352.15,367.05,4281035
736798,371,371,350.6,355.05,1641083
736802,355,355.5,340.5,344.35,1496125
736803,343.15,350.9,330.75,336.9,6099634
736804,337.05,347.75,333.75,346.7,3381242
736805,345.9,346,341.7,342.7,2561493
736806,346,356.3,345.85,352.85,2027577
736809,354,360,349.5,358.25,2949867
736810,362,377.3,357.95,375.25,4440724
736811,377,377.5,364.25,367.3,3226103
736812,363.05,369.55,361.4,366.8,1340486
736813,365.55,368.5,353.35,354.7,1431794
736817,354.7,358.9,349.3,354.2,4267681
736818,357.6,365.55,353.9,363,1939983
736819,364.8,365.6,360,363.35,1316836
736820,360.85,370,358.5,366.6,1981269
736823,368.05,370.9,363,364.45,686159
736824,356.35,371.25,356.35,365.9,2151177
736825,360,369,360,366.65,2254910
736826,368.4,381.65,366.5,378.3,3254041
736827,378.8,379.25,369.8,374.7,1559224
736830,375.8,375.8,368.65,371.05,761032
736831,371.15,380.85,370.05,376.55,1346372
736832,377.6,396.5,375.1,389.9,2268036
736833,388.4,388.85,377,378.9,2014628
736834,381.1,387.5,374.85,378.95,2031322
736837,383.7,389.3,376.15,387.95,2772691
736838,385,390,378.4,379.85,3811223
736839,379.85,382,367.2,369,3134390
736840,369.1,376.35,365.85,373.5,7287977
736841,370,377.2,366.3,369.95,1918463
736844,370,381.4,367.7,379.35,3887542
736845,379.35,379.85,365.65,372.25,1273594
736846,374.25,374.35,360.65,366.6,3613527
736847,370.1,379.45,369.8,376.25,2505966
736848,376.45,382.9,371,374.65,1334349
736851,381.3,384.9,375.6,382.45,3563721
736852,383,388.9,379.8,383.15,2537956
736853,385.75,388.6,379.7,383.2,1610112
736854,383,383.1,374.8,379.85,1107704
736855,379.85,384.75,377.1,382.65,1545424
736858,380.55,386,376.8,384.75,1660758
736859,385,389.85,379.55,384.2,1863956
736860,382.7,387.4,381.45,386.1,1317476
736861,385.3,389.1,370.65,374.8,2369536
736862,374.8,384.65,373.25,375.1,2699975
736865,376,383.9,373.5,376.55,2163886
736866,377.15,381.5,375.7,377.1,1331396
736867,377.5,378.1,370.5,371.7,2388975
736868,372.2,376.5,371,375,1120673
736869,377.35,378.55,371.05,372.15,2156583
736873,373.7,375.9,368.8,373.3,1850097
736874,372.6,379.95,371.1,376.45,1768602
736875,379.9,382.5,374.25,378.2,5450689
736876,375,377.05,371.25,374.55,980667
736879,374.5,399.9,374.45,397.75,4181712
736880,399.8,405.9,396.6,401.55,2412278
736881,397.75,405.75,397.75,403.05,1039605
736882,403.55,416.2,398.6,414.7,2220499
736883,413,414.65,402.15,404.35,2673281
736886,415,415,404,410.3,1255267
736887,410.3,414.55,405.25,409.85,2575028
736888,410,422.35,405.6,420.3,4389373
736889,420.95,421.9,407.25,410.6,3111485
736890,413.7,418.45,408.65,417.8,1575033
736893,417.8,420.3,415.7,418.65,1083121
736894,414.15,424.75,414.15,418.2,2192538
736895,417.9,422.9,412,415.15,1493859
736896,412.2,414.95,404.55,406.1,1825907
736897,406.9,411.75,401.25,410.3,1371671
736900,413.3,415.45,403.35,408.9,2056890
736901,414.9,425,413.45,415.65,2965248
736902,412.65,414.9,407.55,413.5,1488819
736903,417,417,409,411.05,2796607
736904,413.9,413.9,398.65,403.9,2250006
736907,398.65,406,395.25,401.4,3107036
736908,401.4,407.05,398.75,403.7,1633983
736909,402,407,395.3,397.85,2252956
736910,399,407.5,396,403.95,3426255
736911,400,408.9,399,406.55,2078958
736914,406.5,408.5,395.6,397.85,2453089
736915,389,389.8,380,383.6,12856633
736916,379,385.4,379,381.7,2750683
736917,380.3,387.9,378.95,382.45,3050083
736918,376.1,383.75,376.1,382.3,2645105
736921,385.9,385.9,378.5,379.85,2677716
736923,382.5,383.8,377.9,382.9,1986044
736924,388,388.75,378.55,379.35,1591863
736925,381,396.75,379.95,395.3,4427161
736928,395.7,396.55,382.65,386.6,1956668
736929,386.9,396,385.65,387.85,2609604
736930,389.9,389.9,380.75,382.8,1201788
736931,382.9,387.8,380.3,383.9,1863817
736935,387.55,388.8,382.75,386.7,1402650
736936,387.6,387.6,377,380.3,1102703
736937,383.95,385.85,379.6,384.75,838089
736938,386.8,387.55,367.05,375.2,7483962
736939,376.3,381.85,375.3,379.7,1242702
736942,380,380.6,375.45,377.75,751845
736943,378.55,379.25,368.2,371.85,1819271
736944,372.25,373.5,367.5,371.45,1404720
736945,371.45,373.9,368.4,370.15,1122445
736946,374.4,374.65,368.65,370.65,2528475
736949,371.5,372.15,366.5,369.5,731573
736950,369.5,370.8,363.65,370.1,2831964
736951,371.6,374.35,366.4,370.65,4210770
736952,370.9,373.95,368.5,370.05,1571003
736953,374.65,382.9,369.65,374,11439738
736956,374.5,392,374.5,389.1,2752803
736957,390.75,399.9,388.15,398.3,1956748
736958,396.7,400.95,393.05,393.95,1469249
736959,395.9,399.55,386.6,387.65,2118175
736960,386,394.55,385.2,390,1615279
736963,388.75,397.4,387.3,391.35,2575008
736964,394,394,373.85,376.4,1827778
736965,379.8,386.4,376.25,382.65,2082260
736966,380,395.7,375,392.6,2458127
736967,393.6,411.7,393.05,398.4,5139940
736971,404.9,410.2,399,408.5,4036851
736972,408.5,419.65,408,416.5,3456681
736973,412.1,413,402.65,404.65,1920244
736974,407.8,409.9,399,399.95,2028197
736977,402.8,405.95,397.55,398.5,1385786
736978,398.5,404.55,398.5,399.85,2029807
736979,403,414,401.9,410.5,5104904
736980,412.8,438,402.7,432,10400395
736981,434.95,455,432.8,449.95,16946705
736984,455.95,474.25,450.6,471.5,9404756
736985,468,482.8,467,479.2,9080336
736986,476.7,482,460.05,461.75,3847393
736987,462,464.4,458.35,460.25,234833
736991,460,468.85,445.25,449,3468772
736992,448.05,459.85,437.85,453.3,3495103
736993,458.9,464.35,450.8,452.15,2720627
736994,451.5,465,436.45,455.4,2343242
736995,453,454,415,418.55,4527007
736998,423.7,435,421.7,429.7,4402673
736999,428.5,448.35,419.2,442.15,5952903
737000,446,452,422.4,426.55,3573242
737001,428,428.7,415.6,418.65,2632114
737002,419,421.3,412.05,413.75,1624837
737005,417.15,429,413,424.05,3603506
737006,427.05,432.95,420.5,427.05,3101792
737007,432,439.6,430.1,435.15,4412381
737008,438.45,443.45,424.45,429.2,4969389
737009,423.85,432.6,421.7,426.75,3348288
737012,429.4,429.4,405.25,415.5,3422752
737013,406,406.4,391.5,396.95,131335426
737014,396,399.4,375.15,377.65,3278094
737015,381.1,392.5,380.35,384.65,5469875
737016,387.45,388.8,376.55,380.15,3328012
737019,385.4,392.9,381.7,383.7,6432184
737020,386.4,386.95,381,383.55,3626367
737021,385.8,385.8,373.6,376.45,5752823
737022,381.15,386.4,373.1,374.6,4561646
737023,378,382,376.4,380.8,2487171
737026,381.25,387.7,378.4,386.6,2416421
737027,383.15,387.35,376.05,377.85,4127842
737028,376.8,384.9,376.45,384.15,6010951
737029,385,387.9,380.6,383.7,12955743
737030,387,388.4,382.85,385.95,3519059
737033,386,388.45,375.1,376.5,1423770
737034,374.15,380.45,371.25,378.55,2141034
737035,378.25,378.25,366.5,370.35,2172920
737036,367.6,384.9,367.15,382.35,1768073
737037,380.05,381.55,372.35,373.7,3146713
737040,377,377.9,367.2,368.05,3031658
737041,369,369,354.25,355.4,3321358
737042,357.5,362.9,355.15,357.7,2362236
737043,358.2,362.9,355.1,356.65,2052442
737044,358.05,361.45,353.3,354.5,2416817
737047,353.75,361.9,347.1,357.75,2963083
737048,357.5,363.9,357.5,362.5,1737412
737049,362.5,366.7,362.5,364.25,2111646
737050,364.95,365.85,360.25,361.6,1507477
737051,361.25,365.35,358.75,363.95,2856053
737055,363,370.5,362.65,369.6,1649408
737056,369.5,371,365.25,367.5,1199421
737057,367.5,371.8,364.5,368.15,4295438
737058,369.7,380.55,367.1,378.75,4216334
737061,379.9,379.9,368.35,369.95,1788442
737062,371,380,370.1,378.8,4093118
737063,379.7,383.45,376.45,378.65,2009516
737064,381.8,381.8,377.25,379.05,4247055
737065,381.45,381.45,371.5,372.6,1576172
737068,372.6,376.45,372.05,374.4,1754188
737069,370.15,376.85,367.2,368.4,1659015
737070,368.5,373,364.6,370.8,4204087
737071,371,371.75,363.9,367.75,2373477
737072,364.05,376.95,364.05,374.8,2834284
737075,374.5,378.5,369,370.5,1038566
737076,373.45,375.35,366.15,367.95,1797985
737077,365,373.2,360.85,366.1,2996802
737078,365,365.05,342.25,343.8,4256014
737079,346,348.55,339.25,346.05,7653870
737082,344.5,349,339.8,343.5,6688121
737083,344.4,345.5,337.85,339.4,5668180
737084,339,345.85,338.45,342.3,4933761
737085,342.1,348.8,340.55,343.45,4683283
737089,343,355.65,340.5,353.4,4249433
737090,352.2,354.6,342.1,344.45,3724844
737091,345,353.95,343.2,351.55,3997015
737092,352,354,343.5,346.85,3045857
737093,342,349.6,341.8,344.85,4467011
737096,336,354.1,330.05,349,2690533
737097,339.4,349.2,328.15,344.95,1662550
737098,348.05,353.9,336.15,338.55,3376135
737099,341,351.95,340,349.2,1436457
737100,342.9,349.15,339.05,341.5,3050243
737103,345.4,346.15,336.25,338.25,3252157
737105,339.55,340.4,325.25,327.4,7362307
737106,329.1,336.9,327.25,331.05,3526872
737107,334.4,334.4,322.55,327.55,2397216
737110,330.85,333.4,325.1,329.85,2593948
737111,332,335.75,322.7,334,2348949
737112,334.9,339.5,332.5,338.05,2192907
737113,335,338.05,330,333.85,8407719
737114,332.1,344.4,330.05,340.4,3108532
737117,344.75,348,335.9,344.45,11037220
737118,346.9,349.35,339.95,344.8,6738482
737119,340,351.4,338.9,346.7,41050485
737120,348,352.2,342.25,345.2,3367869
737124,342.5,342.5,335,339.15,2294182
737125,339.8,340.45,328.8,331.95,10597788
737126,331,336.6,327.65,329.45,10039533
737127,331,344.45,324.5,331.2,7186625
737128,332,338.1,328.85,333.15,5488752
737131,335.5,343.6,332.65,339.5,6680146
737132,336,350,336,349,2491061
737133,345.9,346.7,337.55,339.15,2244680
737134,340,344.85,336.25,337.9,1354562
737135,339,343.4,332.5,334.45,3780358
737138,334.95,337.15,320.05,325.35,2261162
737139,325,343.95,323.45,341.9,5524750
737140,345.8,345.8,336.3,337.15,2825185
737141,337.4,344.45,330.9,335.2,2264722
737142,330,344.9,329,342.5,2991192
737145,340,346.3,339.15,343.95,1353062
737146,346.7,346.7,332.75,336.55,3190225
737147,337.5,342,331.05,336.15,7045038
737152,336,344.4,335.9,337.65,1643242
737153,336.5,342.3,334.5,339.15,1165314
737154,337,338.95,335,336.95,1385801
737155,337.55,340.5,330.25,338.05,3807792
737156,338,342.85,335.35,338,5575268
737159,338,340.2,336.25,337.2,5696918
737160,339,341,332.1,335.45,3470927
737161,336.05,339.9,335.55,337.45,3468729
737162,339.2,341.55,335.95,340.7,2136706
737163,341,348.45,336.9,339.7,2358332
737166,334.5,343.4,334.5,340.05,4175047
737167,342.2,343,330.4,334,2797188
737168,335,338,334.5,336.05,2881187
737169,337,338.6,334.4,335.95,2579826
737170,337.4,337.4,326.4,331.1,1307014
737173,332,332.6,324.5,328,2475687
737174,327,334.6,315.65,329,4979271
737175,338,338.95,322.3,325.45,4998560
737176,326.5,327,310.5,316.1,6209388
737177,316.15,324.65,313.35,320.25,4360743
737180,317.1,321.9,312,313.1,3440871
737182,314.95,318.4,312.35,313.8,5741657
737183,311.35,327,311.35,324.95,4395421
