733554,449,449,275.68,302.38,7944970
733555,312.35,319.5,290.15,296.57,3502126
733556,280.82,310.95,280.82,304.07,3304710
733557,309.7,309.7,288,299.73,1338538
733558,302.7,303.5,269,285.85,2524234
733561,302.75,307.5,285.35,290.4,413280
733562,298,301,277.57,289.85,314566
733563,298.93,298.93,273.75,276.05,652900
733564,276.5,294.4,266.2,281.2,477830
733565,283.5,287.35,272.2,284.4,147840
733568,287.5,287.5,262,274.4,642398
733569,287.75,287.75,273.5,275.2,116236
733570,280,280,264,265.25,175586
733571,255.5,263.5,255.35,259.73,101458
733572,257.13,262.5,250.6,252.95,247868
733575,255,259,244.73,247.32,123184
733576,245.23,255,241.3,253.35,142952
733577,255.05,265.5,250,258.23,211010
733578,250.1,263.5,250.1,256.27,280966
733579,253.5,259.5,246.8,256.05,153312
733582,250,257.45,249.5,251.15,179776
733583,247.5,253,235.57,239.5,348262
733584,225,251,225,248.65,145066
733585,259.95,259.95,234.53,244.48,370468
733586,232.95,238.43,217.5,226.98,521218
733589,227,229.98,222.68,225.18,230012
733590,225,228.5,216.5,223.55,340394
733591,215.07,228.98,215.07,226.75,490592
733592,222.5,224,195.07,204.3,616336
733593,201.75,216.5,200.5,210.5,124174
733596,212.5,220.5,212.5,217.75,261416
733597,209.05,219.95,207,217.25,524244
733598,223,228.45,220,225.88,209494
733599,225,266,220.53,249.23,494042
733600,254,254.05,241,249.98,270676
733603,257.5,257.5,240.5,250.82,220828
733604,240.18,248.9,238.5,239.93,89516
733605,250,250,222.07,227.5,825630
733606,237.5,242.48,230.5,233.8,249604
733607,230.5,236.5,227.5,232.05,143226
733610,237,252.5,235,249.45,647426
733611,245.07,252,242.53,247.53,50084
733612,257.07,264.5,249,259.5,233938
733613,253.1,267,253.1,260.32,53294
733614,251.63,262.5,251.63,254.98,108408
733617,250.13,262.35,250.13,257.77,61754
733618,253,257.5,250.68,254.7,19828
733619,241.98,262.48,241.98,259.88,17340
733620,250.57,269.5,247.3,266.85,88782
733621,258,266.45,253.5,258.82,477716
733624,255.03,262,255,259.5,29630
733625,252.85,265,250.5,263.3,1170088
733626,262.55,285.7,262.55,281.13,214046
733627,283,287.2,272.5,280.02,111972
733628,275.6,284.5,274,275.95,31966
733631,277,288.5,276,284.68,48652
733632,284.93,287.45,274.25,276.68,32786
733633,271.5,287.5,271.13,285.45,55164
733634,281.02,285.5,277.57,282.93,264920
733638,277.43,280,266.48,275.7,208540
733639,277.4,277.43,266.13,273.73,40584
733640,268.57,286.5,268.57,272.13,50636
733641,267.5,277.5,256,260.07,36664
733642,253.05,271.5,253.05,265.93,335592
733645,285,285,263.57,270.95,76718
733646,270.5,275,265.05,274.52,821724
733647,277.45,292.5,274.4,289.4,947664
733648,288,295,282,291.85,742012
733649,289,295.13,284.35,294.1,267284
733652,292.15,295,286.32,292.9,333252
733653,297.15,304,293.5,301.52,662448
733655,296.8,309,295,305.15,477774
733656,304.77,307.48,295.57,303.48,253384
733659,306,309.45,298.02,299.45,48668
733660,293.57,302.5,292.6,296.07,79202
733661,295,312.45,293.65,309.8,434372
733662,308,311,305,308.6,570700
733663,309.98,320.95,303.8,316.2,475238
733666,303.35,312.23,303.35,307.63,158070
733667,302.63,311.25,301,310.25,143608
733668,304.55,312.5,293.55,304.27,192132
733669,286,314.75,279.5,308.57,303032
733670,312.5,312.5,301.15,303.9,539446
733673,303,309.48,301.5,303.75,120532
733674,305.9,305.9,293.63,302.9,329288
733675,296.75,305.5,280.55,290.7,457884
733676,284.98,304.95,280.75,299.38,182118
733677,293.25,299.9,293.25,295.8,229704
733680,295,298.93,279.5,285.5,203790
733681,274,304.95,267.63,297.45,520334
733682,300.5,308.5,285.65,300.02,108674
733684,290.68,299.35,285.13,288.48,108260
733687,278,300,278,287.15,307560
733688,289.52,300.5,280.1,291.32,92226
733689,277.5,285.98,248,272.07,172266
733691,250.55,262.45,212.5,231.32,416644
733694,228.5,263.95,225,257.25,306206
733695,263.5,295.32,262.5,270.3,366402
733696,261.52,272.5,229.75,264.6,312878
733697,249.65,275,249.65,267.73,358194
733698,257.57,274.93,253.5,261.82,50122
733701,272,280,255.7,270.75,352356
733702,268,282.5,266.9,280.45,31448
733703,271.75,281.95,262.48,269.38,63520
733704,263,272.4,251,264.98,44392
733705,258.02,263,228.03,232.45,465810
733708,227.53,240,217.5,234.1,401294
733709,275.95,275.95,242.5,252.68,9932
733710,253.5,277.5,240.5,265.52,213912
733712,277.5,281.5,267.6,272.45,1382300
733715,275,275,247.5,249.23,2133996
733716,250,253.5,227.5,234.85,682536
733717,240,240,220.3,222.25,260494
733718,217.5,217.5,205,208.48,529930
733719,210,211.8,204.5,205.13,311872
733722,208,217.25,207.63,212.93,145362
733723,212.5,212.5,196,201.68,224798
733724,202,203.32,183.05,189.48,211054
733726,202,202,183,185.57,1094948
733729,185.5,185.5,177.5,179.98,39104
733730,182.45,187.5,171,176.93,45778
733731,175,184,172.5,182.53,60348
733732,180,182,166.5,172.48,818846
733733,171,171.5,166.48,169.53,62798
733736,175,177,161.13,165.07,63120
733737,177,177,156.8,158.93,703532
733738,164.9,167.45,152.75,164.38,256078
733740,153.5,164.82,153.5,160.82,266224
733743,162.03,163.57,149.5,154.03,108130
733744,131,153.53,131,150.95,189834
733745,155.95,155.95,148,151.9,86130
733746,152.4,158.25,152.4,155.32,132250
733747,153.1,158.38,153.1,157.48,71818
733750,165.35,170.45,161.15,166.3,71698
733752,169.88,175.5,162.55,169.9,473982
733753,167.68,179,167.68,177.57,124280
733754,176.5,208.5,168.13,195.85,815932
733757,209.5,209.5,197.53,205.18,339600
733758,200,220,198.13,206.6,256670
733759,210.48,214.5,192.6,198.18,550124
733760,191.15,209.43,191.15,205.38,211272
733761,204,210.88,200.05,202.15,46868
733764,206,210,201.53,206.85,114722
733765,201.25,207,201.25,204.07,31248
733766,198.25,201.5,195,197.3,202950
733768,194.25,198,185,187.65,141886
733771,194.5,194.5,180.23,185,272240
733772,198.5,198.5,187,193.53,97602
733773,195.03,198.95,191,195.55,107800
733774,203.5,205.5,188.5,204.88,233344
733775,204.7,210,199,207.9,228864
733778,205.57,237.85,205.57,220.07,172624
733779,215.13,220,212,217.35,750950
733780,216,219.95,201.63,203.63,158166
733782,195,219.85,195,213.85,53202
733785,205.63,218,205.63,213.85,137724
733786,224.2,224.2,212.63,217.65,100156
733787,218,220,215.5,219.03,60782
733788,212.5,224.4,212.5,221.82,205650
733789,213,239.95,212.5,230.93,902654
733792,240,251.63,232.5,249.5,563006
733793,245,245,226,228.23,2022640
733794,229.1,229.1,220.07,226.6,99786
733795,234,238.85,227.95,236.13,137360
733796,232.03,237.5,223.95,228.78,77130
733800,225.03,232.98,223.5,226.55,141224
733801,227.5,234,225.6,231.15,27780
733802,235,243.98,229,238.78,153730
733803,236.25,242.32,231.43,237.38,76136
733806,235,246.85,231.53,233.23,99956
733807,233.5,237.5,222.1,229.95,79792
733808,237,237,225.55,228.6,15206
733809,226.5,230,220.57,228.23,34452
733810,223.05,230,223.05,227.43,42290
733813,229.5,231.43,223.15,229.2,92966
733814,234.93,238.5,231.18,233.28,57956
733815,228.05,234.35,227.03,228.2,35550
733816,230,242,227.1,239.13,379400
733817,241.5,245,236.1,238.1,73634
733820,237.9,245.75,231,232.45,233440
733821,227.55,238.98,227.55,237.88,60106
733822,235,252.5,230.55,247.75,347700
733823,250.53,254.5,246.3,248.57,358458
733824,244.5,250.9,240.57,249.82,73526
733828,242.48,249.5,241.85,246.93,546162
733829,243.5,255.93,243.5,254.98,239478
733830,255,269.5,255,263.02,160526
733831,267.3,269.25,259.98,267.52,133898
733834,262.63,267.5,246.25,253.1,215294
733835,251.82,251.82,241.1,243.07,208748
733836,243.5,248,240.57,245.43,100634
733837,245.03,254.5,242,243.6,221602
733838,242.5,246.5,238.5,243.38,37982
733841,247,250,239.03,247.03,85854
733844,248,260,245.07,258.55,199918
733845,270,270,257.5,260.05,449728
733848,262.5,269,256.63,267.8,309960
733849,263.05,273.5,263.05,271.25,625784
733850,273,292.48,273,288.8,294598
733851,289,291.98,277.5,280.85,155582
733852,275,284,265.02,279.1,318890
733855,289,292.5,280.5,289.88,167890
733856,294,303.93,292,294.27,186714
733857,292.48,314,286.5,307.98,224696
733858,312.5,318,304.4,309.68,376858
733859,306.75,317.5,306.75,312.2,268320
733862,308.5,318,296.1,305.2,241620
733863,307.55,320,290.5,309.23,392742
733864,312.18,319.55,308.5,317.2,134160
733865,317.5,322.55,301.15,320.38,676900
733869,320.5,339.75,318,327.73,274188
733871,316,326,315.5,317.8,239294
733872,321.5,325.95,301,303.57,323116
733876,306.5,314.35,298,302.77,290508
733878,267.5,318.5,267.5,317.63,724044
733879,320.63,332.5,319,329.43,559992
733880,331,338,327.55,332.73,241452
733883,332.5,344.9,321.52,324.15,184268
733884,322.5,340.5,307.77,316.15,131668
733885,323.5,330.52,315.07,317.2,142414
733886,317.5,322.35,312.52,318.57,176932
733887,322.5,322.5,306.25,313.18,118702
733890,311,320.5,306.5,307.55,372174
733891,312.5,315,300,312.25,205160
733892,310.05,325.5,309.95,320.82,285044
733897,321,339.95,312.2,331.3,944340
733898,332,347.5,332,341.4,659158
733899,335,347.5,335,342.27,996092
733900,342.35,353,336.05,338.32,149186
733901,347.25,349.95,337.52,339.95,126478
733904,342.5,347.25,330,340.5,86922
733905,338,347.5,333.15,342.73,262990
733906,342,369.5,342,368.77,536804
733907,366,403.5,366,397.38,1410732
733908,400.5,404.5,392.5,396.48,391282
733911,405,456,405,444.82,24786
733912,449.25,487,427.55,451.65,735690
733913,433.05,449.5,430.5,441.2,219202
733914,435,472.25,435,463.15,851928
733915,455,494.98,453.05,470.5,1170386
733918,465,480,465,474.25,179104
733919,487.5,500,445,463.18,412844
733920,465,475,450.52,456.63,511556
733921,458.3,487.48,450.07,475.48,698418
733922,484.05,530,480.38,517.13,4015782
733925,514.25,555.5,490,530.88,813230
733926,532.4,555,520.05,541.65,371870
733927,549.98,568.25,538.58,558.92,769830
733928,558.5,564.75,538.55,550.38,391896
733929,575,579.5,551.35,566.7,443622
733932,562.42,564.92,524,539.52,376082
733933,535,539.73,511.05,521.77,348844
733934,544.98,555.5,515.52,533.2,540582
733935,533.5,545,509.95,522.7,275758
733936,520,539.9,495.1,503.4,114848
733939,500.57,510,497.5,501.45,153010
733940,500.5,500.5,471.45,497.75,71102
733941,493.02,513.75,485,504.68,140168
733942,496,515,460,489.02,154972
733943,495.05,499,472.4,487.25,171340
733946,485.07,489.5,475.07,477.68,98148
733947,476.73,479.23,467.5,469.4,75932
733948,470,493.5,468.02,480.65,522092
733949,483.02,494.85,478.15,489.2,323684
733950,497,512.5,491.5,502.05,129872
733953,497.5,528,497.5,522.2,194090
733954,515.05,528.33,489.45,501.52,421102
733955,495.3,510.95,475.27,504.6,122422
733956,504.2,504.2,480.02,489.1,156766
733957,484.95,502.5,484.95,492.43,72416
733960,482.5,499.5,467,480.7,76888
733961,482.5,505,453.27,494.8,294782
733962,492.5,507.4,476.98,486.57,74774
733963,486.5,505,486.5,500.43,666790
733964,505,515.95,504.02,507.65,494958
733967,504,517.45,491,509.65,71094
733968,513,545,512.52,534.05,523392
733969,537.5,561.48,531.5,545.05,304326
733970,557.5,605.5,555.27,573.65,931362
733971,579.5,602.5,565.52,576.8,469334
733974,587.5,598.25,582.5,592.6,639096
733975,597.5,600,587.6,594.92,113016
733976,595.9,614,577.67,582.77,375408
733977,589.75,593.75,570.05,585.52,133176
733978,590,603.92,581.55,593.9,208858
733981,592,614,592,599.98,1872824
733982,605,612.85,596.27,611.1,357704
733983,609.5,609.5,586,602.27,489240
733984,642.5,642.5,592.5,609.17,688816
733985,619,632.2,605,610.88,524828
733988,612.83,679,612.83,650.83,617802
733989,654,674,640.5,660.92,1213240
733990,664.42,675,640,643.33,232870
733991,643.33,649.98,616,630.65,409046
733992,617.5,624.85,577.5,587.9,530660
733995,600,609,520.05,536.42,576416
733996,538.5,563.98,526.52,549.52,499750
733997,538.05,562.5,525,546.05,456532
733998,552.5,574.5,525,565.38,530534
733999,565.5,583.5,550.58,561.2,212190
734002,550,574.3,536.05,556.55,345548
734003,565,573.42,550.52,570.6,132046
734004,565.75,574.65,535.1,549.83,134480
734005,550,562.2,546,553.73,447454
734006,562.5,573.4,552,563.88,266340
734009,572.4,580,556.52,564.13,1110592
734010,550,577.5,526.05,567.3,671022
734011,568.5,584.45,564,573.3,460302
734012,575,583.88,570.67,577.63,481062
734013,584.5,609.5,575.5,603.67,517072
734016,602.5,610,589,607.85,519948
734017,610.5,627,606.05,612.38,545470
734018,601.5,633.83,581.1,588.1,488036
734019,598.95,612.33,595.55,606,611800
734020,611,619.55,603,617.23,220750
734023,618.5,639,618.5,637.3,596588
734024,640,645.13,628.23,630.48,142578
734025,620,630,610.52,617.52,160114
734026,610,627.5,609,617.8,138620
734027,626,642.5,614.23,637.75,723434
734030,641,653,630.58,641.17,377674
734031,650.77,692.5,646,683.3,621096
734032,690,709.85,681.02,693.73,567218
734033,697.5,715,685,706.85,471722
734034,706.5,736,706.5,728.8,430424
734038,715,767,715,742.98,753038
734039,754.5,757.83,734.5,737.63,275318
734040,739.5,740,716.2,729.88,317906
734041,730,737.55,720,723.63,130058
734045,650.5,737.4,650.5,717.3,263090
734046,723.95,750,718,747.38,358608
734047,752.5,773,738.1,754.88,350106
734051,751.5,772.45,734.05,738.83,323438
734052,743.92,756,731.1,751,198960
734053,751,767.5,743.55,765.85,303874
734054,770,779.5,742.6,773.1,245828
734055,780,813.92,780,794.8,747516
734058,799.5,832.5,799.5,818.3,638164
734060,818.3,832.5,780.1,802.35,656612
734061,825,827.5,773.5,777.83,1372928
734062,781,796.25,732.83,739,1777292
734063,742.98,753.13,738.5,746.25,154088
734066,751.85,761.45,743.5,750.8,660966
734067,754.4,754.4,731.5,736.55,573330
734068,733.5,739.85,712.5,726.9,360034
734069,732.65,745,730.15,735.6,538070
734072,735.5,742,717.5,732,328716
734073,722.5,731.9,712.5,723.88,240432
734074,720,728.5,711.13,715.5,186828
734075,700,710.55,684.05,699.02,465498
734076,707,734.5,683.05,694.08,318974
734080,739,744.08,697.5,705.55,637500
734081,721.25,729.67,710.02,721.42,560626
734082,722.5,737.23,712.58,732.58,243454
734083,737.92,752.5,720,727.8,287074
734086,730,742.5,727.83,734.8,493346
734087,750,750,724.65,728.08,517950
734088,730.05,740,719.3,736.33,351288
734089,733.98,740.45,722.58,728.33,211308
734090,727.5,736.83,723.5,731.2,185282
734093,734.95,769,732.5,754.48,593992
734094,762.5,769.45,752.5,759.7,330318
734095,762.48,767.5,745.25,750.63,309912
734096,759.35,762.4,741.55,752.3,305230
734097,752.3,760.5,740,750.55,212288
734100,755.5,758,743.25,745.45,321978
734101,756.5,763.5,744.5,753.27,320282
734102,756,776.5,747.5,771.27,461090
734103,774,801,768.27,776.5,790378
734104,765.5,799,751.77,788.8,352200
734107,799,810.92,776.67,785.23,334580
734108,796,824.5,788.5,818.95,787540
734109,830,851.5,822.63,845,1086236
734110,850,857.42,832.63,843.15,397916
734111,848,848.5,818.5,823.27,170406
734114,835.4,839.23,805.7,811.85,200822
734115,816,826,811.17,823.02,139766
734116,825,849.4,811.15,837.33,328860
734117,840,846.85,814,820.4,428648
734118,820.5,866.15,820.2,862.63,1188072
734121,862.5,894.35,855.5,891.92,1094226
734122,894,899.75,865.08,871.13,598338
734123,871,876.83,851,865.2,405022
734124,867.6,873,860.08,864.58,148374
734125,862.5,871.85,850,852.4,155014
734128,852.5,855.5,818.6,829.8,479118
734129,832.9,854.65,832.9,848.63,416520
734130,852.5,860,851.58,853,432474
734131,858.5,868,843.08,852.45,600412
734136,856,863.9,839.15,841.6,398890
734137,842.55,855.05,829.5,849.7,584370
734138,837.5,885,837.5,877.4,761254
734142,882.5,886.48,862.52,866.02,381510
734143,874.4,878.58,855,870.02,463938
734144,875,875,852.58,856.58,465832
734145,861.5,864.5,837.55,841.55,329288
734146,842.05,849.92,820.02,827.63,365802
734149,831.5,839.9,820,834.77,404664
734150,847,859.42,838.08,851.85,846940
734151,862.5,873.73,839.02,853.8,1135900
734152,857,864,845.75,854.6,467964
734153,857.5,866.5,850.67,863.45,270482
734156,867.5,874.5,856.4,867.85,241558
734157,874.95,892,867.58,888.13,619738
734158,894.95,918.27,889,910.27,853970
734159,902.63,912.5,891.13,899.05,209810
734160,890,896.33,875.55,893.4,260942
734163,893.1,899.25,860,865.95,261602
734165,865.5,867.5,828.5,835.15,1644682
734166,849,854.42,836,841.8,680108
734167,835,916.3,830.13,873.85,464352
734170,873.85,880.5,851.5,856.73,168158
734171,869.98,873.5,837.5,842.6,525016
734172,849.5,859.33,845,854.95,377452
734173,852.25,856.25,835.5,841.77,369372
734174,825,848,813.45,841.88,302740
734175,841.5,873,841.5,860.65,32278
734177,865,868.1,843.17,849.58,159104
734178,851.85,869.5,845,864.3,168510
734179,868.5,898.88,868.25,886.6,779576
734180,892.5,899.48,871.25,894.38,479316
734184,895,907.5,889.5,896.33,147662
734185,905,905,887,898.75,1731120
734186,900,937,900,919.58,793208
734187,922.6,922.6,900,906.25,406316
734188,900,912.5,890,903.3,619224
734191,915,917.52,893,900.67,313468
734192,890,905,849.2,860.9,632356
734193,861,879.4,852.5,873.73,365186
734194,856.23,878.45,852,856.17,314076
734195,864.73,913,858.63,908.83,674478
734199,913.9,931.5,905.63,924.23,771972
734200,925,945,925,939.23,872996
734201,940,951.75,936.6,945.23,626382
734202,949.5,955,940.05,950.52,246820
734205,955.25,966.5,948.52,957.23,439490
734206,950.85,959.45,932.63,937.13,266824
734207,933,947.5,917.5,924.95,383774
734208,924.95,934.2,898.05,913.05,458692
734209,915,927.5,907.77,921.05,385242
734212,924.95,927.5,912,914.8,134402
734213,916.67,921,907,910.8,199060
734214,920.73,920.73,901.6,905.17,266604
734215,912,926.23,906.05,920.08,569932
734216,925,937.55,923,932.45,353294
734219,925,929,920,925.9,228770
734220,936,936.15,921,924,222806
734222,930,945.85,922.65,940.3,779012
734223,951,997.5,945,988.95,1103806
734226,985,1027.47,981.25,991.88,1039710
734227,995,1009.85,985.75,990.5,420602
734228,995,1022,989.9,1007.4,546246
734229,1002.5,1014.3,995.1,998.55,283844
734233,1005.5,1055,1002.5,1047.95,766322
734234,1050.53,1056.95,1014.25,1020.3,602132
734235,1022.5,1047,1022.5,1038.72,496710
734236,1033.5,1047.97,1030.67,1037.42,365374
734237,1039,1049,1031.53,1034.15,404902
734240,1041.35,1044.97,1027.5,1037.05,252930
734241,1037.5,1056,1036,1048.95,546386
734243,1050,1061.35,1036.53,1044.38,535712
734244,1040,1042.22,1019.35,1025.25,445960
734247,1021,1025,1002.52,1005.4,276458
734248,1002.1,1052.35,1002.1,1037.72,542440
734249,1042.63,1058.92,1040.35,1046.65,482284
734250,1045.9,1063.4,1038.3,1057.28,484232
734251,1058,1066.85,1047.92,1053.67,259954
734254,1050.1,1062.5,1040.13,1042.2,328098
734255,1048.5,1054.45,1009.4,1013.98,709040
734256,1007.5,1036.5,997.48,1032.63,488144
734257,1042.47,1049.5,1021.5,1039.4,635406
734258,1049.5,1054.72,1024.3,1046.67,783198
734261,1047.5,1069.5,1037.5,1047.3,425426
734262,1064.85,1064.85,1031.53,1035.22,238912
734263,1020.58,1040,1015.5,1036.78,235210
734264,1036.78,1060,1014.67,1033.28,265376
734265,1025,1037.15,1013.1,1028.9,305300
734268,1040,1063.95,1035.4,1060.7,629406
734269,1066,1081.5,1053.17,1062.97,712450
734270,1063,1077.5,1043.05,1072.75,1242476
734271,1086.13,1107.5,1073.75,1101.83,979350
734272,1105,1111.7,1084,1092.08,514696
734275,1085,1087.5,1058.05,1083.47,244978
734276,1082.5,1094.88,1073.03,1091.1,288866
734277,1085,1089.9,1062.58,1070.83,351366
734278,1087.3,1091.08,1062.92,1068.2,235480
734279,1048,1066.5,1046.5,1049.38,409132
734282,1070,1072.53,1018.13,1026.22,273618
734283,1015,1019.5,999.35,1009.27,526362
734284,1024,1052.47,1007.58,1041.38,268088
734285,1041.38,1071.22,1031.2,1057.4,368552
734286,1072.5,1095,1062.6,1081.7,379634
734289,1082.5,1113.45,1079,1104.67,295674
734290,1103.25,1107.38,1076.8,1081.8,268900
734291,1082.05,1109.5,1082,1102.67,213716
734292,1112,1123,1096.17,1099.25,409208
734293,1099,1114.5,1091,1092.55,220548
734296,1084,1099.2,1066.05,1092.15,459810
734297,1090,1108.5,1085.33,1097.33,268598
734298,1101,1107.5,1093.05,1097.2,185366
734299,1097.2,1137.5,1097.2,1121.35,297672
734300,1149.5,1151.5,1125,1147.47,312528
734303,1149.5,1157.5,1135.55,1141.65,1106972
734304,1132.75,1150,1120.5,1144.05,328256
734305,1147.03,1153.83,1134.25,1142.65,218148
734306,1132.8,1145.75,1127.5,1145.05,297102
734307,1147.5,1149.95,1130.75,1140.78,431352
734310,1145.78,1162.5,1145,1158.42,335330
734311,1145,1170,1134.4,1165.33,231730
734312,1165.33,1183,1157.5,1175.72,257114
734313,1163.8,1223.55,1163.8,1204.5,438226
734314,1219.5,1219.5,1191.97,1206.8,286650
734317,1202.5,1239,1198.05,1229.25,325042
734318,1229,1252.5,1229,1241.6,692334
734319,1225,1250,1221,1243.8,426954
734320,1225,1254.4,1212.6,1247.28,271988
734321,1245.5,1249.4,1222.67,1227.55,328564
734324,1205.63,1248.75,1205.63,1222.47,189234
734325,1214.6,1234.95,1208.53,1218.95,388570
734326,1217.5,1227.45,1200.65,1204.83,248692
734327,1207.22,1215.45,1197.55,1201.17,401288
734328,1209.38,1214.95,1200,1210.5,220308
734331,1217.5,1219,1198.1,1204.45,295396
734332,1205,1210,1198,1200.47,207616
734333,1202.5,1262.5,1200,1219.4,1012406
734334,1224.5,1255,1207.75,1211.03,482162
734335,1212.5,1217.4,1202.5,1204.67,244870
734338,1200,1206,1195.5,1200.3,204190
734339,1208.5,1212.53,1196.05,1199.05,247346
734340,1201.08,1213.47,1201.08,1206.83,519016
734341,1213,1249.25,1213,1245.25,2494590
734342,1260.4,1262.45,1227.58,1235.1,868786
734345,1245,1273,1231.5,1264.22,563644
734346,1264.5,1333.03,1264.5,1327.08,1087146
734347,1330,1359.4,1325.05,1350.83,1034156
734348,1356,1367.42,1313.58,1347.92,1358768
734349,1344,1351.5,1335,1344,218962
734352,1350,1374.95,1350,1362.75,369336
734353,1367.5,1377.45,1348.38,1356.6,307384
734354,1359,1370,1351.25,1359.85,241084
734355,1364.5,1382.5,1353.5,1360.42,342286
734356,1361,1372.45,1351.5,1355.85,195416
734359,1355.1,1372.5,1347,1352.65,216022
734360,1359.4,1360.47,1320.5,1325.25,558106
734361,1334.5,1334.5,1275,1278.83,806788
734362,1275,1324.95,1267.25,1317.5,406438
734363,1320,1339.4,1320,1329.9,371840
734366,1332.5,1349,1308.63,1330.4,383502
734367,1335.75,1346.3,1318.6,1325.63,359658
734368,1330,1343.5,1326,1340.7,229532
734369,1352,1398.5,1352,1376.78,825680
734370,1374.47,1409.3,1367.5,1397.33,607202
734373,1400,1404.45,1383.28,1387.65,237912
734374,1390,1430,1377.5,1424.33,504792
734375,1424.5,1431.47,1392.8,1399.2,384928
734376,1409.5,1409.5,1385,1389.7,602172
734377,1386.6,1414.5,1386.6,1392.2,294368
734380,1406,1410.85,1387.58,1398.08,361248
734381,1390,1390.85,1340.13,1365.88,753372
734382,1400.03,1400.03,1368,1374.58,535990
734383,1382.5,1402.38,1377.5,1391.67,561608
734384,1399.63,1444.95,1395.05,1435.5,794898
734387,1447.5,1514.95,1442,1502,2062484
734388,1520,1535,1494,1498.7,868062
734389,1501.3,1512.75,1457.4,1480.6,364405
734390,1487.3,1498.85,1450,1459.4,946019
734394,1468,1479,1457.1,1469.1,388852
734395,1475,1512.35,1466.05,1472.35,558162
734396,1475.65,1500,1464.1,1469.8,593461
734397,1475.05,1479.85,1448.05,1450.7,201890
734398,1458,1469,1442.2,1445.75,290122
734401,1448,1466,1433,1459.15,381176
734402,1478,1478,1447,1458.4,350946
734403,1458.4,1464,1427.4,1443.3,325482
734404,1449,1453.8,1431,1440.45,357569
734405,1435,1452,1435,1448.45,276635
734408,1455,1488.6,1448.5,1455.6,655687
734409,1453,1468.7,1445,1450.85,342982
734410,1459,1497,1456,1491.2,602713
734411,1499,1510,1453.15,1469.9,1509551
734412,1483.9,1553.7,1481.05,1547.45,1227714
734415,1560,1590,1523,1534.75,676587
734416,1534.75,1589,1534,1581.7,626141
734417,1600,1615,1576,1596.35,838536
734418,1604.1,1608.5,1562.5,1567.95,569318
734419,1580,1585.05,1537.05,1547.25,376487
734422,1553.35,1574.9,1541,1552,317440
734423,1560.05,1560.05,1516.1,1523.75,229551
734424,1534,1554.9,1519,1543.35,580179
734425,1543.35,1558.4,1517.75,1523.7,275079
734426,1522.9,1532.7,1501,1504.9,160446
734429,1508,1529.5,1475.15,1519.7,427943
734430,1525,1554.5,1499.5,1514.45,820662
734431,1525,1538.65,1476.15,1487.15,360140
734432,1504.9,1507.9,1483.45,1490.2,516303
734433,1503,1503,1480.1,1486.55,215762
734436,1496,1501.7,1483.5,1490.1,470099
734437,1498,1510,1485.7,1498.8,280632
734438,1498,1504.4,1473.5,1479.1,251033
734439,1470.5,1502,1470.5,1488.95,622140
734440,1497,1525,1479.15,1510.95,387939
734443,1535,1543,1517.1,1530.75,516743
734444,1525.1,1555,1523.1,1548.75,476305
734445,1560,1592.35,1555,1582.35,545780
734446,1590,1614.5,1587,1610.35,465092
734447,1615,1622,1600,1614.35,69699
734450,1622.85,1630,1592,1600.45,365781
734451,1603,1615,1587.55,1610,286397
734452,1612,1615,1560.55,1574.6,278634
734453,1600,1600,1553.35,1567.8,207356
734454,1560,1620.95,1552,1581.45,366423
734457,1587,1614,1579.5,1590.85,225528
734458,1598,1605.95,1513.35,1560.1,359416
734460,1551,1585.75,1547.05,1561.2,259202
734461,1566,1584.4,1548.05,1562.45,263234
734464,1566.5,1604.95,1556.3,1598.1,189556
734465,1589,1649.45,1573.45,1638.45,591216
734466,1638.45,1665,1600.05,1611.15,475289
734467,1616,1664.9,1615.9,1633.75,553817
734468,1634,1639.7,1585.1,1613.25,338237
734471,1602.5,1616.05,1566,1592.7,499108
734472,1591,1591,1548.2,1576.6,622836
734473,1576.1,1594,1562.2,1571.2,424563
734474,1593,1593,1551,1574.3,568642
734475,1569,1615.5,1556,1600.15,481616
734478,1602.05,1623.9,1578.1,1585.45,263658
734479,1587,1610,1580.35,1606.9,337664
734480,1600,1610,1555.05,1565.7,316922
734481,1560.15,1568,1525.3,1532.65,609800
734482,1521,1521,1459.15,1490.55,1110037
734485,1502,1503,1467.05,1496.85,308913
734486,1502,1506.8,1476.05,1493.45,321540
734487,1497,1497,1460,1470.15,449175
734488,1475,1475,1430,1454.35,736330
734492,1455.1,1478,1441.05,1451.5,517605
734493,1465,1487,1441.1,1452.1,837077
734494,1468,1468,1438.25,1444.9,549227
734495,1457.65,1457.65,1437.2,1445.1,276262
734496,1450,1450.05,1430,1444.9,219556
734499,1450,1462.8,1445,1456.75,205415
734500,1466,1474.75,1455.5,1467,310062
734501,1470.1,1487.9,1460,1484.3,300716
734502,1491,1491,1467.35,1480.15,399133
734503,1485,1549,1480.15,1541,740992
734506,1557,1564.65,1470,1476.5,982492
734507,1479,1484.8,1420.65,1429.8,1781719
734508,1430,1430,1368.3,1374.5,1518567
734509,1383.2,1391.25,1321.7,1327.85,2462539
734510,1330,1352,1302,1316.6,2314796
734513,1327.9,1331.85,1256,1261.75,1396888
734514,1273,1321,1273,1305.7,1530693
734515,1316,1322.5,1265,1286.95,1263340
734516,1292,1310,1277.45,1286.55,633826
734517,1286.1,1295.2,1237.2,1246.8,582403
734520,1244,1276,1223.45,1268.4,563657
734521,1270.25,1299,1267.2,1294.7,508333
734522,1293,1325,1275,1321.8,2156558
734523,1322.1,1340,1287.6,1300.2,1113436
734524,1302,1329.3,1295.3,1313.3,739175
734527,1327,1338.7,1305.05,1307.35,262029
734528,1315,1320.1,1286.5,1294.35,335407
734530,1310,1318.4,1275,1286.15,816579
734531,1289,1289,1245,1260.65,476550
734534,1250,1263.8,1165.65,1245.95,444674
734535,1269.6,1274.4,1236,1246.1,387073
734536,1254,1262,1205,1214.3,644948
734537,1214,1229.8,1201.2,1209.55,663136
734538,1214,1250,1212,1226.8,796378
734541,1230,1233.4,1204.4,1217.8,197837
734542,1230,1254,1212.1,1239.2,501472
734543,1226,1231.15,1190,1204.15,819790
734544,1190,1228.3,1190,1209.9,482022
734545,1200,1269,1200,1255.9,441480
734548,1265,1304.9,1261.35,1298.5,451725
734549,1307.4,1558.15,1291.9,1328.1,1026155
734550,1335,1350,1318,1332.1,267440
734551,1335,1359.2,1330.05,1351.25,499086
734552,1351.25,1362.9,1325.2,1339.1,1018163
734555,1330,1345,1322.85,1335.75,555142
734556,1336,1352.2,1321.1,1329.8,687636
734557,1326,1330,1304,1307.2,598564
734558,1306,1306,1255.3,1264.3,833565
734559,1292,1294.9,1245.25,1282.25,643336
734562,1285,1320,1258.5,1269.15,460075
734563,1276.7,1340,1276.7,1335.5,725413
734565,1335,1369,1324.45,1350.1,693914
734566,1384.8,1389,1367.4,1376.9,828802
734569,1368,1374.9,1344.6,1365.45,391399
734570,1372,1396.5,1366.05,1390.6,429662
734571,1399,1419.9,1392,1417.05,696814
734572,1409.7,1413.15,1393.35,1401.3,216107
734573,1395,1401.3,1353,1374.15,235351
734576,1370.05,1392.9,1354,1383.3,419990
734577,1354.1,1388,1341.15,1365.95,221618
734578,1381.85,1387.15,1366.1,1372.35,283084
734579,1362,1386,1350,1358.95,158326
734580,1368,1385,1350,1358.35,251842
734583,1358.5,1369.25,1342.55,1355.5,154595
734584,1361.9,1370,1356.25,1362,93168
734585,1363,1378.05,1348.9,1359.95,211796
734586,1362.55,1374.5,1346.75,1354.45,172216
734587,1370,1386.5,1351,1381.2,286138
734590,1390,1412.45,1385.05,1402.6,333428
734591,1400,1422,1400,1406.9,327406
734592,1419.9,1430,1407.1,1420.95,518724
734593,1433,1474,1421.9,1463.25,976586
734594,1478,1481.9,1448.05,1458.95,431413
734597,1472,1474.4,1440,1456.95,446712
734598,1458.7,1458.7,1433.75,1438.15,451815
734599,1440,1465,1435.95,1451.6,280888
734600,1459.95,1459.95,1436,1440.25,323494
734601,1448.9,1450,1407.6,1416.95,371850
734604,1410,1410.1,1369.6,1382.1,307606
734606,1376,1404.95,1363,1398.75,443721
734608,1395.25,1425,1386.25,1419.65,208812
734611,1430,1453,1420.5,1437.8,451399
734612,1430.2,1460.95,1419.4,1452.55,469376
734613,1460,1479.4,1443,1474.4,306158
734614,1480,1484.15,1460,1465,341855
734618,1465,1484.2,1463,1477.7,168382
734619,1477,1490,1452.6,1485.6,222698
734620,1489.9,1495,1466,1474.45,274411
734621,1476.55,1495,1470.95,1477.7,391248
734622,1473,1500.5,1450,1474,477427
734625,1478.3,1496.35,1425.25,1440.55,386419
734626,1426.15,1455,1357.25,1367.15,679514
734627,1362,1362,1287.45,1303.35,1205843
734628,1304,1313.55,1273.7,1285.9,745379
734629,1290,1325,1270,1319,446238
734632,1330,1341.8,1288.1,1295.9,323265
734633,1297,1326.5,1283.35,1310.85,297707
734634,1315.8,1329.95,1299,1319.25,313478
734635,1318.8,1340,1301.25,1308.45,377341
734636,1310.1,1363,1301.3,1336.6,329942
734639,1328.9,1331,1294.3,1299.65,284556
734640,1302,1320,1285,1310.15,345369
734641,1317.1,1329.8,1260.3,1287.4,2270962
734642,1300,1309.8,1286.3,1292.9,582485
734643,1298,1335.4,1294,1330.8,594444
734646,1320,1323,1297.1,1305.05,363973
734647,1327,1327,1301.5,1311.55,249414
734648,1309,1309.1,1282.1,1290.25,514221
734649,1299,1307,1285.05,1297.05,493544
734650,1301,1322,1288.2,1316.5,460670
734653,1320,1336,1305.15,1327.9,283192
734654,1327.9,1354,1327.9,1344.5,395629
734655,1346.2,1364.9,1325,1335.6,577275
734656,1325,1374.8,1310.6,1368.5,669185
734657,1375,1389,1367.15,1375.8,360138
734660,1360,1368.9,1338,1361.7,214882
734661,1360,1360,1339.4,1350.05,246553
734662,1351,1352,1325,1330.9,172948
734663,1338.5,1344,1321.4,1333.4,173463
734664,1336,1338.8,1319.2,1324.85,222635
734667,1334.9,1347.9,1328,1345.1,301987
734668,1345.25,1377,1345.25,1373.65,301741
734669,1378,1379.2,1362.35,1369.7,387760
734670,1365,1365,1340,1344.95,340304
734671,1340.25,1364.45,1331.25,1342.7,175279
734674,1333,1343.7,1295,1311.8,413744
734675,1320,1329,1306.25,1321.35,363199
734676,1325.65,1347,1321.5,1342.45,124333
734677,1344,1399.85,1326.6,1336.55,159166
734678,1340,1395,1339.95,1387.75,568712
734681,1391,1444,1375,1383.3,656355
734682,1389.7,1425.25,1380.05,1420.1,269656
734683,1394,1419,1385,1401.85,545318
734684,1414.8,1420.75,1396,1407.1,621078
734685,1432.1,1438.8,1405,1423.15,215369
734688,1452.8,1452.8,1420,1424.45,176103
734689,1425.9,1445,1422.4,1427.7,270435
734690,1417,1443,1417,1437.25,242012
734691,1433,1464,1428.5,1455.95,413183
734692,1462.5,1476.5,1452.5,1459.8,284939
734695,1460.05,1463,1439.65,1452.1,243921
734696,1440.5,1455,1415,1425.85,203996
734697,1435,1458,1430.2,1451.8,234212
734698,1459,1463.2,1406.3,1430.7,1165031
734699,1415.3,1429,1406,1422.2,308621
734702,1425.65,1435,1410,1416.9,214540
734703,1428.7,1443,1413.3,1434.75,271726
734704,1440,1448.2,1417.05,1424.55,174533
734705,1427,1433.75,1410,1419.5,213747
734706,1430,1450.2,1427.55,1448.55,242857
734709,1449.4,1456,1431.25,1446.4,329369
734710,1446,1453.85,1417.05,1425.75,291149
734711,1425,1445.05,1418.4,1434.4,301919
734712,1433.5,1453,1418.25,1448.35,257304
734713,1447,1482,1430.8,1469.6,520835
734716,1472.5,1497.4,1472.5,1486.4,340907
734717,1479.45,1504.85,1476,1484.8,355385
734718,1461.1,1474,1446.55,1454.65,315262
734719,1455,1459.4,1412,1419.65,242418
734720,1397,1419.8,1356.25,1398.55,290820
734723,1362.25,1447.3,1362.25,1415.7,439840
734724,1359,1468.9,1356,1426.2,598448
734725,1441,1493.65,1427.5,1486.05,589716
734726,1475,1484.5,1449.95,1456.85,363465
734727,1465,1468.95,1440,1454.55,423239
734731,1460,1471.9,1448.5,1456.35,259015
734732,1465,1473.05,1435,1452.4,236156
734733,1450.25,1457.95,1403.2,1437.75,497113
734734,1413,1454.5,1400.85,1427.15,450277
734737,1429.8,1491.8,1401.25,1481.25,550604
734738,1485,1570.5,1470,1544.85,708844
734739,1559,1565.9,1491.75,1516.05,546455
734740,1520.25,1560,1502.2,1517.4,624893
734741,1515,1542.5,1480,1503.7,488399
734744,1505,1617,1505,1573.55,1010232
734745,1589,1590,1548.4,1573.55,643577
734748,1639,1639.5,1586,1628.1,679766
734751,1624,1689.7,1612.35,1667,712904
734752,1670,1694.85,1628.1,1643.7,586133
734753,1645.7,1672,1631,1640.45,407606
734754,1638.2,1648.9,1601.8,1625,472420
734755,1628,1650,1623.15,1625.45,297225
734758,1606,1620,1565,1573.35,358546
734759,1584.95,1626.65,1573.55,1600.15,389232
734760,1605,1642.6,1580.5,1629.3,794550
734761,1635,1642.5,1606,1628.6,316196
734762,1630.25,1638.45,1610,1626.15,317907
734765,1629.85,1631,1592.2,1601.95,278761
734766,1607,1630,1605.3,1628.1,291674
734767,1628.15,1633.5,1595.1,1603.1,263863
734768,1595,1595,1536.6,1542.35,565257
734769,1535,1565.6,1520.85,1548.6,508073
734772,1551,1551,1485,1509,468201
734773,1525,1550,1509.4,1545.4,483498
734774,1545.85,1545.85,1502.3,1515.4,821979
734775,1505,1548.3,1494,1539,564047
734776,1530,1565.45,1514,1535.95,386423
734779,1525,1548.9,1502.45,1519.5,474547
734780,1519.5,1533.15,1477.2,1493.6,482145
734781,1501.9,1514.5,1482.3,1497.95,289106
734783,1517.4,1538.5,1489.1,1503.1,414572
734786,1495.1,1572.9,1493.1,1553.55,420110
734787,1568,1589.5,1568,1578.75,648631
734788,1585,1616.95,1557,1586.25,626689
734789,1586.5,1604.9,1577.05,1586.3,303763
734790,1586.3,1639.95,1580.05,1633.4,310643
734793,1648,1662.65,1626.25,1654.35,320667
734794,1635,1649.95,1598.55,1607.65,261766
734795,1624,1648,1621.5,1636.65,509465
734796,1643,1655,1555.15,1613.55,1371301
734797,1629,1654.95,1614.4,1641.3,692109
734800,1662,1706,1656,1694.4,645780
734801,1705,1764.8,1678.65,1751.65,515279
734802,1755.25,1766,1752.1,1757.6,109807
734804,1799.7,1823.55,1751,1756.7,487888
734807,1763,1769.65,1721.25,1729.9,319157
734808,1728.4,1750,1691,1713.5,317896
734809,1705,1747.95,1700,1718.6,460966
734810,1728.25,1735,1703,1727.9,203849
734811,1769,1769.3,1710,1744.75,396363
734815,1738,1753.9,1717.15,1724,186399
734816,1735,1747,1704.3,1715,422171
734818,1715,1754,1696.55,1745.55,360380
734821,1757,1774.9,1732.6,1737.85,251453
734822,1735,1756,1706,1716.25,220537
734823,1725,1740,1690.05,1725.7,232273
734824,1725,1737.8,1712.1,1718.2,239797
734825,1710,1727.9,1685.05,1692.4,237212
734828,1681.5,1698.75,1615,1623.25,381310
734829,1629.95,1633.05,1580,1600.1,620320
734830,1599,1611.95,1565.8,1600.05,434677
734831,1601.8,1676.9,1567.55,1654.8,770419
734832,1650,1673.8,1630.45,1639.25,711745
734835,1647,1666.85,1597.65,1617.9,602501
734836,1616,1656,1604.4,1649.1,637470
734837,1648,1689,1631.45,1669,549026
734838,1700,1729.8,1696.65,1703.85,427820
734839,1695.25,1720,1678.55,1714.55,572981
734842,1715.4,1725,1685.1,1700.3,294590
734844,1714.9,1731.6,1688.35,1724.45,445761
734845,1723.9,1739,1715,1728.1,674181
734846,1719,1719,1656.5,1670.35,496143
734849,1694,1694.55,1618,1631.1,383792
734850,1612.35,1668,1612.35,1659.85,312977
734851,1660,1685,1640.05,1649.1,585662
734852,1638,1660,1626.25,1651.65,330750
734853,1653,1707.9,1635.3,1650.75,646551
734856,1650.75,1657.9,1626,1641.1,347378
734857,1654.95,1661.85,1594.9,1600.65,497259
734858,1630,1630,1567.6,1614.3,575749
734859,1591,1620,1582.15,1611.75,410356
734860,1620,1620,1588,1598.55,315520
734863,1599.1,1619,1593.25,1611.15,199783
734864,1615,1634.3,1600.95,1625.5,278288
734865,1626,1642.7,1596,1609.85,270036
734866,1599.95,1612.4,1594.3,1602.35,467321
734867,1612,1616.4,1581.2,1591.4,253010
734870,1600,1600,1442,1475.5,1562234
734871,1477.7,1503.2,1450,1494.5,1571131
734872,1500,1500,1414.55,1425.55,1409364
734873,1425,1474,1420,1468.6,706451
734874,1451.65,1473.05,1441.1,1456.75,610087
734875,1468.9,1468.9,1445,1448.45,40007
734877,1441,1448,1408.65,1422.35,642117
734878,1425.95,1464,1425.1,1429.5,785660
734879,1436.9,1464,1428,1456.9,579709
734880,1463,1486,1456.9,1475.6,401787
734881,1487.85,1489.15,1420.9,1430.75,781805
734884,1430,1444,1407.2,1423.55,961687
734885,1427.1,1462,1427.1,1452.5,844361
734886,1465,1472,1440.1,1454.75,574832
734887,1466.5,1482.4,1425,1467.75,1758437
734888,1470,1575,1461,1561.35,2163086
734891,1561.35,1591.65,1551,1574.55,678084
734892,1580,1597,1555.85,1580.65,565749
734893,1584.95,1609.6,1568.9,1587.85,705819
734895,1598,1601.05,1524,1539.75,934981
734898,1534.95,1560.95,1526,1550.2,441162
734899,1569.75,1610,1532.2,1601.3,895498
734900,1621,1639.8,1585.2,1610.8,567315
734901,1620.3,1625,1588,1607.45,570411
734902,1609,1636,1602.05,1611.85,408579
734905,1633.9,1647,1615,1640.7,534972
734906,1650,1660,1624.05,1636.85,499011
734907,1640,1662,1631.3,1649.45,451371
734908,1650,1708.75,1637.9,1701.7,462615
734909,1709,1749,1702.15,1736.05,435583
734912,1736.05,1764,1734,1748.15,384318
734913,1753.35,1753.35,1716.6,1732.35,273347
734914,1745,1765,1739,1747.7,303764
734915,1727.9,1833,1720,1811.6,579458
734916,1820,1824.95,1775.75,1804.35,558701
734920,1790.25,1828,1790,1809.25,502041
734921,1810,1840,1786.75,1803.5,548854
734922,1795,1818.9,1775,1785.8,433250
734923,1791,1809.95,1753,1762.9,284890
734926,1760,1773.25,1681.15,1706.1,348072
734927,1715,1777.25,1712.35,1766.5,256852
734928,1775,1843.35,1775,1801.6,574365
734929,1803.45,1818.35,1744.85,1774.2,440508
734930,1798,1798,1735,1749.95,467694
734931,1755,1755,1732,1737.35,13193
734933,1725,1730,1693.15,1701.9,237483
734934,1690,1754.9,1665,1703.95,706514
734935,1718.95,1754,1690.9,1733.2,450671
734937,1766,1775,1739.4,1752.85,475893
734940,1760,1808.3,1753.75,1787.75,398121
734941,1787.05,1804.6,1768.3,1782.95,382659
734942,1798.5,1809,1754.55,1764.85,592470
734943,1758,1769.75,1728.8,1736.1,225533
734944,1736.1,1757.1,1715,1721.65,302574
734947,1715.05,1734.3,1693.55,1710.75,224501
734948,1714.9,1714.9,1665.1,1688.8,234741
734949,1681.5,1739.75,1669.4,1734,252017
734950,1732.95,1745,1671.5,1688.6,245862
734951,1685,1743.1,1647,1709.35,293408
734954,1720,1720,1653,1661.9,254243
734955,1673,1682.8,1650,1662,242898
734956,1668,1668,1619.95,1637.8,216604
734957,1636,1661.15,1612.1,1652.7,354863
734958,1660,1687.55,1649.2,1678.8,300425
734961,1687,1696,1636.15,1655.2,397504
734962,1664,1670,1638.65,1647.4,315878
734963,1634,1647.8,1625.05,1633.45,207675
734968,1629.2,1658.25,1617.05,1650.75,278437
734969,1658.7,1665.9,1635,1647.55,207760
734970,1648,1655,1622.3,1633.75,261929
734971,1650.8,1650.8,1631,1637.85,232192
734972,1635.2,1687.1,1631.45,1639.45,296474
734975,1644.8,1660.35,1632.65,1649.5,141174
734976,1650,1679.9,1635.15,1672.35,310645
734977,1680,1735,1678,1716.05,365607
734978,1726,1739.85,1719.05,1729.7,321788
734979,1718.55,1758,1676.2,1708.7,277764
734982,1710.1,1719.8,1666.2,1675.7,271771
734983,1665.4,1685,1635,1648.05,273272
734984,1642.1,1686.8,1640.65,1654.7,348725
734985,1648.5,1668.85,1601,1606.45,507708
734986,1610,1634,1580,1582.4,250912
734987,1599,1599,1578.6,1591.05,13002
734989,1594.9,1630.8,1578.4,1624.45,569158
734991,1624,1638.9,1585,1592.15,455150
734992,1586,1590,1524.3,1560.5,747841
734993,1559,1559,1492,1502.95,1206447
734996,1495,1529.85,1470.4,1518.1,849042
734997,1525,1532.2,1481.1,1489.95,721085
734998,1480,1528.5,1471.85,1518.2,449675
734999,1527.05,1548.95,1492,1503.75,363771
735000,1490,1566.1,1486.1,1558.15,324933
735003,1577,1599,1551.1,1586.9,771726
735004,1582.25,1619,1567.4,1608.65,564739
735005,1595,1629,1572.65,1614.35,420813
735006,1630,1637.5,1561,1575.35,1347787
735007,1534,1555,1523.25,1528.5,419088
735010,1535.2,1540,1498,1517.45,438608
735011,1521,1537,1494.05,1507.25,537075
735012,1496,1496.55,1475.25,1487,662611
735013,1469,1508,1455.1,1500.65,317883
735014,1507.15,1525,1481.1,1492.75,508349
735017,1495,1519.95,1490,1515.9,222665
735018,1525,1533.05,1494,1529.25,502749
735019,1526,1529,1505.05,1521,320035
735020,1500,1530.9,1496.15,1511.4,557963
735021,1508,1514.4,1485.1,1498.8,513157
735024,1480,1504.5,1452.8,1496.45,354252
735025,1482.65,1498.9,1480,1492.3,562186
735026,1500,1550,1498,1541.1,505154
735027,1550,1567,1533.15,1544,504257
735028,1540,1540,1515,1527.35,529633
735031,1532.25,1576.4,1532.25,1563.45,890334
735032,1558,1582.4,1548.1,1570.95,585258
735033,1570,1578.5,1544.1,1560.5,366237
735034,1550,1577,1539,1549.9,334879
735035,1547.9,1550,1515,1527.3,1652948
735038,1539.5,1555,1520,1542.45,327747
735039,1540,1545.15,1526,1535.4,199100
735040,1535,1541,1528.65,1535.2,527580
735041,1531.8,1545,1516.2,1536.25,618693
735042,1524,1558.85,1524,1545.4,435310
735045,1546.25,1559.85,1538.1,1548.4,292270
735046,1549.75,1567,1542,1558.35,330128
735047,1562.4,1568.8,1551.95,1558.75,289380
735048,1560,1567,1545,1550.25,330958
735049,1571,1579,1556.1,1572.85,373990
735052,1575,1580,1548.05,1558.1,436558
735053,1552.3,1572,1550.1,1561.95,342167
735054,1570,1590.9,1558,1583.2,735299
735055,1552,1563,1545.15,1555.95,529214
735056,1553,1562.1,1531.25,1539.2,469624
735059,1530,1534.5,1491.2,1505.7,370594
735060,1510,1535.55,1505.1,1524.4,296711
735061,1520,1520,1500.05,1511.5,376183
735062,1505,1517.95,1485,1490.6,390285
735063,1495.2,1503.65,1484.1,1499.05,323062
735066,1505,1511.7,1481,1486.45,375382
735067,1490,1493.1,1431.7,1445.05,1111465
735068,1445,1525,1425.1,1520.9,2626124
735069,1530,1565,1506,1547.8,1265315
735070,1523.05,1596,1523.05,1592.1,1168722
735073,1580,1588.8,1556,1561.4,405812
735074,1552,1579.8,1550.85,1559.25,362740
735075,1545,1569.8,1534,1560.95,553441
735076,1565,1596.95,1565,1582.45,719168
735077,1596.95,1605.9,1570.5,1583.25,221820
735080,1585,1611.7,1579,1604.9,413292
735081,1607.7,1618.3,1586.1,1604.3,503997
735082,1590.25,1629,1590.25,1615.15,525071
735083,1614,1631.7,1588.6,1625.15,754872
735084,1611.05,1618.95,1595.5,1610.4,567096
735087,1628.9,1643.9,1623.85,1636.45,492323
735088,1640,1695.65,1633,1667.15,679502
735089,1667,1684.4,1654.55,1678.55,388306
735090,1680,1709.45,1680,1691.15,301987
735091,1690,1694,1665.6,1676.2,374219
735094,1675,1715.3,1673.1,1708.5,197481
735095,1713,1713,1672.55,1688.6,179501
735097,1703,1706,1683.25,1692.75,235035
735098,1694,1706.3,1680.1,1696.4,167748
735102,1703,1717.4,1698,1712.35,203758
735103,1708.7,1737.45,1707.2,1724.65,324654
735104,1727,1736,1704.35,1710.2,221096
735105,1708.95,1716.55,1689.3,1711.4,264552
735108,1713,1731,1705.1,1721.35,252244
735109,1728.8,1728.8,1681.5,1691.15,340905
735110,1687,1687,1622.7,1624.85,741919
735111,1625,1649.9,1608.6,1631.2,693839
735112,1630.05,1630.05,1604.05,1617.2,466669
735115,1618,1670,1618,1662.5,397171
735116,1660,1669.85,1637.5,1647.45,378689
735117,1642,1652,1630,1644.95,564147
735118,1654,1654,1628.55,1641.85,177853
735119,1650,1692.7,1649.7,1688.2,340123
735120,1687.4,1694.9,1679.55,1682.7,11656
735122,1676,1715,1676,1709.35,344153
735123,1700,1720,1682.6,1715.35,355347
735124,1720.5,1722.35,1684.3,1693.35,304131
735125,1695,1728.1,1695,1714.65,271036
735126,1725.1,1760,1725.1,1744.5,414035
735129,1750.3,1769.5,1718.15,1738.6,462942
735130,1745,1755,1734.15,1748.55,308553
735132,1746.7,1804.7,1714,1790.55,596172
735133,1800,1809.9,1791.4,1800.6,993193
735136,1800.6,1824.5,1794.25,1809.2,571237
735137,1811,1828.9,1780.1,1788.05,552813
735138,1766.1,1808.05,1766.1,1798.55,267008
735139,1801,1827.95,1793,1820.1,432500
735140,1829,1850.1,1810.9,1830.1,246414
735143,1839,1841.1,1805,1810.4,132845
735145,1801,1815,1776.1,1781.25,359049
735146,1794,1809,1755.25,1761.25,499428
735147,1784,1806,1597.5,1751.05,540163
735150,1751,1767,1745.35,1753.55,301953
735151,1715,1752.6,1707.8,1746.35,502339
735152,1740,1755,1729.4,1742.95,171562
735153,1740,1765,1717.35,1758.65,354743
735154,1742,1766.6,1737.25,1744.3,364707
735157,1732.1,1763,1730.05,1752.2,177153
735158,1755.3,1763.1,1744.6,1751.45,156465
735159,1760.2,1775,1739,1755.25,256569
735160,1760,1780,1755,1773.95,252561
735161,1773,1795,1764,1772.1,333060
735164,1780,1800,1753.15,1786.4,339916
735165,1783,1784.95,1765.65,1769.25,89688
735167,1765,1789,1752.15,1759.1,361647
735168,1762,1794.9,1748,1788.05,398183
735171,1790,1812.9,1789,1809.85,198848
735172,1811,1818.35,1791.05,1802.15,320378
735173,1800,1819.45,1794.45,1816.45,235636
735174,1818,1853,1810.7,1845.95,302142
735175,1855,1906,1851.6,1897.75,503203
735178,1888,1898,1843.05,1858.6,374144
735179,1852.25,1874.4,1832.6,1846.75,338849
735180,1846.25,1873.45,1844.25,1861.85,179958
735181,1847,1860,1837.2,1844.5,158945
735182,1846,1872,1839,1852.05,154673
735185,1875,1875,1827.3,1856.7,158188
735186,1856,1857,1839.1,1842,32637
735188,1830.1,1849.9,1821,1835.85,403914
735189,1835.8,1853.2,1804.3,1813.55,229442
735192,1815,1858.6,1805.45,1850.55,261767
735193,1859.95,1862.5,1817.6,1827.7,199417
735194,1826,1840.6,1815.1,1819.35,218833
735195,1823,1844.95,1809.9,1815.45,140437
735196,1818,1829.8,1809,1817.9,132507
735199,1818.9,1836,1816.1,1821.1,385811
735200,1829,1866,1829,1862.45,240430
735202,1872,1977.85,1868,1950.4,918439
735203,1948.9,1951,1917.6,1930.9,364596
735206,1933.4,1953.3,1921,1926.95,241500
735207,1927,1973.5,1913.55,1957.25,216178
735208,1962,1973.95,1922.2,1929.2,293777
735209,1940,1961,1925.25,1949.65,290221
735210,1952,1963.9,1933.2,1940,190248
735213,1926,1971.5,1926,1961.05,366036
735214,1937.7,2014.5,1936.1,2006.65,936424
735215,2011,2064,2011,2056.55,1214395
735216,2057.95,2102.15,2045.45,2083.65,963522
735217,2084.9,2105.9,2073.55,2081.4,883463
735220,2078,2121,2069.15,2107.3,502058
735221,2112.25,2115,2091.2,2095.55,574734
735222,2106.7,2156.55,2100,2143.05,611721
735223,2130,2145,2097.55,2112.8,459439
735224,2100,2132,2079.85,2089.15,415560
735227,2080.2,2125.45,2080.2,2106.35,313469
735229,2106.35,2164.9,2104.95,2146,362683
735230,2150.5,2159.8,2125.5,2134.2,351942
735231,2129.8,2167.35,2124,2137.5,482900
735234,2141,2151.8,2124.55,2131.15,209584
735235,2147,2150,2122.5,2131.9,145037
735236,2144,2215,2137.05,2202.25,561496
735237,2215,2229,2205,2214.9,411809
735238,2215,2216.05,2192.15,2205.6,220400
735241,2203.65,2215,2186.3,2196.9,212741
735242,2204,2215.5,2184.65,2198.45,276672
735243,2200,2204,2150,2157.9,690334
735244,2158.5,2177,2131.7,2138.15,560339
735245,2145.25,2150,2105.1,2118.1,621682
735248,2125,2143,2084.05,2093.35,510151
735249,2088,2126.35,2078.9,2115.35,685850
735250,2120,2153.7,2058.35,2076.5,1093325
735251,2080,2110,2046,2052.75,795106
735252,2065,2086,2046.8,2059.25,604750
735255,2066.8,2066.8,2032.3,2058.1,452426
735256,2058,2082.7,2055.1,2067.15,299784
735257,2075,2075,2013.05,2033.25,294771
735258,2032.05,2044.7,2005,2013.05,246404
735259,1996,2098,1996,2080,303781
735262,2084.85,2104,2065.15,2086.65,141452
735263,2081,2109.35,2025.5,2031.85,241736
735264,2048,2054.4,2016.85,2028.35,208916
735265,2034.8,2074.9,2020.15,2027.15,512056
735266,2030.3,2076.7,2030.3,2055.95,450922
735269,2060,2084.3,2045.65,2064.6,375365
735270,2048.65,2109,2048.65,2094.7,443426
735271,2100,2118.3,2074,2081.8,479356
735272,2071.1,2081.45,2057,2063.8,179174
735273,2069,2094,2038.3,2046.85,432759
735276,2041.4,2062.25,2032.8,2044.75,310628
735277,2042.3,2084.9,2040.2,2076.15,245407
735278,2075,2082.2,2015,2018.8,223590
735279,2025,2026.9,1990.1,2002.6,210882
735280,1995.25,2010.15,1953.8,1970.35,285502
735283,1970.1,1980,1935,1946.6,244636
735284,1955,1996.2,1938.95,1988.05,214900
735285,1990.25,2002.4,1969.55,1982.7,320502
735286,1975,2002,1970.55,1983.55,265026
735287,1970,2019.9,1966.05,1993.65,219110
735290,2000,2020,1975.35,2009.55,281372
735291,1980,1998.9,1905,1921.6,364896
735292,1937,1975.8,1910,1964.1,440033
735293,1979.9,1993.8,1955.4,1973,586457
735294,1973,2042.2,1947,2028.3,494169
735297,2024.7,2025.45,1966.05,1989.2,499009
735298,1978,1998.9,1950.7,1973.4,785020
735299,1976,1986.1,1966,1973.3,404202
735300,1968,2002.95,1952,1994.25,603905
735301,1986.65,2022.15,1973.5,2013.45,529097
735304,2016.5,2021.45,1973.95,1986.3,364827
735305,1988.1,1988.15,1935.15,1955.95,435128
735306,1949.75,1959,1886.45,1895.4,458436
735307,1890.3,1891.6,1843,1854.8,682108
735308,1860.3,1884.95,1843.25,1850.3,514417
735311,1840,1862.45,1804.2,1812.1,311058
735312,1822,1856,1809.25,1835.9,534689
735313,1826.65,1850,1815.2,1840,397439
735314,1850,1852.55,1741.8,1755.3,464790
735315,1760.05,1842,1760.05,1820.65,486269
735318,1836,1839,1795.8,1802.5,313615
735319,1795,1810,1754.3,1801.25,294742
735321,1790.95,1833.6,1760.5,1799.55,653941
735325,1798,1818.25,1770.05,1781.3,362092
735326,1784,1784,1740,1752.7,471386
735327,1752.7,1757.25,1684.55,1692.35,644268
735328,1685,1705.8,1656,1673.6,374503
735329,1670.1,1721.1,1668,1701.25,531759
735332,1710.75,1727.6,1680.05,1705.45,265143
735333,1712.4,1721,1685,1703.45,412277
735334,1692.6,1725,1692.6,1721.35,385798
735335,1730,1734,1691.5,1701.65,402527
735336,1685,1729.95,1680,1721,287722
735339,1709,1754,1709,1724.7,487403
735340,1717.3,1780,1713.35,1770.65,299096
735341,1776,1805,1760,1791.7,264905
735342,1792.55,1817.2,1770.8,1792.1,341542
735346,1795,1816,1747.25,1762.85,249317
735347,1755.05,1814.5,1755,1805,226371
735349,1820,1854,1812.1,1838,320107
735350,1835,1905,1832.35,1895.7,333109
735353,1900,1934,1882.7,1900,257661
735354,1905,1917.05,1861.1,1880.4,268297
735356,1880.4,1899,1856.75,1860.05,471887
735357,1860,1865,1800,1807.5,436707
735360,1810.2,1841.95,1806,1827.1,162518
735361,1831.35,1857.3,1817.05,1848.45,501159
735362,1848,1852.2,1825,1838.65,195615
735363,1840,1857.95,1821,1826.5,159331
735364,1827,1861,1826.6,1858.05,296787
735365,1842.05,1869.95,1842.05,1862,23464
735367,1851,1867.4,1812,1819.3,156428
735368,1820.25,1824,1777,1787.7,371941
735369,1788,1839,1783.4,1822.05,524631
735370,1834.95,1883.75,1794.6,1806.5,1656463
735371,1807,1835,1783.75,1832.05,503587
735374,1820.25,1878,1820.25,1863.8,574827
735375,1872.95,1888,1845,1853.85,361919
735376,1854.95,1869,1834,1849.35,253432
735377,1855,1875.5,1804.85,1813.45,516453
735378,1847,1847,1787,1804.65,366597
735381,1804.3,1822.9,1753.05,1818.1,474528
735382,1823.8,1848,1788.7,1840.6,422707
735383,1835.3,1860,1816.2,1824.55,527462
735384,1818.9,1843.7,1810.05,1837.9,330724
735385,1837.9,1837.9,1791.8,1820.5,418116
735388,1820.05,1820.35,1742,1759.5,454501
735389,1759.5,1774.5,1739.1,1767.95,429041
735390,1763,1764,1746.3,1755.9,519225
735391,1749.8,1754.4,1733.4,1745.9,467062
735392,1741,1750,1731.15,1745,357068
735395,1753.3,1774.8,1753.25,1767,367490
735396,1765.25,1789.4,1755.55,1783.2,271665
735397,1784,1784,1723,1743.15,306650
735398,1734.9,1734.9,1695,1708.3,454593
735399,1713,1774.4,1708.3,1764.65,204276
735402,1767.7,1817.6,1742.5,1808.8,398034
735403,1795.25,1839.25,1779.15,1828.75,414459
735404,1825.25,1840.9,1810.1,1835.65,374627
735405,1814,1855,1800,1820.35,451241
735406,1805.15,1837.65,1788.45,1830.05,307812
735409,1830,1830,1776.05,1794.55,446107
735410,1794,1810,1756.2,1799.55,657806
735411,1782.8,1793.8,1760,1787.1,500188
735412,1787.1,1871,1787,1838.2,1030259
735413,1842.5,1940,1842.5,1923.95,794222
735416,1928,1935,1886,1922.9,496573
735417,1910,1969.9,1900,1913.3,592561
735418,1891,1907.7,1866,1890.05,434707
735419,1867.8,1894.15,1861,1876.6,406242
735420,1893.4,1893.4,1870,1879.5,286679
735423,1861.15,1875,1838.25,1863.05,329807
735424,1875,1915,1871.15,1898.2,188148
735425,1899,1917.1,1842,1862.4,399958
735426,1864,1888.6,1864,1876.55,185148
735427,1879.7,1881,1845.6,1869.65,208815
735430,1864.7,1906.85,1850.5,1901.7,153038
735431,1884.8,1918,1871.55,1907.55,332357
735432,1920,1920,1880.1,1909.55,257814
735433,1910,1919.8,1884.8,1896.7,183219
735434,1886.5,1987.75,1862.5,1966,1609280
735437,1950,2009,1947,1985.35,418429
735438,2000,2009.25,1968,1975.5,415840
735439,1962,2010,1954.5,2001.8,277794
735440,1995.6,2029,1984.55,2001.85,505006
735441,2006.95,2050,2006.95,2032.15,361112
735444,2025,2050,1987.2,1996.2,142531
735445,2001.1,2015,1919,1925.8,286047
735446,1924,1954.65,1916.2,1934.75,1000215
735447,1952.7,1966.2,1908.05,1933.8,319950
735448,1935,1949,1890.2,1909.25,289389
735451,1920,1920.05,1869,1875.95,214153
735452,1869,1869,1790.05,1808.75,391496
735453,1814.7,1825,1748.25,1771.55,557125
735454,1755,1795,1751,1782.3,360718
735458,1786,1817.8,1776.85,1807.6,414841
735459,1806,1869.8,1796.4,1858.8,516681
735460,1869.7,1913,1869.7,1908.6,472360
735462,1895.25,1924.95,1827.65,1848.35,391479
735465,1830.05,1834,1730.25,1763.05,419333
735466,1760,1784.65,1721.05,1756.75,641187
735467,1770,1805,1712.3,1734.5,470325
735468,1725,1794,1702,1776.7,409880
735469,1776,1796.95,1753.25,1779.6,253568
735472,1788,1817.85,1752.5,1780.65,196958
735473,1762,1782.75,1701.25,1727.75,431297
735474,1710,1744.35,1680.05,1727.75,457301
735475,1749.8,1756.3,1708,1740.45,466893
735476,1740.45,1850,1708.25,1837,900898
735479,1837,1870,1835.05,1856.1,272132
735480,1864,1885.15,1818,1837.85,489186
735481,1865,1898.8,1841,1888.75,503110
735482,1904.8,1937,1889,1901,179794
735483,1908,1925,1874.2,1910.85,244046
735487,1929.2,1988.25,1918,1980.7,396920
735488,1957,2011,1956.6,1996.5,349393
735489,1982,2010.1,1970.6,1978.7,373073
735490,1961.5,2013.9,1961.5,2003.4,509168
735493,2011,2045.9,1982.85,2000.25,392924
735494,1981.55,2024.9,1981.55,2013.4,246637
735495,2005.35,2043.25,2003,2017.25,233615
735496,2050,2062,2022.5,2053.15,324702
735497,2055,2062.45,1980.25,1992.45,735104
735500,1980.6,2013.7,1963.4,1979.1,249275
735501,1975,2040,1972,2031.6,610324
735502,2045,2048.8,1985,2005.35,373385
735503,2006.2,2026.9,1979.95,1995.8,302620
735504,2010,2024.95,1985,1993.15,434334
735507,1978,2014,1978,1987.45,367076
735508,2000,2037,1981.8,2020,312138
735510,2050,2125,2025,2119.4,572208
735511,2125,2152,2105,2117.9,339869
735514,2119,2137,2093.4,2128.3,337002
735515,2155.25,2160,2096.4,2116.05,275097
735516,2109,2179,2101,2153.9,583959
735517,2160.25,2175.9,2117.05,2141.4,1403631
735518,2141.5,2165.9,2117.4,2141.1,1128733
735521,2139,2141,2114.7,2137.85,173698
735522,2124.45,2159.45,2111.1,2125.65,387382
735524,2168,2195,2136.2,2153.3,2386073
735525,2158.3,2168.55,2142.4,2153.05,435157
735528,2165,2168.9,2141,2150.7,249234
735529,2160,2160,2131.3,2139.7,297322
735530,2149.7,2149.7,2063.25,2094.9,157062
735531,2085,2121,2058,2082.3,224947
735532,2080.1,2108.65,2041.95,2080.6,387226
735535,2085.25,2109.4,2052.45,2070.6,319532
735536,2073,2112,2055.1,2094.05,432986
735537,2105.05,2147,2105.05,2136.7,270065
735538,2130,2157,2111.35,2129.9,313985
735539,2121.2,2143.9,2113.3,2124.9,314887
735541,2150,2150,2124,2127.7,19187
735543,2129,2130,2077.55,2092,336581
735544,2100.05,2100.05,2040,2076.5,384191
735545,2090,2109.35,2056,2101.15,353237
735546,2095,2109,2056,2065.9,146711
735549,2053,2055.6,2028.2,2037.85,169102
735550,2030,2054.6,2015,2026.15,165926
735551,2015,2062,2002.2,2021.3,226050
735552,2034.7,2060,2008.45,2034.8,136260
735556,2060,2060,2020,2030.05,233351
735557,2030,2041.9,2003.1,2013.8,246966
735558,2023.9,2024.05,1967,1974.45,265878
735559,1965,1984.8,1920,1932.85,237839
735560,1940.1,1950,1884,1889.35,240050
735563,1906,1947,1901.5,1939.35,256110
735564,1930.3,1949,1918.8,1938.6,246097
735565,1941.1,1964,1924.5,1949.1,272809
735566,1949.95,1979,1946.2,1950.5,276225
735567,1941,1979,1941,1974.45,138619
735570,1966.35,1997,1953.8,1961.4,170993
735571,1959,1965,1943.5,1952.85,252930
735572,1942.55,1956.8,1924,1931.75,345248
735573,1970,1973,1935,1940.25,304627
735574,1940,1970,1940,1950,227760
735577,1987,1987.8,1956.35,1978.75,171546
735578,1980,2009,1975,1987.65,243976
735579,1994.95,2013.4,1984.75,1997.55,247332
735580,1977.25,1978,1950,1951.4,148544
735581,1911,1938,1895,1905.25,338750
735584,1912,1929.6,1891,1902.15,274980
735585,1912,1924.5,1857.05,1863.1,309323
735586,1875,1943.3,1862.25,1928.4,427615
735587,1924.95,1945,1885,1897,291251
735588,1893.6,1941.9,1879.25,1931.8,301800
735591,1933.3,1963.4,1933.3,1946.7,265193
735592,1948.1,1994.5,1945,1990.35,193334
735594,2010,2014.1,1940,1949.5,366298
735595,1953.5,1965,1929.9,1934.75,209220
735598,1939.35,1942.2,1893.3,1900.7,238040
735599,1906,1921.15,1901.25,1910.85,131618
735600,1915,1924.4,1890.3,1917.4,90587
735601,1918,1928.75,1895.45,1900.05,268521
735602,1893,1909,1870,1895.55,236545
735605,1896,1899.9,1875,1888.3,284336
735606,1880,1899.8,1880,1889.95,247757
735607,1894.9,1923,1894.9,1918.3,578916
735608,1914.2,1917.65,1895.1,1909.45,266751
735609,1905.2,1913.45,1865,1900.3,450989
735612,1895.25,1917,1887.4,1895.8,274307
735613,1888,1898.6,1864.95,1870.55,261322
735614,1874,1904,1871.1,1894,350260
735615,1900,1917.9,1892,1907.75,683523
735616,1907.75,1939,1906.3,1933.45,505335
735619,1938.2,1951.8,1925.05,1931.5,240785
735620,1935,1946,1927.1,1942.4,148033
735621,1944,1953,1927,1949.7,230050
735622,1949,1949.4,1916,1939.05,779924
735623,1934.7,1938,1911.85,1931.7,584605
735626,1920,1924,1890.75,1912.8,451184
735627,1906.8,1948,1906.8,1944.7,342624
735628,1950,1968,1907.15,1912.95,213569
735629,1909,1930,1882.05,1920.85,510937
735630,1915,1918.05,1891,1901.5,325157
735633,1901.05,1933.4,1817.25,1830.8,208407
735634,1820,1882,1793.2,1868.25,323893
735635,1878,1898,1848.05,1894.7,202518
735636,1890.2,1903,1862.55,1896.95,196282
735637,1901.35,1939.8,1894.9,1935.35,313921
735640,1930,1941.6,1910.75,1935.35,116609
735641,1941.95,1945,1920.3,1936.5,196706
735642,1942.7,1959.45,1897.15,1927.5,269629
735643,1939.7,1939.7,1895,1902.85,115962
735644,1904.7,1904.7,1818,1839.6,473215
735647,1845,1869.35,1810,1845.35,369333
735648,1850,1859.5,1832,1844.65,223017
735649,1861,1861,1816.25,1820.9,207356
735650,1815,1864,1815,1842.4,291358
735651,1849,1865,1835,1862.7,182566
735654,1862.7,1877.9,1850,1861.8,133340
735655,1861.8,1909.3,1855.05,1902.25,246928
735656,1903.25,1933,1880,1920.9,375745
735658,1925,1957.95,1911,1946.35,358544
735661,1942,1952.95,1910,1917.05,231994
735662,1914,1927.05,1885.05,1921.95,220106
735663,1930,1931,1907,1920.65,134918
735664,1925.3,1964,1920,1957.9,181924
735665,1965,2005,1948,1954.7,407477
735668,1958,2015,1950.3,2005,393372
735669,2010,2038.2,1978.05,1986.55,393531
735670,1984,1996.9,1953.75,1959,334556
735671,1970.25,2007.75,1957.3,1966.7,162751
735672,1973.9,1990.9,1955,1974.3,208702
735676,1990,2001,1973.05,1994.9,223972
735677,2002.05,2014,1998,2008.7,325884
735678,2012.85,2014.95,1968.1,1972.9,143305
735679,1972.9,1987.45,1972,1977.85,280359
735680,1979,1994.4,1975,1981.1,6324
735682,1983.2,2024.7,1979.75,2021.45,158949
735683,2014,2035.7,2000.8,2014.05,233046
735684,2026,2058.7,2021,2039.6,248113
735685,2038.6,2084.7,2027.7,2072.35,500824
735686,2080,2096.8,2049.6,2058,347600
735689,2068.7,2100,2061.4,2083.6,273254
735690,2083.6,2084,2045.05,2065.2,129157
735691,2073.45,2080,2025.4,2053.6,217385
735692,2065,2069,2025,2053.35,402747
735693,2054.9,2055.3,2017.2,2028.9,297397
735696,2006.55,2057.9,2006.55,2022.6,218150
735698,2045,2054,1994.9,2031.3,300812
735699,2039,2041.7,2011.9,2022.15,219894
735700,2017.9,2028,1990.65,2007.55,255157
735704,2009.7,2016.1,1954.4,2004.4,217260
735705,1997,2025.7,1990.35,2000.55,205618
735706,1991.75,2024.8,1991.15,2016.05,164096
735710,2010.55,2035.9,2006.4,2014.15,161232
735711,2020,2030,1999.5,2003.35,179445
735712,2000,2015.7,1991.1,2004.65,362968
735714,2019,2019,1982.3,1996.05,404437
735717,1998.75,1999,1977.95,1985,356855
735718,1986.25,1989.9,1931,1939.5,399483
735719,1939.5,1949,1900,1912.15,268227
735721,1915,1928.05,1903.1,1906.7,170700
735724,1910,1924.9,1902.35,1918.85,257053
735725,1919.95,1922.95,1891.75,1900.35,261490
735726,1900,1907.7,1861,1868.15,145721
735727,1890,1890,1871.05,1879.25,165120
735728,1870,1927,1870,1919.95,363002
735731,1911.1,1959,1911.1,1948.15,469596
735732,1960,2000,1936,1977.3,426350
735733,1991.5,2045.05,1990.15,2041.75,215003
735734,2045,2058.8,1945,1950.5,501935
735735,1995,2094.7,1908,1931.7,863171
735738,1969,1969,1870,1878.35,482763
735739,1893,1900,1840.1,1866.4,539345
735740,1871,1974,1870,1961.15,606062
735741,2011.1,2028.7,1980,1986.75,363882
735742,1999.65,1999.65,1965,1976.25,172627
735745,1990,2012.9,1950,1961.2,199733
735746,1968.9,1989.9,1939,1972,149266
735747,1990,1990,1930,1948.4,326190
735748,1954.95,1962.95,1931.1,1941.2,294271
735749,1945.25,1955.85,1912.7,1943.95,299515
735752,1947.95,1990.05,1924.2,1974.4,191334
735753,1976,1992.9,1960.35,1970.15,149881
735754,1970.15,2025,1970.15,2002.5,254176
735755,2020,2020,1980,2000.9,254275
735756,2009,2054,1983.6,2048.4,384106
735759,2056.9,2177.5,2044.3,2161.75,546835
735760,2179.5,2208.9,2130,2152.5,541126
735761,2150,2189.85,2120.35,2180.85,448085
735762,2163.55,2192.75,2156.05,2185.6,218573
735763,2190,2228,2162.55,2170.7,378480
735766,2173,2210,2157.1,2169.75,542031
735767,2170,2174.9,2134.2,2160.35,326682
735768,2173,2180.25,2135.2,2150.6,275222
735769,2155,2172.95,2141.1,2160.25,244875
735770,2165.1,2203.5,2145.6,2179.8,295439
735773,2180,2202,2161.6,2191.1,312504
735774,2213.8,2236,2200.55,2221.15,231873
735775,2229.8,2292.75,2215.8,2275.85,353844
735776,2308,2320,2273.2,2289,375288
735777,2294.95,2318,2272.15,2309.1,469474
735780,2297.6,2328.8,2293,2316.2,300379
735781,2314.95,2352.7,2312,2334.7,196804
735782,2345,2364.85,2333,2349.8,311591
735783,2319,2319.8,2282.5,2300.1,264883
735784,2300.1,2310,2281,2299.2,197560
735787,2310,2319.7,2280,2302.7,278231
735788,2310,2324.6,2200,2226.3,580917
735789,2226,2239,2165,2169.65,340245
735790,2166,2194,2139.95,2152.2,252737
735791,2136.2,2173.5,2102.7,2133.95,182285
735794,2133.95,2154,2114.3,2127.55,236852
735795,2130.5,2169,2130.5,2155.75,306742
735796,2155,2160.3,2121.5,2137.1,544762
735797,2132.3,2156,2071,2087.65,1019519
735798,2081.8,2090,2051.5,2081.25,565282
735801,2083.2,2095.15,2060.4,2070.7,420580
735802,2075,2084.9,2063.65,2070.15,419573
735803,2090.35,2112.45,2068.3,2105.3,399959
735804,2113,2122.9,2085,2108.7,224953
735805,2108.7,2112.8,2084.45,2100.75,268072
735808,2092,2108.05,2071,2084.05,234341
735810,2074.1,2099,2071.2,2079.4,602599
735811,2078,2094.6,2067,2075.9,806232
735812,2073.8,2079,2045.2,2057.9,594237
735815,2065,2107.25,2041.5,2088.1,704465
735816,2095,2161,2095,2155.6,532954
735817,2172.95,2178,2136.3,2143.75,487226
735818,2145,2156.8,2115,2139.25,317652
735819,2125,2132.95,2109,2121.65,194925
735822,2140,2148.9,2101.2,2129.3,303062
735823,2142.95,2144.85,2121.1,2135.55,447923
735824,2137,2154.4,2120,2147.95,367812
735825,2153.4,2165,2109.75,2135,335934
735829,2125.1,2164.45,2125.1,2134.5,387854
735830,2140.5,2210,2137,2198.2,331863
735831,2200,2214.95,2182.4,2198.8,277837
735832,2213,2278.6,2196.1,2268.05,786442
735833,2275,2275,2239,2266.35,213372
735836,2274.9,2277.05,2240.15,2251.6,173103
735837,2245.9,2285,2224.4,2260,175593
735838,2270,2304.6,2260,2280.3,382791
735839,2280.3,2303.8,2250,2258.7,572472
735843,2279.7,2298.8,2248.25,2260.55,426742
735844,2265.95,2306.55,2250,2258.6,599440
735845,2265.1,2279.95,2220.1,2225.85,408269
735846,2220.2,2315,2207.95,2301.9,393793
735847,2302.3,2349,2282,2339.65,415637
735850,2345,2382.95,2335,2359.3,297676
735851,2368.75,2374.65,2315.2,2321.15,181985
735852,2340,2364.95,2320.5,2354.7,193868
735853,2360.5,2373.35,2322.8,2336.55,119290
735854,2352,2364.85,2321,2348.45,178695
735857,2351.85,2351.85,2316,2332.55,138487
735858,2325.2,2355,2293.4,2302.65,173221
735859,2307.35,2332.4,2300,2320.25,175159
735860,2316,2405,2303,2393.45,282872
735861,2404.9,2428.2,2368,2412.35,262187
735864,2421.95,2440,2395,2412.55,198779
735865,2403.8,2457,2382.6,2393.6,190192
735866,2401,2414.9,2341,2364.95,181767
735867,2361,2389.2,2340,2350.85,194849
735868,2348.05,2389.5,2300,2340.8,179841
735871,2349.95,2358.2,2298.35,2305.05,144110
735872,2311,2357.35,2296,2351.6,306438
735873,2356,2371.35,2329,2336.1,139949
735879,2314,2356.95,2314,2336.35,154957
735880,2332,2356.85,2318,2348.5,122320
735881,2356,2380.75,2332.8,2376.1,142715
735882,2363,2368.15,2311.05,2353.65,143162
735885,2330.2,2364.85,2330.05,2348.8,88360
735886,2389,2429,2370,2412,484629
735888,2365.1,2440.9,2347.55,2363.55,565835
735889,2375,2405,2355,2373.2,356058
735892,2383,2427.25,2381.25,2412.6,165916
735893,2420,2434.95,2395.05,2412.05,192702
735894,2427.5,2508.6,2427.5,2494.9,406284
735895,2499.95,2541,2490,2529.7,53667
735899,2535.6,2544.95,2502.1,2517.45,126144
735900,2520,2522.85,2470.45,2499.25,144763
735901,2515,2560,2496.55,2551.25,225834
735902,2555,2585,2535,2577.5,231014
735903,2581.95,2628.25,2564.1,2611.05,256645
735906,2611,2611,2550.4,2574.25,242127
735908,2594,2624.75,2561.25,2570.7,347958
735910,2575,2584.65,2532.8,2539.7,237582
735913,2545,2574.65,2520.6,2543.4,113533
735914,2541.1,2559.8,2536.7,2549.55,130258
735915,2549.55,2624.95,2549.55,2599.55,197549
735916,2600,2622.9,2595.2,2609.8,515905
735917,2625,2663.65,2612,2652.85,444633
735920,2645,2678.2,2642.85,2657.65,412309
735921,2660,2673.85,2635.1,2643.95,435031
735922,2647,2688,2646.85,2674.95,886479
735923,2685,2685,2643,2655.3,322054
735924,2659,2685,2652.5,2673.45,476658
735927,2661,2695,2649,2675.1,266487
735928,2670.2,2680.3,2614.25,2644,187589
735929,2620,2624.8,2570.15,2614.45,565178
735930,2617.2,2654,2590,2649.6,316876
735931,2654,2675.55,2630.7,2640.8,379312
735934,2642.5,2660.8,2613.05,2636.3,199683
735935,2586,2614.8,2555.7,2602.35,391070
735936,2620,2628.1,2586,2609.9,303233
735937,2609.6,2632.95,2588.8,2625.1,274078
735938,2625,2637.95,2611.25,2619.9,108559
735941,2625,2637.55,2597.1,2614.65,265082
735942,2600,2641.2,2595,2608.85,579980
735943,2608.9,2617.35,2555.75,2569.5,515235
735944,2568.05,2592.6,2540.6,2563.2,185957
735945,2553,2572.6,2510.3,2521.35,221415
735948,2500,2545.05,2498.05,2517.9,171678
735949,2496,2536.8,2475,2494.75,219221
735950,2485.15,2509.5,2444.85,2463.05,280480
735951,2480.5,2528.6,2471,2503.15,287186
735952,2505.8,2524.2,2454.25,2473.55,283580
735955,2510,2510,2453.1,2477.3,281967
735956,2475,2526.3,2465.55,2519.25,165201
735957,2530.95,2539,2462.1,2477.7,414127
735959,2483,2499,2460.1,2480.7,86469
735962,2499.7,2505,2479.65,2484.8,93039
735963,2490,2490.65,2451,2455.05,89969
735964,2421.05,2448.7,2414.5,2432.45,202699
735965,2431,2458.3,2428.45,2452.15,72928
735966,2457,2476.4,2432,2451.75,164726
735969,2452,2481.2,2450,2460.7,118873
735970,2454.3,2469.9,2430,2441.5,580496
735971,2442,2475.6,2432.05,2447.2,189191
735972,2447.65,2465,2436.1,2450.4,4301348
735973,2455,2468.9,2350,2375.85,245974
735976,2385,2396,2323.1,2334,203022
735977,2340,2355.15,2313.8,2324.1,161658
735978,2318.3,2369.9,2318.3,2363.45,217775
735979,2380.1,2437.35,2357.75,2417.95,726566
735980,2420,2442,2393.8,2420.15,270014
735983,2420.1,2420.1,2399.5,2403.9,368777
735984,2407,2417.6,2375.25,2404.25,197434
735985,2420,2456.5,2399.45,2446.65,201858
735986,2455.25,2491.25,2438.1,2444.3,748394
735987,2470.9,2474,2420,2441.5,356732
735991,2428.2,2439.95,2387.25,2419.85,507659
735992,2414.4,2414.4,2383.3,2398.8,963742
735993,2396.7,2416.8,2376.3,2404.7,391136
735994,2406.45,2416.2,2374.2,2391.7,261718
735997,2390,2421.25,2325,2349.3,444651
735998,2350.05,2368,2256.5,2260.75,727453
735999,2281.8,2281.8,2230.35,2245.3,399841
736000,2253,2270,2240.05,2245.3,272367
736001,2240.05,2257.8,2020.9,2223.3,296601
736004,2210,2274.75,2195.05,2269.15,274052
736005,2241.1,2278.6,2238,2267.95,258202
736006,2268,2294,2253.9,2280.6,212912
736007,2285,2314.9,2257.8,2262.45,638711
736008,2272.35,2283.7,2250,2260.8,543888
736011,2263.2,2280.85,2253.3,2261.85,1062376
736013,2263.2,2264,2230.05,2240.3,318828
736014,2242.65,2242.65,2200,2212.55,924708
736015,2230,2240,2200.7,2206.8,506875
736018,2215,2222.6,2171.05,2181.15,427575
736019,2182,2204,2173.3,2191.45,280197
736020,2200.1,2203,2173,2179.95,407474
736021,2181,2186.25,2128,2134.85,735318
736022,2140.1,2161.85,2108.3,2150.5,424147
736023,2161,2175.35,2121.9,2153.45,162188
736025,2168,2209.35,2053,2074.25,789363
736026,2067,2123.8,2058.1,2117.5,325920
736027,2117.55,2139,2110.05,2122.1,421933
736028,2124,2139.6,2105.6,2118.65,237799
736032,2110,2149.55,2091.75,2109.85,334555
736033,2120,2156,2111.3,2129.25,401075
736034,2140,2149,2088,2098.3,338536
736035,2105,2113,2067,2072.75,475656
736036,2079,2084.9,2011,2023.1,828945
736039,2010,2059,2010,2025.5,371543
736040,2040,2057,2027.7,2047.2,256565
736041,2050.1,2054.6,2026,2031.25,634025
736042,2040.1,2047,2020.85,2025.35,500745
736043,2035,2035,2007.25,2017.85,579513
736046,2011.8,2041.8,2010.05,2031.75,420806
736047,2034,2040.9,2020,2028,1002496
736048,2032,2035,2008.15,2016.85,722561
736049,2019,2032.5,1990,2004.3,1046160
736050,2009,2022,1980,2016.9,439910
736053,2030,2043.7,1998.3,2028,235638
736054,2035,2035,2004.9,2016.6,263684
736055,2027.05,2035,2002.95,2019.8,208545
736060,2030,2047.2,1993.65,2036.4,281023
736061,2039.95,2098,2026.9,2094.55,374689
736062,2091.35,2128,2082,2099.5,243842
736063,2101.15,2107,2078.3,2098.55,219282
736064,2106,2106,2077.55,2098.75,156593
736067,2115,2115,2080,2095.3,250008
736069,2101,2115.3,2060,2075,190435
736070,2067.5,2094.6,2050,2088.05,252040
736071,2063.65,2080,2040,2065.3,178998
736074,2065,2083.05,2000.6,2022.05,257106
736075,2025.7,2055.3,1980,1988.45,260092
736076,1995.1,2025,1943,1983.7,326374
736077,1992,2017.6,1973.4,1991.05,145385
736078,1990.5,2007.95,1961,1998.85,269572
736081,2006,2009.95,1970.05,1984.45,228380
736082,1985,2000,1943.75,1990.15,217394
736083,1990.2,2002.7,1971,1978.65,152835
736084,1977.8,1977.8,1912.5,1948.65,1262699
736088,1958.8,2098.7,1932.95,2087.9,610067
736089,2087.9,2087.9,2029.25,2061.65,291839
736090,2056.9,2056.9,2016.15,2020.3,649622
736091,2010,2089.9,2006.95,2067.85,433821
736092,2078.15,2148.1,2049.8,2123.05,338090
736095,2131,2193.25,2131,2182.4,312569
736096,2182.4,2185,2125,2128.9,267754
736097,2145,2172,2092.35,2125.9,287030
736098,2126,2179,2107.2,2165.85,424064
736099,2165,2192,2152,2186.5,175574
736102,2192,2227.9,2176.75,2220.7,275731
736103,2220,2243.75,2195.25,2202.6,212926
736104,2210,2223,2136,2151.35,399901
736105,2144.1,2314,2123.3,2300.3,2610990
736106,2290,2340.9,2255,2307.45,920884
736109,2300,2323.95,2280.7,2298.85,414481
736110,2310,2330,2285.1,2321.3,275643
736111,2303.45,2336.75,2303.45,2312.4,504244
736112,2312.25,2335,2275,2302.95,418946
736113,2313.25,2331,2286.05,2316.1,549255
736116,2318.55,2351,2306.3,2337.75,284450
736117,2342,2347.05,2262.15,2270.7,516279
736118,2251,2290.85,2229.25,2240,231100
736119,2244.8,2261,2190.55,2218,193842
736120,2203.7,2236,2191.35,2198.5,187374
736123,2200,2240.5,2200,2224.2,372632
736124,2218.7,2232.5,2177.4,2190.7,296262
736125,2182,2266.25,2179,2253.15,409711
736126,2266,2277.4,2207,2213.55,350425
736127,2220,2297,2201.4,2286.3,575268
736130,2286.3,2339.15,2261.6,2332.35,501630
736131,2329,2403.15,2314.2,2391.1,457467
736132,2395,2408.5,2362,2372,366641
736133,2370,2412.4,2369.1,2396,308116
736134,2409.95,2425,2390.2,2407.75,327523
736137,2405.05,2436.45,2397.2,2425.05,244573
736138,2425.05,2438,2402.3,2414.3,291949
736139,2414.95,2414.95,2388.6,2392.6,263531
736140,2400,2530,2390,2504.3,927513
736141,2494,2554,2471,2544.8,662174
736144,2500,2574.05,2480.45,2558.85,579466
736145,2552.45,2584,2531.1,2541.95,629086
736146,2541.95,2555,2516,2526.25,251469
736147,2550,2586.2,2528,2566.2,338991
736148,2580,2609,2575,2588,346267
736151,2572,2602.95,2569.5,2595.35,254273
736152,2602,2612.9,2585,2603.7,184985
736153,2589.05,2608,2560,2571.45,184524
736154,2545,2558,2500.15,2511.25,239855
736155,2519.9,2523.4,2453.65,2466.8,332514
736158,2480,2507.95,2439.6,2496.85,295109
736159,2500,2521,2485.55,2498.7,341879
736160,2490,2540,2490,2532.25,350064
736161,2540,2561,2537.8,2545.85,224838
736162,2555,2567.6,2485,2529.45,259098
736165,2533,2550.2,2512.65,2520.95,131942
736166,2508,2572.95,2508,2542.95,226485
736167,2548,2628,2548,2618.9,493192
736168,2630,2656,2480,2489.05,1651767
736169,2492.9,2518.8,2477.15,2497.35,399738
736172,2494,2529,2460.75,2509,405369
736173,2517,2524.9,2471.3,2482,248738
736174,2484.6,2514.75,2471.9,2497.85,220012
736175,2500,2534,2500,2527.25,332527
736176,2533,2555.6,2514.25,2525.3,245751
736179,2525,2564.6,2487.3,2504.9,294753
736180,2524.9,2524.9,2477.15,2511.9,276076
736181,2506,2586.85,2506,2576.65,577916
736182,2576,2608,2560.95,2578.35,369433
736183,2578.35,2582,2528.5,2537.4,191394
736186,2544.95,2573.65,2541.7,2554.6,226672
736187,2560,2567,2525.2,2539.9,184804
736188,2535,2546.8,2451.4,2462.2,243929
736189,2470,2510,2422,2486.85,195819
736190,2495,2572.8,2475.75,2558.6,255379
736193,2569,2570,2529.95,2535.35,157272
736194,2540,2569,2520,2526.8,154551
736195,2519,2555,2496.65,2543.05,176926
736196,2505.05,2546.25,2481.6,2491.8,209161
736197,2475.05,2508.6,2385,2406.2,604347
736200,2339.7,2355.7,2169,2191.55,524739
736201,2217.5,2245.9,2142.85,2198.2,622800
736202,2194.45,2270,2133.65,2244.65,436233
736203,2270,2270.1,2176.2,2187.75,777058
736204,2214.95,2293.85,2202.05,2279.55,568948
736207,2261,2270,2221.1,2232.7,459532
736208,2212.85,2258.9,2211.05,2249.9,570898
736209,2245,2282.45,2192.5,2203.5,396461
736210,2218.15,2264.9,2212.5,2248.4,324122
736211,2235.1,2235.1,2183.4,2211,288883
736214,2225,2225,2177.2,2192.1,201054
736215,2196.1,2219,2175.55,2205.65,264656
736216,2220.2,2280,2220.2,2270,218609
736217,2240,2319.9,2214.65,2302.7,280684
736218,2327,2334.2,2273,2325.8,311139
736221,2345,2345,2296.05,2314.35,155057
736222,2315,2315,2281.1,2296.4,188695
736223,2305.1,2369,2298.6,2350.15,340725
736225,2375,2378.55,2273,2297.5,406288
736228,2275,2309.9,2260.35,2302.6,165733
736229,2332.9,2333,2240.35,2259.15,241130
736230,2242,2256.1,2210.15,2239.25,344990
736231,2248,2293.9,2237,2282.95,403540
736235,2300,2310,2262.45,2274.4,177328
736236,2258,2293.2,2205,2250.65,265626
736237,2266,2322.45,2251.7,2312.1,306730
736238,2311,2327.35,2284.1,2315.1,182986
736242,2325,2405,2311.65,2388.75,226860
736243,2395,2398.8,2342.15,2376.75,214337
736244,2371.1,2465,2354.05,2451.8,297092
736245,2479.9,2479.9,2406.15,2430.9,215467
736246,2448,2486,2438.8,2449.6,226253
736249,2450.5,2458.95,2405.7,2422.25,109815
736250,2430,2478.75,2425,2462.1,240921
736251,2456.3,2478.8,2431.05,2438.95,110664
736252,2450,2460,2440.4,2450.65,132541
736253,2456.75,2487.75,2436.05,2461.5,187013
736256,2461.5,2480.25,2430.1,2465.4,202855
736257,2470,2475,2400,2439.05,243441
736258,2444,2538.1,2435,2519.05,1213789
736260,2532.85,2564.2,2506.05,2515.65,497453
736263,2530,2581.9,2530,2575.6,521901
736264,2566.05,2595,2555.05,2582.15,380147
736265,2580.1,2585,2558.3,2570.4,317563
736266,2572,2600,2562.65,2577.3,395616
736267,2575.1,2583,2539.95,2550.45,167715
736270,2542,2575,2392,2432.65,535525
736271,2444.95,2450.15,2411.1,2424.55,192324
736272,2435,2474,2435,2449.05,261171
736273,2449.95,2468.25,2405.3,2414.3,201885
736274,2411.1,2448.85,2411.1,2429.45,178321
736277,2394.8,2430,2382.55,2409.1,157878
736278,2401,2475,2381.65,2457.45,273391
736279,2465.2,2472,2432.7,2453.3,30457
736281,2440,2470,2367.05,2380.45,255389
736284,2374,2408.85,2344.15,2372.6,285955
736285,2384,2417.8,2355,2365.3,254396
736286,2369,2384.25,2336.5,2342.9,245945
736287,2361,2442.1,2361,2428.25,289124
736288,2427.95,2510,2425.25,2476.65,378408
736291,2481,2529,2481,2522.75,545369
736292,2515,2544.9,2471,2476.8,325768
736294,2494.8,2522.8,2405,2448.15,393155
736295,2433.05,2462.8,2425.1,2447.85,170413
736298,2458,2515,2452,2479.25,565457
736299,2490,2500,2460,2464.65,153290
736300,2470,2515,2426.35,2500.6,401153
736301,2499,2506.95,2473.75,2480.2,246228
736302,2455.2,2489.45,2455.2,2472.55,187184
736305,2471.05,2485,2442.1,2449.75,187375
736306,2440.5,2484,2430,2462.65,186909
736307,2463,2471.6,2383.25,2389.3,206433
736308,2391.6,2451.95,2391.6,2443.25,194126
736309,2454.7,2454.7,2404.95,2416.25,189746
736312,2412,2428,2375.1,2409.2,184395
736313,2409.1,2445.05,2391,2437.3,166399
736314,2462,2464,2430,2452.7,153649
736315,2460,2541.7,2455.6,2531.1,275504
736316,2490.25,2503,2460,2469.55,452519
736319,2489,2507,2472.85,2489.5,176689
736320,2489.95,2499.5,2470,2476.25,167772
736321,2494.9,2502.95,2468.2,2473.4,252059
736322,2496.9,2496.9,2467.65,2482.9,100232
736326,2483,2499,2483,2492.55,151653
736327,2496,2535.95,2496,2530.45,215967
736328,2540,2545,2510,2514.05,207046
736329,2515,2546.1,2504,2532,243382
736330,2530.1,2530.1,2511,2518,70853
736333,2490,2547.6,2475.45,2483.35,190056
736334,2500,2523.35,2491.45,2502.35,192154
736335,2492.2,2514.15,2473.5,2485.5,222912
736336,2475,2485,2406.85,2419.25,221180
736337,2432.5,2443.9,2360,2375.85,206203
736340,2359.9,2372.75,2329.9,2360.5,159001
736341,2361.5,2377.45,2337.15,2344.35,199864
736342,2355,2387.9,2332.2,2369.7,246183
736343,2349,2374.65,2323.1,2362.45,205015
736344,2369.95,2369.95,2313,2322.15,334940
736347,2310,2335.1,2236.8,2249.9,329495
736348,2259.95,2291,2234.4,2266.3,153092
736349,2240.5,2284.9,2230,2278.35,176561
736350,2280.05,2299.9,2256.05,2272.95,190801
736351,2279,2329.3,2274.15,2318.85,161259
736354,2323.3,2348,2315,2327.3,214198
736356,2333,2333,2285.05,2302.85,256991
736357,2301,2310.6,2255.7,2263.4,172772
736358,2270,2359.9,2263.55,2341.95,234367
736361,2360,2361.95,2310.1,2327.9,155264
736362,2310,2384.4,2300,2364.1,281676
736363,2345,2395,2335,2347.65,179941
736364,2370,2389.85,2295,2310.65,1147152
736365,2318.4,2378.95,2303.15,2366.35,261889
736368,2366.3,2388.8,2348,2355.05,80466
736369,2344,2390,2337.9,2376.6,166296
736370,2363.95,2387.9,2342,2368.15,194080
736371,2376.7,2386.95,2289.05,2329.9,310125
736372,2310,2328.8,2251,2304.4,326424
736375,2326,2372.3,2305,2342.1,308865
736376,2365,2368.7,2328.55,2329.85,293481
736377,2329.5,2369,2263.8,2357.45,248046
736378,2370.05,2417.65,2364.1,2406.4,318053
736379,2410,2467,2406.15,2455.8,310736
736382,2459,2485,2451.25,2476.75,199748
736383,2480,2480,2386.75,2396.45,220555
736384,2386.75,2408,2330.35,2337.4,297923
736385,2338,2352.85,2292.2,2322,530719
736386,2331.2,2351.9,2221.85,2238.1,524806
736389,2240,2268,2171.95,2201.2,660576
736390,2205.1,2267,2205.1,2258.2,481942
736391,2279.95,2318,2212.4,2230.3,809509
736392,2250,2286.2,2241,2280.1,557055
736393,2289.8,2324.1,2262.6,2306.25,339975
736397,2308,2339,2295.1,2326.25,203818
736398,2322.35,2335,2300,2316.8,295112
736399,2344.7,2344.7,2304.6,2324.6,139845
736400,2332.95,2347,2310.1,2325.9,122688
736403,2333,2333,2302.2,2316.6,214060
736404,2308,2328,2268.1,2278.45,379744
736405,2245.6,2259.65,2213,2250,364016
736406,2256.55,2283.3,2250.15,2269.9,379252
736407,2271,2308,2268.35,2303.35,284447
736410,2307.9,2320,2289.4,2314.2,179791
736411,2302,2322.8,2297.7,2310.8,394338
736412,2314.9,2364,2304.9,2356.4,258677
736417,2375.5,2375.5,2332.75,2357.35,210492
736418,2356.9,2374,2332,2351.95,143428
736419,2364,2440,2363,2422.45,379072
736420,2418,2457,2398.6,2405.95,487678
736421,2410,2427.4,2378,2419.85,238387
736424,2430,2477.7,2427.2,2448.25,188472
736425,2449.9,2470,2386.3,2394.85,189320
736426,2397.9,2425,2386.5,2395.2,110752
736427,2387,2395.2,2354.3,2378.45,140705
736428,2369.95,2404.85,2350.5,2389.45,214592
736431,2397.95,2439,2373,2433.85,134590
736432,2433.85,2468.05,2433.75,2459.7,171855
736433,2474.7,2614.5,2473,2582.5,474377
736438,2605,2609.9,2531,2544.45,238512
736440,2546.7,2572.4,2512.3,2532.8,215577
736441,2532,2548,2485,2496.45,177164
736442,2489.65,2554,2479,2522.15,223129
736445,2512.75,2559.9,2512.75,2543.75,251692
736446,2541,2559.5,2506.55,2548.1,280095
736447,2551.25,2583.15,2537.25,2548.25,204441
736448,2536.05,2568.6,2481,2487.5,285060
736449,2487,2500.75,2462.85,2491.95,176707
736452,2484,2525,2450.1,2477.95,185691
736453,2475,2498.9,2450.1,2462.85,334288
736454,2454.5,2480.55,2451,2460.3,132511
736455,2463,2488.3,2446.35,2453.3,127867
736456,2446.55,2453.75,2430.1,2435.2,118418
736459,2435,2537,2431.05,2527.15,180905
736460,2529.8,2540,2500,2530.05,159486
736461,2500,2554.8,2496.45,2517.25,191358
736462,2512.3,2558,2512.3,2549.05,166196
736463,2540.6,2545,2508.5,2517.7,168060
736466,2520.1,2526.2,2455,2512.1,163404
736467,2525,2535,2496.25,2506.55,164096
736468,2488,2501.95,2455,2461.7,293238
736469,2468,2471.6,2422.5,2435.45,226925
736470,2437,2461.55,2427,2453,137638
736473,2461,2464,2408.6,2421.8,270512
736474,2421,2421,2364.35,2379.4,208394
736475,2404.85,2504.95,2376.45,2475.3,1132838
736476,2494,2517.75,2475,2505.15,581544
736477,2505,2581.95,2487,2563.7,326701
736480,2583,2614.95,2570.6,2607.15,281067
736481,2605,2642,2603,2618.35,447826
736482,2635,2635,2600,2603.8,163603
736483,2585.05,2602.05,2556.6,2594.95,219851
736484,2595.6,2659.15,2595,2639.2,293506
736487,2641.8,2650,2619.1,2630,200798
736488,2649.85,2658,2625.2,2640.75,238210
736489,2640.75,2655.75,2624,2632.35,235110
736490,2634.3,2635.35,2577.1,2592.35,226078
736491,2590,2623.6,2565,2579.95,134463
736494,2566,2594.7,2554,2583.75,122703
736495,2585.05,2586.05,2550,2560.75,164026
736496,2570.5,2610.1,2565.15,2603.55,220412
736497,2582,2589.55,2550,2567.1,223474
736498,2573,2589,2555.6,2581.4,137960
736501,2550,2624.45,2550,2617.9,150107
736502,2620,2653.8,2612.25,2636.25,255537
736503,2636.25,2639.55,2613.5,2632.15,142146
736504,2630,2666,2601,2652,276005
736505,2600,2684.75,2554.85,2678.8,341530
736508,2690,2703,2643.6,2648.45,274105
736509,2662,2669.7,2615,2624.4,277647
736510,2647.8,2650,2632,2645.85,329314
736511,2658,2700,2655,2689.95,457899
736512,2697.5,2719.95,2665.05,2671.25,307070
736515,2680,2690,2645,2652.8,185737
736516,2645,2648.95,2602.65,2612.15,209086
736518,2608.5,2625,2590,2610.55,205355
736519,2620,2635,2600,2604.6,147732
736522,2626,2658,2626,2649.05,180070
736523,2657,2675,2635.1,2651.8,193652
736524,2660,2668,2630.2,2657.1,147655
736525,2643,2674,2641,2665.1,134930
736526,2668.5,2700,2667.4,2695.6,207722
736529,2714.45,2763,2706,2755.35,362174
736530,2760.1,2764,2745,2758.85,343673
736531,2761.75,2793,2746.25,2779.35,380227
736532,2787.1,2801.85,2762,2770.6,239917
736533,2765.2,2767.2,2715.5,2720.6,214012
736536,2720,2754.1,2680,2700.85,300696
736537,2705,2715.8,2660.2,2673.95,291824
736538,2675,2727.05,2621.2,2670.15,1179297
736539,2671.7,2711.75,2653,2660.5,473920
736540,2660,2724.2,2660,2700.8,321171
736543,2710.1,2780,2710.1,2736.15,458487
736544,2749.9,2780,2726.2,2747.65,285707
736545,2743.1,2758.5,2705,2714.85,180584
736546,2738,2774.9,2724,2744,251834
736547,2754.3,2881,2750,2862.1,419350
736550,2872.1,2918.05,2860.15,2871.45,242032
736551,2871.9,2893.75,2833.8,2866.8,225096
736552,2862.2,2902,2845.15,2856,203530
736553,2860,2888.8,2825,2846.35,152651
736554,2846,2904,2840,2868.7,179931
736558,2872.25,2897.3,2840,2883.05,196703
736559,2892.4,2951.8,2883.05,2939.65,289452
736560,2933,2958.25,2925,2946.1,139176
736561,2946.1,2948.95,2920.5,2933.2,92809
736564,2933,2950,2908.05,2924.9,167024
736565,2923.9,2923.9,2868,2878.8,164538
736566,2885,2900.75,2851,2869.7,189493
736567,2894,2903.95,2849.05,2862.4,196374
736568,2877.4,2877.4,2845.05,2858.25,172603
736571,2867.8,2904,2809.05,2887.85,129976
736572,2897.05,3010,2897.05,2978.9,421580
736573,2982,3037.75,2969.9,2978.5,345001
736574,2978.5,3018.3,2955.35,2999,193060
736575,2970.05,3015,2924.3,2998.05,350046
736579,2996,3035.45,2990,3004.8,214998
736580,3020,3020,2980,2985.8,159864
736581,2980,3120,2980,3088.7,406556
736582,3091.9,3107.2,3017.25,3036.45,233241
736585,2970,2977.7,2926,2954.9,161009
736587,2964,2994.45,2939.55,2971.55,257712
736588,2971,2978,2925.15,2931.75,232030
736589,2932.9,3031,2932.9,2981.6,349528
736592,2984.85,3012.3,2940,2945.85,192976
736593,2923.8,2956,2875,2886.95,315212
736594,2889,2966.5,2857.05,2902.65,472910
736595,2936,2972.95,2916.65,2926.75,271251
736596,2926,2954.2,2912.6,2929.65,334216
736599,2924,2933,2878,2891.6,287196
736600,2918,2927.8,2870,2875.8,176614
736601,2879,2925,2871.55,2913.9,302892
736602,2941,2953.95,2835.2,2846.4,480296
736603,2857.95,2857.95,2816.8,2827.6,229858
736606,2830,2908.35,2830,2880.9,281923
736607,2903,2917,2876.05,2894.2,260010
736608,2900,2910,2845.8,2857.95,188728
736609,2869.05,2869.05,2811.2,2823.05,176396
736610,2827.05,2900,2785,2883.5,325112
736613,2892,2906.75,2856.1,2876.4,121601
736616,2865.1,2880.4,2815.05,2825.25,185672
736617,2838,2849,2792.4,2798.3,181609
736620,2805,2834.9,2743.65,2753.85,194876
736621,2756.25,2810,2755.55,2792.65,198776
736622,2801.3,2820,2768.85,2787.95,305702
736623,2797.25,2824.6,2790,2796.55,151814
736624,2810,2815,2782,2802.35,142333
736627,2808.5,2814.6,2785.1,2790,148446
736628,2797,2811.5,2786,2801.55,207170
736629,2795,2845,2790.05,2823.95,157120
736630,2824.9,2833.9,2751.3,2761.5,214627
736631,2764,2857.5,2762,2848.1,777805
736633,2875,2875,2815,2830.4,34039
736635,2830.4,2864,2819.6,2825.6,337967
736636,2818.7,2829.9,2770,2818.8,297340
736637,2810,2852.95,2790,2829.85,354196
736638,2829.9,2850,2805.5,2814.3,223620
736641,2830,2849.9,2781,2824.1,286013
736642,2834,2875.25,2819.25,2865,278172
736643,2746,2823.95,2658.1,2778.55,605617
736644,2790,2846.8,2710.6,2726.6,294318
736645,2709.1,2768,2633,2647.6,277559
736649,2632,2659,2510.35,2576.1,410208
736650,2601,2662.95,2570.2,2605.65,493925
736651,2590,2665,2522,2549.8,331352
736652,2556,2579.95,2545,2574.8,176488
736655,2575,2584.9,2510,2524.4,271829
736656,2540,2614.8,2514.85,2599.5,301790
736657,2639.7,2639.7,2571,2600.35,253894
736658,2591,2658,2550,2630.9,609817
736659,2620,2646,2603.15,2613.05,238138
736662,2619.95,2665,2612,2637,245346
736663,2640.8,2687,2635.05,2664.15,254430
736664,2690,2690.05,2664,2685.15,480765
736665,2684,2718,2667.35,2694.9,252658
736666,2674.5,2715,2653.05,2701.35,220351
736669,2692,2765.5,2689.05,2740.75,238386
736670,2745.3,2754.75,2725,2733.3,204792
736671,2736.3,2740.9,2686.3,2699.05,182325
736672,2715,2789.25,2715,2778.6,193573
736673,2781.55,2786.35,2716.1,2720.15,182787
736676,2715,2716.3,2646.15,2655.15,350356
736677,2655,2665.9,2640,2659.15,243253
736678,2669,2669.3,2631.6,2648.5,165794
736679,2668,2699.05,2628.85,2670.65,247366
736680,2681,2681,2649,2659.5,181030
736683,2649,2658,2633,2642.1,152159
736684,2644.85,2662.3,2575.5,2585.95,205165
736685,2600.1,2632,2579,2585.25,140989
736686,2586,2590,2551,2564.15,137600
736687,2565.1,2633.25,2553.8,2618.8,197018
736690,2617.7,2650,2577.7,2600.7,121218
736691,2595,2643.7,2570,2633.8,169834
736692,2634,2654.25,2623.4,2633.15,275831
736693,2625.2,2666.8,2610.75,2651.45,190486
736694,2652.1,2666,2627,2632.2,130704
736697,2642.7,2654.3,2552,2598.5,323342
736698,2594,2632.2,2561.45,2619.2,420196
736699,2625.2,2698.55,2615.95,2684.1,343922
736700,2694,2730,2685,2723.35,188686
736701,2721,2739.9,2696.7,2707.35,159484
736704,2717,2746,2708,2723.15,116789
736705,2728.25,2747.3,2712,2740.75,154097
736706,2746.5,2748.5,2703.55,2718.55,225842
736707,2715,2743.45,2707.65,2737.15,243299
736708,2732,2753.75,2691.2,2708.55,247719
736711,2703,2730,2686.65,2721.65,116324
736712,2711,2742,2700,2728.9,139584
736713,2743,2743,2687.35,2699.7,161391
736714,2698.9,2712,2681.5,2695.3,235309
736715,2689,2720,2682,2701.05,204961
736718,2695.5,2715,2685,2706.5,147551
736719,2712,2810,2701.65,2798.95,270474
736720,2815,2866,2772.75,2849.65,451576
736722,2840,2885.2,2830,2854.1,194917
736725,2850.05,2852,2808.7,2825.05,280860
736726,2821.1,2919,2789.3,2833.45,902056
736727,2838.3,2872,2812,2854.15,369867
736728,2852,2858.9,2801.1,2807.45,253057
736729,2792.15,2815.4,2789,2808.1,236258
736732,2815.35,2825,2784.1,2799.4,316141
736733,2802,2809.7,2755,2769.8,321618
736734,2772.2,2788,2760.1,2781.9,282631
736735,2797.4,2810,2751.1,2784.3,213997
736736,2795,2812.8,2773.65,2800.8,165244
736739,2815,2817,2785,2806.5,116262
736740,2806.85,2810.9,2755.15,2778.1,287490
736741,2779.6,2802.3,2765.05,2789.6,265709
736742,2799,2799,2765,2783.65,235740
736743,2773,2792,2751,2778.9,437855
736746,2784.4,2821.45,2764.4,2791.5,155317
736747,2792,2806,2774.2,2799.25,100217
736748,2793.5,2808.5,2777.05,2799.75,422928
736749,2805,2824.45,2786,2814.1,605474
736753,2810,2845,2783.55,2795.05,318398
736754,2788,2804.25,2751,2755.9,280728
736755,2756,2795,2752.05,2769,283157
736756,2805.5,2844.8,2791.55,2832.05,705809
736757,2835,2839,2807,2832.8,186815
736760,2844.9,2896,2842.7,2883.1,400007
736761,2885.4,2893,2870.5,2879.45,194245
736762,2880.4,2882.9,2851.1,2869.95,174051
736763,2860,2884.95,2852,2870.7,156617
736764,2876.8,2889.9,2853.25,2864.55,114745
736768,2902,2910,2854.05,2866.7,309456
736769,2869.7,2890,2856.05,2873.1,221254
736770,2881.3,2944.9,2862.5,2936.4,431866
736771,2945.9,2948.7,2890.15,2912.5,296053
736774,2916.15,2932.5,2905.15,2923.55,190575
736775,2926.6,2930.15,2890.1,2906.85,214599
736776,2890.25,2904.1,2845.15,2853.8,376780
736777,2848.25,2875,2848.25,2865.95,364883
736778,2880,2880,2835.05,2843,218228
736781,2845.7,2853,2795.1,2808.4,242914
736782,2820,2838.7,2810.05,2824.85,97374
736783,2827.8,2850,2796.55,2831.1,507170
736784,2840.05,2847,2815,2822.85,369748
736785,2822.5,2832.7,2800,2805.45,227360
736788,2808.4,2837.5,2775,2783.6,247337
736790,2786.5,2798.95,2754.75,2760.85,407700
736791,2787.85,2815,2781.05,2806.3,373610
736792,2808,2845.95,2795.4,2830.45,413979
736795,2855,2857.45,2822,2837,128113
736796,2816.15,2834.75,2804.05,2822.45,266234
736797,2820,2849.5,2807,2839.5,324376
736798,2844.45,2868.5,2840,2848.15,372385
736802,2844.9,2858.75,2823.55,2852.15,145680
736803,2849,2862.7,2800,2824.4,272356
736804,2820.2,2831,2788.05,2808.7,142477
736805,2805,2848.45,2799.95,2831.5,127818
736806,2827.15,2843.2,2814.4,2824.3,169580
736809,2827.25,2871.2,2810.15,2867.75,172269
736810,2876,2900,2851.55,2896.8,272704
736811,2915,2915,2858.75,2885.45,165523
736812,2870.15,2914.95,2852,2866.05,312224
736813,2865,2902,2854.1,2864,136681
736817,2873.6,2920,2873.6,2898,154197
736818,2909.6,2943.9,2901.55,2933.25,176248
736819,2947.6,2947.6,2919,2942.55,183545
736820,2939.85,2939.85,2882,2887.65,146931
736823,2899.95,2908.4,2851,2856.95,140340
736824,2864.25,2887.3,2835,2873.15,274565
736825,2880,2908.95,2858.1,2904.8,150174
736826,2905.3,3005.45,2897.05,2998.45,416000
736827,3005,3018.45,2970,3004.8,414871
736830,3005,3022.85,2985.1,2999.7,106401
736831,2992.2,3029,2967.1,3024,159021
736832,3001.25,3047.5,3001.25,3039.7,303412
736833,3018,3033,2962.05,2973.1,513008
736834,2973.35,3019,2946.1,2972.65,246957
736837,2987.7,3003.95,2900.5,2914.15,209411
736838,2928,2928,2812,2824.95,482580
736839,2815,2866.35,2750,2764.3,307723
736840,2764,2833.75,2760.9,2822.8,389540
736841,2820,2835,2797.05,2814.1,237938
736844,2813,2850.9,2787.75,2837.95,155372
736845,2837,2863.95,2822,2851.4,98514
736846,2850,2866,2835,2845.95,430019
736847,2848,2888.25,2828.3,2839.35,246574
736848,2804,2870,2772.85,2852.85,381642
736851,2850,2930.45,2850,2898.4,297406
736852,2900,2920,2863,2873.55,136966
736853,2852,2897.55,2852,2876,131500
736854,2872.2,2895,2863.2,2868.15,142325
736855,2872,2879,2832.55,2865.8,178737
736858,2855.15,2866.4,2818.45,2824.6,365323
736859,2825,2857,2821.7,2834.9,146666
736860,2800,2838.95,2800,2825.15,157837
736861,2819,2848.2,2808.55,2814.4,131874
736862,2815,2829.7,2801.4,2809.8,209497
736865,2855,2894,2815,2827.75,500836
736866,2810,2827.95,2806.5,2815.3,274896
736867,2812,2828.1,2790.5,2817.5,143712
736868,2817.5,2851,2807.35,2845.7,223966
736869,2850,2850.45,2817,2824.3,154968
736873,2828.45,2829.15,2761,2779.3,322785
736874,2789,2801,2770.2,2777.05,284660
736875,2787.8,2812,2779.25,2801.3,224331
736876,2796,2799.7,2764.45,2791.2,266443
736879,2769,2793.5,2750.55,2789.35,335713
736880,2790,2790,2755,2769.65,331944
736881,2761.3,2784.45,2751,2771.25,251283
736882,2734,2741,2722.9,2728.6,488894
736883,2716,2733,2694.5,2708.25,290037
736886,2844,2844,2700,2730.65,20831
736887,2735.7,2803,2735.7,2792.75,393672
736888,2801,2818,2774.3,2785.85,288437
736889,2795,2806.75,2780.45,2789.75,303857
736890,2800,2816.9,2767.55,2809.8,150816
736893,2819.85,2828.55,2800,2821.25,134022
736894,2827.8,2847.9,2818,2831.75,195878
736895,2834,2835,2802.4,2823.7,247730
736896,2823.4,2855.85,2800.1,2818.6,675692
736897,2818.6,2840.7,2806.35,2815.8,319397
736900,2815,2834.95,2802.2,2826.75,204810
736901,2840,2862.4,2819.25,2847.7,220402
736902,2846,2852.8,2829.2,2841.35,252553
736903,2849.5,2869.1,2825.05,2840.3,306789
736904,2810,2867,2804.45,2828.15,136729
736907,2845,2845,2785,2808.55,173664
736908,2812,2830.5,2798.05,2823.4,190726
736909,2789.95,2817.7,2786,2802.9,298840
736910,2805,2838.7,2800.05,2834.25,325945
736911,2824,2900,2811.15,2874.65,257208
736914,2875,2903.55,2868.35,2889.25,169287
736915,2890,2981,2876,2911.6,763401
736916,2919.5,2929.05,2807.1,2831.15,305248
736917,2818,2831.15,2761,2796.2,497306
736918,2780,2798.45,2750,2788.2,321890
736921,2798,2841.8,2786,2831.6,165120
736923,2832,2861,2810.05,2849.2,129201
736924,2850,2868.1,2816,2825.85,152160
736925,2817.8,2824.3,2791,2811.35,128913
736928,2811,2820,2760.1,2766.5,77884
736929,2779.9,2779.9,2731.55,2740.55,80340
736930,2757,2769.9,2720.05,2754.65,117188
736931,2764.3,2764.3,2710.1,2728.55,213909
736935,2740,2753.2,2704,2742.05,227147
736936,2740,2751.2,2715,2726.6,175171
736937,2735,2766.95,2735,2750.55,147597
736938,2760,2828.45,2731.35,2814.5,508660
736939,2827.9,2935,2827.9,2916.35,722050
736942,2916,2933.6,2889.95,2915.15,345756
736943,2927,2969.7,2905.05,2950.7,353285
736944,2938,2939,2900.05,2920.55,171348
736945,2940,2977,2900.95,2965.45,292925
736946,2952,2984.5,2906.2,2915.45,177449
736949,2940,2948,2910,2929.6,153148
736950,2939,2946.95,2915,2935.75,139203
736951,2929,2974,2920,2934.95,168435
736952,2945,2956.95,2916.05,2928.35,128663
736953,2918,3036.05,2901.5,3025.6,578878
736956,3045.1,3149,3045.1,3137.4,719616
736957,3138,3155.05,3108.3,3115.45,232404
736958,3115,3119.7,3084.2,3090.55,179312
736959,3090.55,3135,3068.65,3078.85,339952
736960,3064,3084.65,3008.05,3042.45,277811
736963,3058.4,3058.4,3004.8,3044.1,412640
736964,3032,3058,3030,3044.9,210821
736965,3055.2,3066,3007,3031.25,271027
736966,3034,3056,3019.05,3039.45,324106
736967,3064,3138.6,3051.15,3109.4,368325
736971,3186,3212.95,3145.65,3162.2,481726
736972,3152.45,3209,3129.1,3173.5,203556
736973,3175,3190,3121.3,3130.8,131961
736974,3145.1,3154.75,3131,3141.55,125550
736977,3138,3151.9,3118,3125.45,113070
736978,3142.9,3142.9,3105.65,3134.7,213575
736979,3134.7,3216.9,3106,3143.9,432980
736980,3169.95,3173.5,3117,3155.9,311670
736981,3164,3180,3136,3160.85,255125
736984,3175,3239,3170.1,3224.8,255885
736985,3235,3315,3218.65,3259.95,920067
736986,3249.95,3265,3208.2,3226.8,288969
736987,3231.9,3240.65,3198.1,3217.95,60297
736991,3192,3229,3158,3217.65,300953
736992,3210.55,3229,3195.25,3210.05,166189
736993,3264,3264,3219.55,3232.25,123563
736994,3233.9,3295,3211.75,3283.4,185904
736995,3300,3344.9,3275.7,3300.15,277293
736998,3310.7,3323.9,3275,3282.2,139317
736999,3270.05,3296,3250.45,3257.1,195420
737000,3270,3293.95,3229.85,3239.75,282258
737001,3277,3278,3216.55,3241.1,199530
737002,3228,3254,3211,3217.45,183308
737005,3211,3244.5,3199,3209.85,154249
737006,3239,3239,3146.05,3161.65,281480
737007,3174.9,3211.15,3162.8,3189.05,250148
737008,3197.95,3216.9,3192.05,3200,267945
737009,3200,3275,3181.45,3253.35,416184
737012,3268,3282.7,3215.1,3223,246148
737013,3239.7,3287.1,3203.1,3266.55,230037
737014,3260,3282,3207.25,3212.95,165929
737015,3225,3250,3187.55,3208.85,159508
737016,3230,3246.45,3193.25,3206.85,247099
737019,3200,3255,3200,3242,209888
737020,3254.7,3307,3251,3300.25,218921
737021,3316.95,3348,3307.1,3313.2,304485
737022,3324,3329.6,3250,3264.65,149829
737023,3310,3327.9,3278.95,3288.3,336075
737026,3289,3289,3255.75,3271.4,208372
737027,3275,3307.8,3261.1,3289.15,231860
737028,3301,3330.95,3294,3315.9,287207
737029,3304.45,3373.8,3285.85,3305.5,489763
737030,3338,3339.3,3202.2,3216.9,438600
737033,3246.9,3247,3182.8,3198.7,177911
737034,3197.7,3197.7,3145.55,3163.9,272147
737035,3155,3155,3102.65,3109.55,212605
737036,3110.65,3208.9,3110.65,3196.05,292357
737037,3235.7,3239.95,3200,3212.65,268936
737040,3216.1,3237.35,3173.8,3210.85,175534
737041,3210.35,3210.85,3156,3165.7,219008
737042,3160,3196,3132,3151.3,240391
737043,3160,3171,3133.2,3162.8,168975
737044,3188,3265,3163.7,3198.8,679114
737047,3179.9,3240.95,3038.9,3226.75,315433
737048,3235,3330.8,3230.15,3319.8,423748
737049,3318.85,3340,3269.05,3301.2,261149
737050,3300,3320,3278,3289.45,130594
737051,3277,3358.05,3255.55,3328.95,307746
737055,3350,3385,3312.45,3369,301225
737056,3385,3385,3320,3339.05,206665
737057,3327,3343.95,3280,3295.15,251949
737058,3295,3341,3285.5,3333.6,165478
737061,3340,3345.05,3276.4,3289.25,174560
737062,3309,3348,3280,3294.75,297721
737063,3310,3310.2,3231.55,3241.05,372267
737064,3244,3274.25,3219,3264.45,256909
737065,3263,3294,3244.05,3279.85,113508
737068,3285.1,3296.7,3265.25,3275.75,120330
737069,3276,3284.5,3231.05,3243.5,324363
737070,3228.25,3240,3200.2,3207.4,296961
737071,3210,3220.3,3180.15,3193.4,324132
737072,3208.9,3214,3152.25,3175.35,193239
737075,3182.2,3189,3154.5,3166,109156
737076,3176,3185,3140.05,3160.05,175692
737077,3158,3216.6,3154.35,3194.15,224799
737078,3210,3241.9,3191,3201.2,282478
737079,3207.8,3223.75,3173.45,3210.4,143928
737082,3200,3283,3200,3274.5,223845
737083,3280,3324,3272.05,3295.95,324780
737084,3295,3349.95,3277.05,3341.55,402759
737085,3344,3345.9,3295,3311.7,246647
737089,3317,3377.95,3293.55,3363.9,365342
737090,3373.95,3404.95,3341.1,3358.3,425678
737091,3348,3385.8,3256.15,3337.15,275934
737092,3340,3421.2,3290,3412.95,439064
737093,3419,3468.35,3166.95,3241.3,1269438
737096,3200,3233,3140.6,3185.55,585934
737097,3005,3157.95,3005,3135.1,270751
737098,3198.3,3198.3,3125.2,3135.55,223029
737099,3155,3189.95,3131.9,3157.95,202895
737100,3129,3142.5,3080.85,3099.25,175504
737103,3134,3162.9,3082,3154.1,239055
737105,3155,3159.95,3100,3109.75,286070
737106,3125,3167.1,3097.55,3143.5,148715
737107,3158,3158,3095.55,3103.9,132450
737110,3110,3117.5,3010,3030.6,219206
737111,3032,3070.5,3010.75,3049.85,236222
737112,3080.9,3081.55,3003.1,3012.6,275688
737113,3014.8,3014.8,2966,2974.3,369716
737114,2988,3007.95,2960.1,2986.4,377558
737117,3004,3044,3000.9,3008.7,203189
737118,3040,3058,3022,3034.7,325597
737119,3010,3056.65,2990,3020.6,519406
737120,3067.1,3080,3008.05,3020.9,503301
737124,3020.9,3020.9,2931.75,2943.55,287300
737125,2969.9,2976.05,2883.25,2899.2,258501
737126,2898,2940,2875,2903.9,185188
737127,2919.7,2945,2891.1,2923.9,143854
737128,2934,2966.9,2918.15,2935.4,205178
737131,2956,2966,2931,2957.75,246428
737132,2959,3004,2952.95,2971.75,287288
737133,2963,2969,2936,2950.55,225181
737134,2960,2971.9,2936.5,2948.75,181457
737135,2940,2958,2890.35,2910.45,338593
737138,2913.55,2920.85,2842.65,2849.45,231927
737139,2843.9,2888.25,2830.3,2873,227109
737140,2889.95,2890.45,2835.35,2851.8,231405
737141,2851.9,2873.75,2822,2834.95,325295
737142,2814.9,2817.25,2745,2789.95,451122
737145,2788,2864.75,2732.05,2848.65,299008
737146,2861,2863.9,2791,2798.3,304403
737147,2775,2792.3,2735.55,2744.7,680019
737152,2755,2815.95,2749,2808.95,396178
737153,2790,2829.9,2785,2792,324121
737154,2807,2816,2746.25,2766,308672
737155,2790,2815.95,2782.4,2808.15,341534
737156,2814.95,2824.05,2776.25,2786.4,282872
737159,2788,2803.95,2767.35,2772.45,270316
737160,2790,2799,2762.45,2766.45,298049
737161,2775,2780,2751,2755.55,275482
737162,2777,2780,2757,2763.2,349414
737163,2769.45,2806,2759.25,2786.2,400416
737166,2783.7,2841.45,2776.1,2838.3,479220
737167,2845,2875.3,2840,2864.2,562666
737168,2879,2879,2845.7,2862.05,352687
737169,2865,2865,2841.15,2857.95,283973
737170,2853.8,2870.05,2801.05,2852.7,466032
737173,2852.8,2880,2820,2852.15,235602
737174,2856.1,2897.3,2850,2886.8,261691
737175,2885,2911.95,2864.55,2900.35,319384
737176,2924,2924,2877,2884.95,387123
737177,2890,2960,2890,2947.15,365533
737180,2972.95,2977.5,2928.85,2952.6,122656
737182,3019.65,3043.4,2950.05,2965.95,523589
737183,2994.95,2994.95,2951.1,2975.2,382125
