733554,589.48,608.15,492.21,500.17,3201589
733555,496.14,600.24,482.49,544.92,4426772
733556,554.11,653.93,554.11,629.71,4670664
733557,645.13,690.67,597.34,621.31,4603021
733558,631.13,656.29,577.98,632.71,3112245
733561,638.6,686.74,611.09,674.9,2287513
733562,660.22,677.7,621.46,660.26,2340425
733563,662.18,662.18,556.66,588.45,2883286
733564,592.43,628.58,562.26,620.77,1368714
733565,628.04,631.63,597.39,619.84,808907
733568,609.13,636.64,569.83,618.85,771930
733569,607.16,663.16,607.16,657.51,955943
733570,660.22,670.04,629.86,642.04,764113
733571,617.97,627.25,590.46,595.27,421715
733572,596.36,613.55,562.71,570.62,466698
733575,584.57,607.16,576.95,603.28,505300
733576,599.3,615.02,594.49,600.33,253292
733577,604.22,606.38,574.84,581.57,144927
733578,569.83,614.04,567.91,601.12,476392
733579,592.43,607.41,522.67,545.22,294517
733582,541.34,565.8,540.36,555.49,524184
733583,555.58,561.97,527.58,539.52,299723
733584,532.5,621.41,530.53,566.98,126482
733585,567.86,589.48,567.86,579.9,136858
733586,574.74,574.74,540.36,552.14,174019
733589,555.09,560,510.88,528.42,107260
733590,525.62,527.48,493.84,508.67,87566
733591,502.04,520.71,486.32,513.39,229338
733592,486.52,504.84,438.18,470.11,296687
733593,463.08,491.23,439.16,490.94,100469
733596,485.98,534.46,485.98,512.65,429729
733597,467.46,508.92,467.46,501.99,240498
733598,540.36,540.36,503.02,508.97,92666
733599,505.97,510.73,491.23,497.91,85217
733600,510.78,510.88,458.47,470.55,46581
733603,489.27,489.27,447.02,453.8,80460
733604,439.16,454.88,428.4,440.64,53488
733605,432.28,444.02,410.18,417.5,274172
733606,431.3,431.3,407.82,414.35,398469
733607,398.24,420.49,381.25,403.5,169910
733610,403.79,414.21,400.94,403.5,111003
733611,395.29,417.5,395.29,412.63,127249
733612,425.41,442.06,420.54,430.17,533607
733613,431.3,472.07,431.3,443.48,149484
733614,428.35,447.02,428.35,438.42,39756
733617,429.34,444.07,424.47,428.4,15449
733618,427.37,427.37,418.53,422.31,54941
733619,401.24,434.74,401.24,429.88,14589
733620,421.48,439.16,421.48,434.89,14121
733621,422.46,442.01,415.58,435.23,24031
733624,423.69,446.97,423.69,444.71,12404
733625,444.71,466.67,430.32,459.69,15954
733626,456.85,488.28,456.85,473.74,47104
733627,486.32,525.62,461.91,506.26,129572
733628,501.06,520.71,496.14,508.43,41444
733631,525.62,581.62,518.74,531.02,239836
733632,540.36,540.36,503.51,514.52,55355
733633,509.65,545.27,501.06,534.56,78403
733634,525.62,539.81,515.79,519.67,28169
733638,495.16,518.74,495.16,510.05,53515
733639,493.2,540.26,493.2,531.22,184900
733640,541.44,541.44,513.93,522.33,30421
733641,507.44,536.43,507.44,518.84,27536
733642,514.81,520.41,508.43,513.24,24642
733645,520.71,531.46,511.86,520.51,31102
733646,511.03,538.34,511.03,518.35,49849
733647,544.24,544.24,503.02,510.59,44835
733648,501.55,540.36,501.55,534.71,71099
733649,540.36,548.21,523.06,527.88,50107
733652,523.06,535.44,520.71,524.78,9840
733653,525.62,533.08,524,526.7,18355
733655,520.71,529.35,511.96,516.97,34471
733656,510.98,534.46,510.88,515.74,34724
733659,535.44,535.44,508.92,512.7,39370
733660,510.88,518.74,506.46,513.04,73444
733661,503.02,530.33,496.14,511.42,70203
733662,510.88,513.83,464.71,470.7,48360
733663,472.57,480.42,445.15,461.07,24127
733666,442.11,446.87,402.32,435.33,17571
733667,413.57,413.57,381.25,396.13,285813
733668,397.9,416.42,384.68,395.1,57183
733669,388.07,388.07,344.84,366.7,42701
733670,383.11,383.11,356.04,368.18,145429
733673,368.42,386.6,368.42,383.26,88841
733674,369.41,379.87,369.41,377.22,16762
733675,367.44,387.09,367.44,382.28,12622
733676,371.37,394.95,371.37,389.15,30896
733677,377.66,390.04,370.44,373.78,11202
733680,370,378.25,366.26,370.19,36197
733681,334.14,383.16,334.04,379.87,29480
733682,371.86,380.16,354.67,357.47,17633
733684,360.56,369.11,332.81,343.86,72962
733687,334.04,336.99,296.02,308,39925
733688,309.48,322.15,275.43,287.22,14016
733689,286.88,289.83,231.86,240.02,20425
733691,196.74,226.95,192.02,192.02,135337
733694,210.25,210.25,172.82,174.83,45224
733695,189.62,192.32,181.07,186.13,35353
733696,176.84,182.64,169.03,171.1,25522
733697,167.02,167.9,159.16,161.96,70579
733698,162.11,167.02,147.37,155.62,74740
733701,157.19,159.11,148.35,152.28,344959
733702,150.71,162.11,144.52,147.76,79318
733703,141.47,152.28,141.47,147.27,22075
733704,138.77,141.97,137.54,138.18,26848
733705,133.62,144.42,124.38,124.38,33633
733708,122.86,122.86,111.95,111.95,3808
733709,115.93,117.55,106.4,115.54,5530
733710,117.99,117.99,109.84,111.9,33645
733712,116.13,117.5,106.35,114.6,58482
733715,117.9,120.35,114.95,117.94,3086794
733716,123.84,123.84,115.93,120.2,74844
733717,123.79,125.95,121.83,122.81,64509
733718,121.83,123.79,118.19,119.86,127129
733719,116.23,125.85,116.23,125.85,33705
733722,127.82,132.19,127.82,131.01,42206
733723,129.69,137.59,129.69,137.59,9936
733724,133.62,143.44,133.62,138.13,89598
733726,139.51,142.36,132.63,134.55,30544
733729,128.7,134.6,127.82,128.21,21269
733730,121.87,127.62,121.83,121.92,8036
733731,120.84,120.84,115.83,117.26,112020
733732,111.61,115.93,111.41,115.69,48799
733733,109.94,115.93,109.94,111.76,50634
733736,108.17,112.79,106.7,107.09,99534
733737,106.6,110.53,101.73,101.73,185666
733738,96.97,101.1,96.67,96.67,44405
733740,95.3,96.97,91.86,93.87,192077
733743,93.33,98.59,89.31,91.42,171569
733744,91.47,91.47,86.85,89.16,13603
733745,86.6,92.35,86.6,90.04,3875661
733746,89.4,94.56,89.4,93.38,323009
733747,92.35,98.05,92.35,98.05,30752
733750,102.96,102.96,102.96,102.96,7428
733752,108.12,108.12,103.16,107.43,366251
733753,108.07,108.07,103.36,105.81,27919
733754,100.7,108.07,100.7,104.04,38677
733757,103.06,109.25,103.06,106.11,47263
733758,102.18,109.35,102.18,104.39,533547
733759,102.23,108.76,99.18,99.18,37391
733760,96.38,104.14,96.28,103.7,10517
733761,100.21,108.91,100.21,108.91,57062
733764,112,114.36,107.14,113.33,252140
733765,114.95,119.03,111.31,119.03,28037
733766,125.02,125.02,119.86,125.02,15022
733768,131.31,131.31,131.31,131.31,85779
733771,137.25,137.89,132.88,137.89,105432
733772,143.83,144.82,139.51,144.82,148699
733773,146.88,152.09,139.51,147.07,114772
733774,148.35,153.17,142.46,147.81,37218
733775,148.84,155.23,143.44,155.23,25605
733778,160.53,162.99,158.67,162.99,13158
733779,171.15,171.15,163.33,171.15,133560
733780,179.74,179.74,166.13,173.16,134304
733782,168,181.66,164.51,177.58,33293
733785,178.81,186.47,172.91,186.03,41061
733786,188.63,195.36,185.69,195.36,29720
733787,205.14,205.14,201.41,205.14,7339
733788,208.28,210.25,194.92,194.92,162720
733789,185.19,185.19,185.19,185.19,12058
733792,175.96,175.96,175.96,175.96,1847
733793,167.17,184.8,167.17,184.8,67902
733794,184.8,191.29,175.57,176.2,568945
733795,178.81,179.79,167.41,169.67,42877
733796,173.11,173.11,161.22,162.79,28639
733800,161.12,161.12,154.69,157.15,11525
733801,152.38,165,150.37,165,33956
733802,164.56,171.93,161.12,164.42,24660
733803,162.11,172.67,159.16,169.43,24215
733806,162.16,170.95,162.16,162.84,4663
733807,161.12,165.64,154.74,154.89,228207
733808,152.28,161.27,147.66,150.71,7705
733809,153.22,153.22,148.35,149.24,4701
733810,147.37,151.74,143.69,145.21,5956
733813,147.37,149.78,138.04,139.12,34117
733814,137.54,146.09,137.54,145.65,55387
733815,141.38,145.4,139.51,140.59,14647
733816,139.51,145.01,136.76,137.99,30091
733817,138.53,144.91,137.54,140.69,18956
733820,141.03,145.16,137.54,137.94,10843
733821,137.54,141.08,137.54,138.92,15989
733822,137.54,141.47,137.05,139.02,10372
733823,137.64,140.44,136.96,138.04,12370
733824,137.54,144.96,137.54,143.39,15222
733828,142.46,149.33,136.22,148.45,19456
733829,155.13,155.13,148.4,153.9,13947
733830,152.33,159.16,152.28,154.93,39593
733831,156.7,156.7,152.28,152.72,37975
733834,152.28,155.67,145.55,148.4,12296
733835,143.44,151.3,142.85,148.65,120392
733836,147.37,151.89,142.46,144.96,7523
733837,143.44,149.97,138.04,142.7,4003
733838,147.12,147.12,133.91,139.8,235100
733841,138.53,146.29,137.94,145.45,18540
733844,144.42,149.14,141.47,143.49,3502
733845,140.54,151.3,140.54,142.26,77968
733848,147.22,147.37,141.08,146.09,8103
733849,144.42,147.37,142.21,142.56,24287
733850,143,149.33,143,145.7,13341
733851,143.54,155.03,143.54,148.3,24969
733852,145.45,151.3,145.45,149.14,4454
733855,147.37,164.07,147.37,157.15,28048
733856,163.58,164.07,157.29,161.71,17496
733857,160.34,162.11,157.19,160.78,8383
733858,160.34,167.95,159.36,165.79,10473
733859,162.11,171.93,162.11,166.53,8318
733862,166.82,166.82,156.21,158.03,65010
733863,162.94,168,158.18,166.09,13950
733864,165.05,178.81,162.6,175.91,13795
733865,181.76,184.7,169.28,175.32,18136
733869,176.11,186.52,176.11,184.6,23347
733871,172.72,191.58,172.72,187.95,32274
733872,187.6,192.56,179.94,185.88,15797
733876,178.81,195.51,178.81,184.21,9418
733878,184.7,186.67,179.35,185.54,10058
733879,192.07,197.43,187.65,192.12,20730
733880,196.39,196.49,191.43,195.9,17395
733883,196.49,215.5,194.82,213.24,74096
733884,211.23,229.26,197.82,220.56,77135
733885,224,235.79,213.19,230.63,52252
733886,230.88,235.79,224.98,229.21,29955
733887,228.03,235.79,218.65,233.68,11992
733890,230.88,234.66,224.98,227,4980
733891,224.79,225.48,217.12,219.68,5478
733892,222.04,228.91,209.31,214.37,6547
733897,225.08,225.13,217.37,225.13,10605
733898,225.97,235.59,218.35,226.06,107036
733899,226.06,226.06,219.09,221.64,7902
733900,221.05,232.75,216.14,231.47,38312
733901,232.84,242.62,232.84,240.85,46001
733904,245.62,249.35,232.06,237.76,151116
733905,231.96,249.64,231.96,248.22,17157
733906,244.63,257.31,244.63,254.61,41317
733907,245.62,250.72,242.62,243.85,3383
733908,237.76,246.6,231.67,231.81,28575
733912,243.41,243.41,243.41,243.41,65378
733913,255.59,255.59,251.61,255.59,63004
733914,268.36,268.41,268.36,268.41,5421
733915,281.87,281.87,281.87,281.87,11150
733918,295.97,295.97,295.97,295.97,465
733919,310.8,310.8,289.93,308.84,81531
733920,324.31,324.31,314.39,324.31,14322
733921,340.57,340.57,340.57,340.57,1546
733922,357.62,357.62,357.62,357.62,80641
733925,373.24,375.5,355.65,375.5,101879
733926,393.48,394.31,383.16,394.31,7642
733927,414.06,414.06,414.06,414.06,1922
733928,434.79,434.79,393.38,403.94,250243
733929,408.71,417.55,389.1,393.23,51085
733932,402.81,404.78,373.58,380.7,41524
733933,368.62,396.92,368.62,392.79,60409
733934,389.06,403.84,379.48,391.07,35831
733935,388.12,395.93,388.12,392.99,32618
733936,392.99,402.81,388.07,392.69,47094
733939,391.02,397.9,388.07,393.28,20377
733940,383.16,404.78,383.16,402.71,9985
733941,407.72,414.6,398.39,402.76,18398
733942,392.99,402.81,382.62,391.56,14612
733943,388.07,400.8,375.45,387.19,11212
733946,388.56,391.02,384.63,387.78,30075
733947,388.07,388.07,368.42,369.06,23679
733948,378.25,380.16,361.06,364.79,22132
733949,368.42,377.95,368.42,376.77,40049
733950,383.01,395.64,377.27,391.46,15720
733953,410.67,411.06,393.97,409.29,11805
733954,408.75,408.75,388.86,388.86,6740
733955,373.34,383.16,369.46,369.46,15807
733956,351.13,380.21,350.05,365.57,19424
733957,370.39,376.48,365.57,369.75,16382
733960,373.34,382.18,351.28,351.77,43940
733961,341.9,361.5,339.93,342.29,7951
733962,343.86,347.74,332.07,338.31,8902
733963,335.02,338.95,329.13,336.94,6311
733964,337.97,341.9,330.21,334.53,5928
733967,338.95,338.95,319.45,321.46,13037
733968,329.13,337.97,323.23,330.94,5769
733969,341.7,356.54,333.06,348.23,31266
733970,363.41,383.06,359.63,363.66,42280
733971,368.42,372.35,356.63,360.52,43992
733974,358.6,368.13,345.97,356,16204
733975,351.72,356.59,346.91,351.23,10378
733976,353.69,355.65,340.72,343.91,28571
733977,334.04,372.16,334.04,367.69,19296
733978,367.44,380.21,357.67,371.91,21133
733981,375.99,375.99,363.81,368.42,10496
733982,367.44,367.44,356.73,358.7,27136
733983,353.69,363.12,337.53,344.3,12085
733984,357.32,357.32,340.57,341.65,13200
733985,343.86,349.76,331.09,333.3,27254
733988,337.97,342.73,321.76,330.55,59793
733989,333.74,336.74,329.13,331.34,13556
733990,330.11,336,319.25,321.17,24957
733991,321.17,329.13,316.35,318.76,13422
733992,309.48,319.3,302.65,305.01,9011
733995,313.26,313.8,293.76,296.56,70973
733996,294.74,301.62,276.17,280.94,29332
733997,279.71,289.73,270.18,279.71,22349
733998,281.23,292.77,281.23,286.54,17009
733999,286.88,290.32,281.13,286.78,25704
734002,283.44,289.83,276.07,279.41,6822
734003,287.71,288.65,276.32,280.35,12794
734004,280,281.97,263.6,267.43,11539
734005,267.23,273.71,258.39,261.19,13323
734006,265.07,269.98,256.72,263.15,34405
734009,272.14,277.05,265.31,266.89,33969
734010,268.21,292.82,265.27,272.58,68804
734011,278.82,279.81,273.12,274.84,18346
734012,275.58,285.75,273.62,280.4,44078
734013,283.93,287.86,281.97,284.87,25526
734016,284.08,287.37,272.14,274.4,29316
734017,278.04,284.91,275.14,277.89,18218
734018,278.53,282.8,273.37,276.81,12214
734019,282.46,284.91,270.18,272,56210
734020,271.6,281.97,264.28,267.52,35129
734023,269.2,274.5,269.2,271.7,18186
734024,270.18,273.62,260.84,263.5,39768
734025,270.18,270.18,259.37,261.92,18069
734026,256.47,266.74,255.49,257.01,31947
734027,258.39,260.35,244.63,249.74,32470
734030,248.61,256.42,246.6,248.56,13406
734031,250.53,254.46,246.6,250.38,29312
734032,250.38,255.44,250.38,252.89,19669
734033,253.48,261.34,253.48,255.78,42852
734034,260.4,286.88,256.77,270.67,273322
734038,269.64,301.32,269.1,290.27,416370
734039,289.83,305.45,285.01,287.67,169547
734040,284.91,291.5,278.04,280.69,58166
734041,284.91,290.32,275.19,279.07,57043
734045,284.82,285.9,272.63,273.42,47465
734046,273.12,278.77,266.49,273.57,41173
734047,267.48,296.7,267.48,286.04,264074
734051,283.93,305.55,283.34,296.21,476290
734052,298.67,301.32,285.06,293.31,94875
734053,296.31,306.92,295.72,300.09,103512
734054,311.44,328.14,306.53,321.02,267015
734055,324.21,336,314.39,316.6,162312
734058,321.17,328.54,317.88,322.79,115768
734060,328.14,343.76,322.3,338.85,317978
734061,341.9,351.72,329.08,332.76,228955
734062,333.99,336,314.39,316.3,106632
734063,320.28,330.01,316.3,326.28,41215
734066,331.09,331.97,320.28,324.21,115350
734067,318.86,331.09,304.56,322.59,191269
734068,322.59,329.47,318.37,322.49,78086
734069,328.93,329.13,310.46,313.36,55313
734072,313.41,318.02,300.73,302.89,43405
734073,301.62,319.3,293.76,295.33,89196
734074,288.4,307.51,288.4,305.2,60457
734075,299.65,326.03,291.05,311.34,74242
734076,319.25,322.25,300.14,306.04,48783
734080,295.72,313.8,287.08,289.38,25305
734081,298.67,303.34,290.91,297.39,21840
734082,297.39,303.97,290.96,296.7,20465
734083,301.62,303.38,290.81,293.41,24749
734086,299.46,300.54,289.93,296.07,113386
734087,296.7,320.28,293.07,310.85,319949
734088,312.33,312.33,295.87,306.53,169145
734089,306.68,313.31,301.76,305.6,81084
734090,307.27,308.49,300.98,307.56,39822
734093,307.02,319.3,305.55,314.73,120446
734094,316.4,342.88,314.54,340.42,356045
734095,338.95,343.57,324.26,328.73,173090
734096,324.21,337.97,319.3,322.05,79781
734097,319.4,330.11,319.4,321.22,52183
734100,322.25,333.99,319.3,324.41,48550
734101,324.21,329.13,320.38,323.53,23483
734102,320.28,328.14,320.28,321.51,26270
734103,324.21,327.11,310.66,313.65,18525
734104,309.57,319.79,298.67,307.17,26062
734107,314.93,316.6,303.58,305.64,28850
734108,307.51,319.3,306.68,315.81,145973
734109,314.39,331.09,311.59,325.34,195891
734110,330.99,335.81,319.94,325.98,316829
734111,325.98,332.07,322.59,326.67,51804
734114,326.18,335.61,323.23,329.52,140340
734115,330.89,338.85,328.63,331.63,176011
734116,330.11,333.06,319.3,323.03,47273
734117,322.94,328,319.3,320.97,67241
734118,325.2,326.57,320.77,322.94,367064
734121,322.74,326.18,319.3,320.92,26592
734122,322.94,322.94,316.5,319.55,27818
734123,316.65,323.87,316.65,319.4,19722
734124,310.56,342.39,310.56,334.92,295658
734125,336,339.93,319.79,320.82,93735
734128,329.08,329.08,319.3,319.45,40922
734129,319.3,323.87,319.1,319.5,112889
734130,319.84,325.15,318.81,319.35,130185
734131,320.82,328.14,319.3,322.89,342350
734136,324.31,327.46,319.99,324.31,29671
734137,325.2,331.09,324.21,329.76,102370
734138,331.09,347.2,330.11,339.54,492415
734142,343.32,354.92,340.18,353.15,246992
734143,358.6,365.18,350.79,353.93,195573
734144,353.69,355.65,343.96,345.58,69105
734145,345.83,350.69,340.92,342.88,47778
734146,346.81,351.97,341.9,343.86,53882
734149,348.38,349.27,341.41,345.39,138107
734150,348.68,350.64,335.02,337.08,121662
734151,334.04,334.92,328.24,333.5,94972
734152,336,339.93,333.06,334.19,61632
734153,334.97,344.84,332.37,337.53,71892
734156,330.84,341.8,330.84,340.33,35950
734157,340.92,350.25,340.92,346.56,105913
734158,345.83,349.86,341.46,345.97,48859
734159,342.88,348.77,338.95,341.85,68653
734160,332.66,347.25,329.17,342.39,69052
734163,343.76,344.8,334.04,337.43,62429
734165,334.04,336.99,316.11,320.09,121679
734166,333.45,333.45,310.46,315.27,37236
734167,312.28,316.84,304.91,313.01,39901
734170,313.01,335.02,309.48,324.21,324127
734171,329.08,333.79,320.43,324.56,110831
734172,318.32,335.02,318.32,332.27,139310
734173,334.04,336.49,331.09,333.89,319424
734174,314.39,343.81,314.39,340.77,61001
734175,336,341.75,336,337.67,5806
734177,338.95,355.31,338.02,353.2,106095
734178,353.2,353.2,341.8,342.49,49920
734179,351.72,351.72,331.97,335.12,16880
734180,336.99,344.84,329.47,331.83,24037
734184,333.06,341.9,331.09,331.93,19401
734185,340.92,340.92,319.79,326.23,1130988
734186,333.84,333.84,324.21,324.56,49005
734187,320.48,330.99,320.48,324.95,11470
734188,324.21,327.11,321.76,324.26,14041
734191,329.08,331.09,323.33,324.26,35284
734192,325.2,327.11,320.53,325.69,28215
734193,326.18,327.16,322.25,324.51,14496
734194,324.51,327.95,324.51,325.74,16500
734195,325.74,347.79,325.74,341.01,211427
734199,338.95,353.69,337.97,340.82,243216
734200,340.92,346.81,334.04,335.61,51776
734201,339.93,341.85,329.47,332.22,37911
734202,331.34,338.41,329.42,331.14,46320
734205,336.99,337.97,327.16,328.34,34812
734206,329.13,337.87,328.19,331.48,39812
734207,331.19,342.78,329.27,338.66,212034
734208,330.26,342.78,330.26,332.22,84808
734209,330.11,336.89,319.5,325,237136
734212,326.18,326.91,322.35,324.16,70624
734213,321.27,330.11,321.27,324.75,36336
734214,324.66,327.85,322.35,324.11,452027
734215,327.06,327.16,320.77,323.67,295484
734216,322.15,324.51,321.76,324.02,322895
734219,319.74,323.23,310.75,312.33,82987
734220,314.24,320.28,312.42,313.21,94788
734222,309.67,319.79,309.48,311.44,1903706
734223,311.44,329.13,311.44,316.4,350322
734226,315.67,322.44,314.39,318.61,38453
734227,318.32,335.9,317.29,330.55,122311
734228,332.07,336,328.39,330.26,40012
734229,315.71,341.9,315.71,338.85,63005
734233,334.04,342.39,334.04,340.47,25630
734234,338.95,340.92,334.09,336.89,19252
734235,335.02,340.72,334.04,336.3,15795
734236,331.09,348.53,331.09,343.81,130302
734237,344.84,355.11,337.97,352.8,84595
734240,346.81,362.53,340.92,353.29,105883
734241,353.69,362.43,344.84,346.47,50182
734243,346.91,353.69,316.35,321.22,1414176
734244,321.22,325,299.95,302.55,456191
734247,299.65,305.06,294.74,300.49,160721
734248,304.56,309.48,301.62,307.86,135263
734249,309.48,318.47,307.61,313.16,226280
734250,312.42,320.58,312.42,315.76,75504
734251,316.35,318.32,313.5,316.3,38093
734254,314.78,321.95,312.91,321.27,83060
734255,323.23,323.23,316.89,317.93,30287
734256,314.09,325.88,310.75,321.22,873561
734257,318.32,335.02,318.32,333.25,133947
734258,334.04,340.92,333.55,337.92,137326
734261,338.95,343.81,336.3,339.15,34082
734262,338.95,343.86,332.07,333.15,41391
734263,349.27,399.81,319.3,391.12,3961658
734264,393.97,418.53,393.97,405.66,3293816
734265,393.97,398.83,385.13,391.02,621808
734268,398.88,444.37,394.07,431.06,1707527
734269,436.21,450.46,419.66,426.09,1332125
734270,429.34,467.65,426.44,460.48,2197639
734271,466.67,525.13,464.71,502.87,5328296
734272,499.88,539.37,483.67,527.63,5763332
734275,520.71,548.02,512.75,522.67,2762814
734276,525.62,535.93,473.55,477.77,1703379
734277,473.06,493,451.15,459.6,1854824
734278,465.69,481.41,440.14,444.02,785730
734279,437.2,457.34,422.85,449.33,1387834
734282,459.4,461.02,415.14,421.48,733999
734283,403.79,431.01,397.9,417.25,1510652
734284,431.3,438.08,417.74,433.41,886673
734285,430.81,443.78,428.45,438.13,613104
734286,444.07,446.04,432.87,435.72,307252
734289,450.51,450.51,429.34,433.27,334090
734290,431.11,458.61,431.11,448.15,609447
734291,451.84,458.81,448.15,454.34,269397
734292,463.58,478.85,456.35,474.97,473906
734293,469.32,479.44,459.06,461.66,248055
734296,456.85,458.81,443.09,450.61,124850
734297,455.13,456.85,433.27,440.05,183811
734298,484.06,484.06,452.92,458.76,2004692
734299,463.72,464.21,452.38,458.32,563535
734300,462.25,465.49,453.41,455.91,263605
734303,459.79,462.84,448.99,453.46,189596
734304,456.85,456.85,444.76,445.99,132929
734305,448,456.85,444.17,446.87,121841
734306,444.07,453.85,439.06,440.88,104800
734307,427.37,427.37,396.82,396.82,2468615
734310,399.86,421.28,399.86,409.93,1095684
734311,398,416.37,398,409.88,291426
734312,405.76,418.43,404.78,410.87,237468
734313,407.87,417.4,407.87,411.75,197496
734314,412.63,419.95,410.18,414.7,241481
734317,417.25,420.49,408.71,418.28,150468
734318,403.15,437.2,403.15,431.89,1064948
734319,427.27,432.28,416.96,429.48,292887
734320,430.32,437.69,423.44,425.11,150132
734321,429.34,432.78,417.65,423.2,101207
734324,423.93,427.37,417.94,421.03,105645
734325,422.41,423.93,415.73,417.89,63183
734326,421.28,423.44,418.53,419.61,80506
734327,422.46,426.39,414.94,416.17,102003
734328,418.43,419.91,408.71,410.72,104605
734331,407.92,432.28,407.92,422.71,362024
734332,425.36,425.36,416.56,417.79,78500
734333,418.14,422.46,411.65,413.91,100558
734334,411.16,416.56,407.72,408.95,80689
734335,408.71,412.63,406.99,408.41,74214
734338,410.67,420.99,403.94,417.94,188404
734339,420,431.11,420,424.82,230756
734340,425.41,439.16,423.44,426.73,540468
734341,436.21,437.1,423.64,425.6,238372
734342,428.35,430.22,416.66,418.97,75900
734345,420.99,420.99,386.7,414.94,151577
734346,417.55,428.35,414.6,422.41,151135
734347,423.44,424.92,416.66,419.02,92564
734348,419.02,426.39,413.13,424.03,114516
734349,420.49,427.13,418.53,422.71,70861
734352,423.54,431.3,422.46,424.33,49997
734353,421.48,433.27,421.48,424.13,74718
734354,424.13,428.31,422.51,426.93,57612
734355,426.39,431.99,423.44,427.62,93132
734356,425.11,431.79,425.11,427.22,76756
734359,427.96,430.32,423.44,427.67,39501
734360,428.35,428.35,423.64,426.59,53681
734361,425.41,472.57,425.41,449.97,1877066
734362,451.93,476.1,451.93,472.32,1014426
734363,480.42,489.95,463.97,469.22,561305
734366,469.81,476,454.88,462.4,172814
734367,471.58,472.17,458.47,462.1,94106
734368,463.72,465.88,457.83,461.12,82519
734369,465.69,481.01,465,471.24,163023
734370,465.29,480.42,465.29,477.38,122715
734373,480.42,487.99,471.58,484.31,161248
734374,486.12,488.92,466.77,470.5,83602
734375,463.72,482.1,463.72,476.59,151753
734376,480.42,480.92,472.57,476.84,63960
734377,479.64,479.64,465.2,470.16,76543
734380,471.58,476.45,469.62,472.22,32440
734381,467.65,473.55,466.77,471.24,45093
734382,470.6,481.31,470.55,476.74,57789
734383,483.86,488.28,477.67,479.2,106061
734384,489.76,524.34,482.78,510.49,1319677
734387,515.79,517.22,499.68,505.58,471048
734388,510.98,520.71,500.91,502.83,379137
734389,504,509.9,496.73,503.95,157454
734390,508.87,510.59,498.45,501.25,109272
734394,502.04,518.74,499.19,507.44,243125
734395,504.99,523.65,500.17,509.9,229940
734396,508.92,514.76,504.1,507.39,126628
734397,508.87,516.78,503.02,505.23,112535
734398,506.95,529.55,506.95,515.6,586760
734401,516.78,520.71,514.32,518.25,146230
734402,520.21,521.69,508.97,516.97,220455
734403,515.79,531.91,512.94,517.17,368423
734404,519.72,521.69,511.81,516.97,229076
734405,519.67,525.52,513.58,518.15,463298
734408,522.18,531.96,516.83,524.73,409288
734409,527.58,554.9,521.69,533.97,378856
734410,538.39,539.32,517.71,525.81,106545
734411,529.55,530.53,522.47,524.98,45368
734412,530.38,534.46,512.94,517.56,80875
734415,518.74,523.65,504,506.31,119752
734416,510.39,515.7,503.02,505.72,101186
734417,507,515.3,500.07,506.02,61128
734418,516.28,517.27,501.15,505.53,99754
734419,508.72,509.8,493.2,496.59,70205
734422,500.07,509.41,493.3,495.7,68845
734423,496.14,500.96,465.69,491.04,53226
734424,493.2,505.82,488.28,498.01,82346
734425,498.01,500.03,491.23,493.15,28789
734426,489.32,500.76,488.28,490.54,39174
734429,491.23,513.73,486.32,497.52,181921
734430,500.07,507.93,488.33,491.48,79157
734431,496.68,498.5,473.55,479.74,57646
734432,487.3,487.3,476.5,482.39,38394
734433,483.18,486.17,471.73,474.73,32219
734436,479.39,479.44,475.51,477.28,28496
734437,481.41,481.41,467.06,469.81,34579
734438,471.78,471.78,461.76,465.44,29364
734439,462.1,466.67,456.89,458.02,26747
734440,456.85,466.57,446.97,461.95,33193
734443,464.8,474.92,447.02,459.06,44396
734444,469.62,470.5,451.93,463.82,21727
734445,464.71,478.36,461.76,471.73,40522
734446,473.55,479.34,466.77,473.5,17047
734447,476.84,483.91,476.5,480.92,10530
734450,484.35,484.35,466.67,473.35,19933
734451,476.5,480.33,465.69,466.97,29797
734452,473.55,479.44,462,463.67,42346
734453,466.67,470.01,455.86,457.24,21716
734454,457.83,459.79,446.04,447.17,20529
734457,455.77,486.32,432.28,457.73,88311
734458,459.79,464.61,446.14,457.24,54628
734460,452.97,466.67,443.09,454.49,44056
734461,452.03,456.75,442.11,448.99,45980
734464,453.9,461.76,443.09,454.59,35169
734465,446.63,460.63,436.21,451.93,74061
734466,451.93,456.75,445.06,449.92,98494
734467,452.87,454.88,439.16,451.98,49946
734468,448.99,458.61,442.26,453.55,50981
734471,452.52,456.85,432.38,452.38,23925
734472,451.88,471.58,447.07,463.82,35330
734473,467.65,481.41,467.65,473.2,48963
734474,476.5,486.32,473.55,475.86,60903
734475,479.39,483.27,473.6,478.17,74015
734478,478.12,484.35,475.02,478.56,28469
734479,476.4,479.44,471.58,473.6,22202
734480,470.6,479.34,447.02,451.34,26396
734481,460.78,461.66,439.46,450.95,52813
734482,456.75,456.75,439.31,450.41,123926
734485,453.9,453.9,445.6,451.15,107093
734486,451.88,452.92,448.15,449.77,647386
734487,451.88,456.21,448,450.85,330717
734488,446.04,452.97,446.04,451.49,20089
734492,451.49,451.93,443.39,445.45,5897
734493,445.55,451.79,445.55,448.4,4052
734494,444.07,449.92,434.3,436.41,39405
734495,443.88,446.78,432.33,442.11,84119
734496,441.13,446.04,436.61,443.39,15821
734499,446.87,450.95,442.11,446.78,11459
734500,448.1,492.9,447.76,464.61,215447
734501,462.84,477.48,461.86,462.49,71061
734502,462.74,466.57,456.85,457.58,14376
734503,460.38,461.76,453.11,454.73,19092
734506,454.98,463.58,454.78,462.15,12077
734507,466.67,469.52,456.11,459.99,12567
734508,465.1,465.1,453.01,456.6,5111
734509,452.03,464.71,445.55,446.53,6854
734510,450.56,450.56,436.26,438.03,15788
734513,437.29,441.86,423.44,430.56,13870
734514,436.21,439.46,422.46,424.82,11826
734515,430.81,434.05,421.48,425.16,15782
734516,420.54,430.32,420.54,425.16,8382
734517,422.46,429.78,413.91,416.47,6495
734520,412.73,422.41,402.96,406.2,9580
734521,407.72,439.16,407.72,426.19,363862
734522,436.61,455.81,422.61,427.81,375032
734523,422.61,433.91,417.55,422.07,44167
734524,413.67,426.39,387.19,417.25,17714
734527,417.6,421.77,412.63,415.29,10528
734528,419.46,419.46,414.85,416.47,19521
734530,414.8,415.58,405.95,408.85,7745
734531,403.5,412.49,402.81,407.97,27913
734534,402.81,404.73,389.06,401.63,25369
734535,411.65,411.65,394.56,406.74,11428
734536,403.01,411.85,390.43,397.95,48368
734537,398.88,404.48,393.97,401.39,32091
734538,401.83,415.58,398,403.1,24487
734541,402.86,416.56,399.08,407.77,13323
734542,408.66,411.46,402.81,408.02,17735
734543,395.93,407.62,395.93,402.61,20521
734544,398.88,404.38,395.54,401.68,22818
734545,397.95,412.49,396.92,409.83,15323
734548,421.43,422.46,416.47,419.91,20355
734549,419.95,422.41,405.76,408.56,15836
734550,408.56,424.82,407.72,421.43,16097
734551,417.55,428.35,417.55,423.44,7275
734552,426.39,432.28,420.49,422.95,9784
734555,418.53,424.38,415.58,418.58,4107
734556,419.51,421.92,415.09,417.94,6461
734557,419.51,478.46,416.76,440.29,311871
734558,447.02,447.02,420.59,422.07,26762
734559,417.55,431.3,410.67,418.97,16628
734562,427.42,456.75,420.84,425.21,68754
734563,427.27,437.15,421.48,434.1,52880
734565,443.29,520.95,443.29,520.95,2281124
734566,521.69,596.36,521.69,537.46,6383614
734569,492.21,535.15,491.87,506.17,1407909
734570,509.41,537.9,496.93,531.51,2263783
734571,536.92,582.99,530.63,568.4,3759875
734572,568.36,579.65,550.43,554.16,1029725
734573,549.2,568.8,534.46,540.5,823901
734576,540.36,564.62,540.31,548.85,587662
734577,518.74,543.06,507,512.9,459601
734578,515.79,548.02,515.79,530.92,907611
734579,515.79,545.17,515.79,518.64,505843
734580,522.57,531.51,499.68,504.69,602070
734583,513.63,515.15,492.8,495.46,339764
734584,499.09,533.87,499.09,519.67,1791366
734585,526.6,532.89,518.25,522.82,703199
734586,522.67,529.16,437.64,509.55,358945
734587,514.03,518.74,506.17,508.82,288763
734590,510.88,519.67,500.71,507.54,372476
734591,510.88,518.74,504.1,506.71,344194
734592,509.36,515.7,504.99,507.2,165728
734593,507.49,535.25,505.63,515.11,1034105
734594,518,525.23,511.42,514.52,228784
734597,515.94,524.34,514.81,517.96,200064
734598,520.61,525.52,513.83,515.55,252131
734599,519.38,522.47,510.98,512.9,183900
734600,514.27,530.43,513.04,519.53,365541
734601,522.03,528.27,517.56,521.59,362707
734604,520.71,532.5,518.15,520.76,346756
734606,516.78,523.6,514.91,516.24,126255
734608,516.28,521.39,498.8,507.49,145937
734611,510.68,522.57,505.87,507.34,225390
734612,506.95,527.88,506.07,524.1,499713
734613,491.23,545.76,491.23,536.43,987383
734614,512.31,541.14,512.31,528.52,279873
734618,530.53,544.24,524.14,530.97,327542
734619,513.34,537.9,513.34,527.53,259927
734620,530.53,536.43,520.71,530.53,195131
734621,534.41,541.83,526.8,538.64,282727
734622,535.44,541.78,515.79,519.23,155128
734625,523.65,524.19,508.47,512.45,70813
734626,510.93,515.89,493.2,497.42,74745
734627,496.93,505.87,483.37,487.15,94309
734628,491.23,498.11,471.78,475.07,69536
734629,476.54,484.85,469.77,477.18,62430
734632,479.05,488.28,476.64,479.88,63565
734633,487.55,488.87,475.51,479.25,52473
734634,481.41,486.22,477.48,480.13,45097
734635,477.62,483.37,473.55,475.81,35994
734636,467.75,479.44,467.75,473.55,40431
734639,474.43,495.8,470.6,487.25,115420
734640,491.23,505.92,476.5,488.09,461182
734641,495.16,525.67,495.11,512.4,934861
734642,515.79,519.63,494.82,497.47,174714
734643,501.11,501.11,484.94,487.11,83467
734646,489.22,489.22,474.04,475.56,50508
734647,477.53,493.59,473.55,481.9,113610
734648,476.5,489.76,476.5,477.43,69549
734649,481.31,482.78,473.74,476.2,28098
734650,477.13,483.37,475.56,478.36,35840
734653,483.22,489.27,481.7,485.04,44216
734654,486.37,512.35,485.34,509.31,332872
734655,512.65,519.67,508.03,511.91,115383
734656,509.7,510.73,495.16,503.46,64091
734657,503.51,510.88,497.13,499.48,37096
734660,499.09,499.09,487.3,493.44,34136
734661,494.18,542.32,494.18,535.93,1259471
734662,531.51,554.65,524.34,550.92,1186603
734663,549.93,564.33,535.64,554.31,1091166
734664,557.16,563.39,545.86,551.06,550352
734667,554.16,555.68,536.47,540.99,168232
734668,542.76,558.92,541.34,542.81,208879
734669,546.25,555.78,536.43,538.54,143105
734670,538.39,540.36,521.84,528.37,65130
734671,531.71,538.19,520.9,524.93,72985
734674,530.33,530.33,491.23,504.4,90826
734675,513.83,513.83,483.47,489.22,89087
734676,495.11,505.97,476.5,478.51,138384
734677,483.08,483.08,470.6,476.05,107963
734678,474.73,500.07,474.73,497.42,143053
734681,491.04,530.53,490.84,513.09,525708
734682,517.66,520.66,506.95,509.26,134275
734683,513.48,516.28,505.97,508.97,65418
734684,511.18,511.81,499.09,505.23,137669
734685,509.85,515.79,503.02,506.21,209857
734688,506.95,515.7,502.14,508.18,103547
734689,504.99,518.2,503.71,510.83,171112
734690,513.68,515.55,506.07,509.75,90346
734691,506.95,521.2,506.95,516.83,119761
734692,520.61,520.61,506.07,508.13,56667
734695,510.73,514.52,503.02,505.18,45633
734696,505.87,510.83,499.09,507.64,64567
734697,512.65,535.34,509.06,530.19,757441
734698,536.82,559.71,533.77,546.3,1137667
734699,551.75,551.75,535.54,537.7,121092
734702,530.53,541.34,525.77,530.09,57161
734703,525.62,552.05,525.62,541.63,257815
734704,546.15,546.15,533.28,535.54,51549
734705,535.54,542.32,515.79,525.72,48143
734706,530.43,535.05,527.78,530.09,38877
734709,530.09,536.28,528.57,531.32,26001
734710,529.65,544.97,522.92,526.21,75071
734711,527.58,541.68,525.67,534.71,77076
734712,530.53,537.21,527.58,528.07,26349
734713,522.67,541.34,522.67,526.31,62747
734716,529.55,533.48,515.94,516.83,39513
734717,520.41,520.41,507.05,513.98,22333
734718,510.88,510.88,501.65,504.79,31978
734719,505.97,515.3,499.58,501.45,30731
734720,491.23,494.67,473.65,491.77,48559
734723,481.41,494.18,467.75,489.37,75455
734724,476.5,497.32,462.99,489.71,45147
734725,497.13,508.72,492.26,503.12,41391
734726,496.14,510.64,496.14,505.67,30233
734727,508.03,520.51,486.32,491.62,25907
734731,499.98,499.98,483.37,489.02,30692
734732,495.65,495.65,482.39,488.43,19249
734733,489.37,496.59,482.39,492.85,26787
734734,482.39,491.23,476.5,487.79,30930
734737,492.21,492.21,482.54,486.57,8811
734738,487.55,516.04,483.37,497.86,39692
734739,500.76,510.68,486.81,492.41,26202
734740,495.16,502.04,486.42,487.74,14168
734741,495.16,505.97,487.74,492.71,52951
734744,496.14,591.25,492.71,567.62,391876
734745,580.19,610.99,520.71,527.58,2880683
734748,533.18,553.03,515.79,537.9,888104
734751,532.89,543.99,525.72,534.56,203470
734752,534.26,562.66,526.6,541.78,461270
734753,538.39,553.03,531.66,539.81,158256
734754,535.54,551.16,532.99,537.8,136081
734755,538.39,554.11,531.51,543.5,254585
734758,535.98,599.11,531.27,541.98,1002137
734759,548.41,560.99,537.06,542.66,252646
734760,543.3,548.07,535.59,538.29,108202
734761,544.63,544.68,530.73,532.2,77677
734762,536.82,563.93,533.72,556.37,487525
734765,550.18,554.26,540.5,542.52,74297
734766,545.61,568.85,541.34,555.73,282618
734767,556.07,564.28,542.42,551.36,101289
734768,536.67,558.73,531.81,534.46,88969
734769,522.82,541.24,522.72,527.24,126602
734772,528.42,537.41,511.18,516.53,71603
734773,519.33,535.1,493.84,525.67,72060
734774,526.75,537.21,517.76,522.57,50589
734775,519.72,525.23,515.74,519.04,34315
734776,518.74,527.48,512.99,515.2,38403
734779,513.88,513.88,501.06,503.95,36603
734780,500.07,509.9,492.36,494.52,41056
734781,496.19,504,487.6,492.21,29293
734783,495.75,511.77,495.75,498.26,237470
734786,498.11,507.84,498.11,505.38,24698
734787,509.9,529.45,508.33,517.22,87469
734788,517.76,527.09,515.79,522.08,47011
734789,524.64,531.51,517.41,519.67,39560
734790,518.1,522.57,507,516.19,28111
734793,516.97,529.2,515.79,523.06,78176
734794,522.62,523.31,510.88,518.4,35990
734795,523.65,545.17,521.93,535.69,258712
734796,543.79,580.64,543.79,549.49,872093
734797,552.49,555.78,533.92,535.84,156058
734800,539.37,545.17,528.32,530.78,71876
734801,530.87,535.1,520.71,523.16,66164
734802,525.62,534.31,525.62,533.08,18410
734804,540.16,548.02,529.06,531.76,76935
734807,530.53,540.01,530.53,532.4,65403
734808,527.39,542.32,526.7,529.89,58427
734809,525.62,535.44,520.8,530.33,35679
734810,538.88,545.32,529.55,531.96,67285
734811,532.79,537.41,525.67,527.63,40640
734815,522.67,532.89,521.93,525.72,30727
734816,525.77,529.5,496.39,516.09,40214
734818,512.85,520.71,506.07,509.06,27304
734821,515.4,525.62,504.45,508.47,28856
734822,507.93,510.88,495.16,497.62,38007
734823,505.23,507.44,487.3,493.2,58227
734824,495.11,504.99,489.37,491.62,38567
734825,496.05,496.14,474.19,476.05,37515
734828,472.57,481.41,471.58,472.96,18292
734829,473.06,479.15,469.67,471.83,24479
734830,469.22,469.22,457.93,462,124523
734831,459.79,465.54,448,453.65,40351
734832,452.92,458.52,443.09,445.25,46326
734835,454.05,454.05,442.21,448.3,120924
734836,450.36,462.49,443.39,452.28,83585
734837,454.88,454.88,404.92,416.56,607676
734838,427.37,440.14,422.46,428.11,120806
734839,432.33,448,431.3,439.46,185992
734842,443.48,444.76,434.49,440.98,46457
734844,440.98,444.07,435.72,442.7,37585
734845,442.06,443.98,426.68,430.37,41651
734846,420.59,431.3,414.6,417.11,27893
734849,419.61,421.87,407.72,413.81,42693
734850,407.33,413.81,394.02,397.5,252244
734851,396.92,401.83,390.14,395.59,47030
734852,388.17,405.76,388.07,397.8,28951
734853,400.85,437.2,400.85,412.09,231273
734856,409.74,415.58,395,398.44,38604
734857,407.72,417.55,384.14,393.08,43870
734858,397.9,407.62,394.31,400.99,30756
734859,404.78,411.46,401.09,407.48,60954
734860,413.32,419.95,405.86,415.24,48020
734863,418.53,421.97,411.7,415.39,34514
734864,415.09,435.23,413.72,430.61,111582
734865,430.81,436.21,422.56,430.56,57216
734866,430.12,437.34,424.47,434.54,40275
734867,437.2,442.11,415.58,421.72,50425
734870,425.41,425.46,410.77,412.68,18610
734871,417.79,430.32,414.8,428.55,22991
734872,428.35,431.11,407.23,410.96,29045
734873,334.04,422.41,334.04,413.18,24687
734874,412.63,423.44,412.63,414.4,32637
734875,415.29,420.3,413.67,417.25,3534
734877,422.85,427.27,418.63,421.62,42321
734878,425.9,431.3,422.46,428.99,29524
734879,428.85,434.1,423.2,430.81,34534
734880,433.76,455.57,429.44,447.81,116385
734881,451.34,453.6,443.24,445.6,38270
734884,443.58,451.49,434.1,446.68,44135
734885,447.07,464.66,447.07,459.69,59112
734886,465.64,481.41,454,460.63,392230
734887,467.65,475.81,458.81,461.71,161772
734888,470.6,470.6,443.58,445.6,41970
734891,448,450.46,436.21,441.72,29412
734892,446.04,464.66,437.25,444.07,96143
734893,448,450.71,444.07,447.71,20922
734895,449.97,456.75,446.53,449.62,28110
734898,446.04,450.95,425.41,428.7,25453
734899,432.28,446.53,422.07,441.32,39893
734900,442.11,457.83,442.11,450.9,72439
734901,455.57,456.31,443.19,447.91,23553
734902,443.09,497.72,438.57,485.58,533708
734905,490.25,495.9,473.79,479.88,116566
734906,481.41,507.93,471.78,484.75,213422
734907,488.68,500.86,479.54,495.6,79649
734908,500.03,510.29,500.03,505.04,114097
734909,500.07,509.36,491.77,498.26,72851
734912,496.14,510.19,456.85,499.68,54421
734913,501.06,516.68,499.09,504.1,87014
734914,505.97,522.67,505.97,516.92,123474
734915,517.41,524.64,507.93,520.56,57220
734916,522.67,544.97,521.69,534.51,196451
734920,517.27,582.11,517.27,570.37,312890
734921,574.74,587.22,562.9,568.75,199445
734922,564.92,584.37,561.09,574.74,296874
734923,575.58,582.95,565.65,569.53,91495
734926,573.76,579.51,556.81,569.29,148939
734927,569.83,577.69,564.97,572.73,41928
734928,574.74,681.63,574.69,630.59,1714425
734929,633.3,653.24,591.74,626.03,564729
734930,618.95,631.72,599.4,622.64,192163
734931,618.95,623.28,618.95,619,12785
734933,623.86,632.71,615.02,615.86,101207
734934,609.13,641.55,595.77,598.71,136018
734935,595.37,602.15,590.8,593.31,54536
734937,599.3,609.13,592.33,599.11,73799
734940,603.18,618.85,599.5,603.97,59274
734941,608.15,640.37,598.32,619.89,234179
734942,618.95,630.74,609.03,611.24,58972
734943,606.62,617.23,601.27,606.52,37227
734944,614.04,627.79,599.4,602.35,82530
734947,603.28,608.05,590.46,591.05,55248
734948,590.46,608.05,588.5,599.45,83365
734949,599.55,606.13,594.19,601.37,101605
734950,595.37,613.99,589.48,590.66,104716
734951,594.39,604.66,590.61,598.62,57004
734954,603.23,603.23,588,588.35,88368
734955,588,601.07,587.02,588,38871
734956,587.51,609.13,586.53,596.36,106193
734957,592.97,603.82,586.73,595.23,50670
734958,599.3,618.85,595.37,600.78,118099
734961,509.36,633.2,509.36,624.8,126726
734962,626.81,659.04,620.97,653.04,232891
734963,648.48,701.38,648.43,692.69,284557
734968,689.69,710.03,683.79,696.86,275635
734969,697.55,707.37,688.31,699.47,106878
734970,697.75,700.3,674.17,680.55,61607
734971,682.81,690.67,669.21,675.54,47569
734972,677.85,689.35,657.46,662.08,31273
734975,658.25,678.88,648.97,653.49,68441
734976,659.87,670.92,651.72,660.9,46255
734977,659.23,717.89,648.43,695.68,322785
734978,697.55,705.36,681.09,688.07,89347
734979,687.72,704.92,687.63,691.26,99632
734982,692.64,704.33,679.28,689.94,96538
734983,692.49,696.57,683.89,687.09,39879
734984,687.72,699.51,683.79,685.66,42246
734985,687.72,702.27,683.11,691.7,48478
734986,698.53,766.03,693.18,724.96,896158
734987,731.94,731.94,712.83,725.11,32709
734989,727.91,732.92,712.29,718.87,80633
734991,713.27,751.19,713.27,721.87,147577
734992,726.73,744.71,722.06,735.42,146159
734993,734.88,735.77,686.74,690.43,67138
734996,691.26,718.67,659.33,707.67,99533
734997,712.29,737.83,697.65,704.67,165553
734998,711.7,734.88,708.41,712.78,119023
734999,719.51,731.94,699.66,706.44,94852
735000,697.55,709.34,687.92,697.55,60742
735003,705.11,715.28,694.6,703.2,63572
735004,711.3,717.2,697.55,705.41,86283
735005,705.65,721.08,689.79,696.96,269581
735006,699.51,712.29,688.71,692.98,158588
735007,687.63,691.65,650.69,670.92,114758
735010,671.07,695.49,669.65,687.53,71049
735011,701.38,701.38,668.08,675.54,39037
735012,676.28,677.9,643.51,649.85,84504
735013,658.25,675.74,642.53,671.27,102991
735014,664.19,678.74,662.28,663.9,41874
735017,669.75,672.4,656.29,661.54,25496
735018,663.16,671.07,652.7,657.07,26149
735019,658.99,675.44,648.43,651.91,47302
735020,644.55,657.27,642.09,644.2,17811
735021,647.39,652.36,642.04,642.43,25694
735024,636.05,642.14,618.95,624.95,19361
735025,628.78,634.08,619,627.11,23220
735026,628.78,654.32,628.78,641.75,67567
735027,643.51,650.39,639.58,643.66,30401
735028,652.36,676.92,642.78,647.39,62483
735031,650.39,654.52,636.69,643.07,28274
735032,643.51,664.64,637.62,650.93,78025
735033,652.41,658.15,648.77,650.49,34507
735034,645.53,653.04,630.79,635.61,21472
735035,640.42,650.39,635.65,637.72,29693
735038,639.93,647.44,627.25,637.13,24620
735039,630.94,645.48,630.94,641.01,14428
735040,641.75,647.25,638.6,642.24,15972
735041,643.56,646.46,627.01,631.38,20693
735042,630.89,635.65,624.16,627.25,16917
735045,630.89,635.26,626.81,627.89,11649
735046,631.58,631.68,623.86,627.06,10549
735047,628.78,640.08,627.79,632.66,44113
735048,637.62,673.87,636.88,668.62,399229
735049,672.69,677.9,661.44,672.35,112863
735052,677.21,677.31,659.48,663.16,35170
735053,667.44,694.41,660.22,679.91,160832
735054,680.85,697.3,679.91,683.65,88423
735055,687.33,687.53,669.25,672.89,64264
735056,672.89,686.55,661.2,665.37,69780
735059,654.42,665.77,649.65,651.18,29246
735060,651.62,668.08,651.42,665.32,27955
735061,651.47,677.31,651.47,669.79,59263
735062,671.91,689.69,660.71,684.09,90298
735063,684.83,691.65,670.14,676.38,67731
735066,679.87,681.83,669.06,671.32,27359
735067,672.99,691.56,654.37,669.06,333595
735068,681.24,708.26,670.04,700.69,705386
735069,706.39,726.93,700.55,718.48,380537
735070,719.26,720.93,698.24,701.43,69270
735073,695.93,714.25,683.79,709.68,103797
735074,712.34,728.89,710.32,716.56,133620
735075,722.11,736.95,710.37,720.98,114291
735076,721.18,724.96,701.87,704.77,39332
735077,718.57,724.08,704.43,708.11,61058
735080,717,724.08,705.41,715.04,56726
735081,718.97,742.25,718.62,731.54,203442
735082,733.9,736.46,724.57,730.85,57046
735083,730.81,733.9,720.15,728.15,33524
735084,722.41,738.81,721.28,732.18,49978
735087,741.76,762.1,733.9,756.2,144367
735088,761.41,798.74,758.95,791.57,265175
735089,796.73,831.56,796.73,816.23,187934
735090,800.71,888.88,800.71,869.97,522030
735091,869.43,891.68,847.52,883.09,284346
735094,889.08,906.47,864.57,896.45,136876
735095,894.04,933.24,891.83,926.17,261874
735097,930.34,935.55,894.39,900.08,250046
735098,903.87,915.66,875.38,879.31,102589
735102,879.31,935.65,875.52,920.57,242924
735103,913.69,935.75,906.32,909.96,161439
735104,923.52,923.52,850.81,866.44,208103
735105,861.62,867.91,805.72,810.48,338928
735108,815.54,844.38,772.31,777.87,622915
735109,782.43,793.83,761.41,782.09,306475
735110,787.15,799.73,739.06,751.63,567804
735111,748.54,784.01,728.1,773.59,284405
735112,780.47,798.2,776.24,782.24,229294
735115,785.87,799.58,777.13,786.71,143852
735116,792.21,795.8,776.24,792.31,79997
735117,785.97,795.8,785.97,791.23,90641
735118,798.35,799,772.3,783.05,65261
735119,789,795.95,774.25,783.35,83415
735120,779.25,792.95,779.25,787.4,7719
735122,789.9,797.85,768.6,772.35,76635
735123,772.4,780,748,749.85,143449
735124,750,755.5,732.75,743.4,178564
735125,749.95,764.2,742.05,747.05,162646
735126,759.95,774.6,751.75,764.7,131941
735129,767.5,780,756.25,765.15,102336
735130,766.95,773.75,760.25,763,93488
735132,764.35,769.15,752.1,761.9,37130
735133,770.25,799.15,770.25,779.5,344624
735136,782.5,833.05,782.5,827.15,472711
735137,829.7,843.4,808.15,823.05,247529
735138,808.05,841,804,836.1,205030
735139,842,864.4,835,854.55,310857
735140,856.05,887.4,856,873.6,212188
735143,878.95,899.5,874.4,893.7,194018
735145,901.1,929.95,882.5,925.2,245830
735146,937,969.9,935,954,589574
735147,960.55,983.95,907.55,918.4,674590
735150,918,918,855.6,861.25,526080
735151,865,882,865,872.4,119619
735152,822.95,874.85,822.95,854.9,73570
735153,859.95,865,845.05,861.85,67312
735154,865,874.85,857,859.4,56734
735157,858.95,862.9,849,853.7,33816
735158,840,858,840,841.1,38971
735159,844.95,867.7,840,848.6,96755
735160,849.6,875,849,871.7,108133
735161,873.05,885,862.05,870.5,250719
735164,850,893.7,850,881.25,228026
735165,889.1,899,880,883.1,119581
735167,889.1,926.4,886.9,920.65,327486
735168,927.9,933,851.2,858.85,532099
735171,868,876.4,855,858.4,96718
735172,857.2,864.35,841.3,847.9,83358
735173,850,858.4,840.75,851.55,55363
735174,851,866.05,840.1,860.95,99684
735175,860,870,849,856.95,144743
735178,857.7,862,849.5,855.6,47609
735179,856.6,856.6,847,849.85,30297
735180,850,860.7,843,846.25,64127
735181,846.25,853.4,840,841.7,48965
735182,841.85,851.5,837,838.25,60301
735185,841.8,843.5,832,833.55,63364
735186,839,849,834,846.25,33408
735188,845.85,846,832,836.85,47286
735189,830.4,865,820,841.65,89505
735192,843,854,837.65,838.75,46134
735193,839.9,844.95,827,829,66317
735194,828,833.1,824,824.65,41256
735195,826.65,862,826.5,853.75,167127
735196,864.4,878,854.9,861.6,152656
735199,864.9,881,860.05,878.65,107815
735200,883,891,867.05,872.7,73531
735202,865.1,879,860,866.15,52225
735203,870.2,895,866,882.2,97787
735206,881,911,873.55,900.75,119073
735207,905,914,881,892.4,92640
735208,896.2,905.5,879.5,893.6,45960
735209,902.5,944.2,880.05,925.15,136842
735210,938.35,950,932,938.05,140658
735213,947.65,960.1,927.4,939.3,141904
735214,934,944,912,923.45,69496
735215,929.55,930,900,911.5,101355
735216,912,960.75,910.5,936.4,234000
735217,937,944.9,917.05,940.75,65306
735220,940,944.85,926.95,934.45,65933
735221,938.9,939.65,915.95,924.8,46442
735222,942.6,968,910.15,920.6,282226
735223,928.25,930,911.35,915.8,51299
735224,914.7,930.8,891,902.5,123611
735227,905.05,912.7,885,888.65,34196
735229,887.1,920,880,906.8,901768
735230,910.05,929.9,909.1,915.6,922064
735231,922.15,924.4,897,906.5,454001
735234,916.35,916.35,900.1,903.55,37755
735235,909.75,915,901,911.65,29235
735236,918.2,927,907,910.3,54994
735237,913,926,908.8,914.9,99645
735238,905.85,938.4,905.85,930.6,133093
735241,938.25,938.3,914,917.3,56190
735242,918.45,923,909,914.4,35906
735243,915.05,923,901,916.3,27035
735244,919.15,921,904,909.95,40427
735245,910.05,913.85,883.6,888.25,50662
735248,894.15,894.15,865.1,867,88634
735249,870.45,899,866,873.65,144907
735250,887.8,895.8,835.1,840.35,247278
735251,840.95,858.9,827.5,829,118305
735252,834.8,848.85,831,842.6,71753
735255,835.1,863,833.05,859.9,60255
735256,869,888,860.7,866.75,196674
735257,875.35,882,867,869.2,106894
735258,870.05,871,845.2,854.1,63217
735259,853.15,861.75,844.95,857,39983
735262,864.45,864.45,824.95,837.1,76126
735263,840,844.9,828,832.65,70470
735264,839.85,849.85,835.35,841.5,48806
735265,849.65,855.5,832.5,852,56837
735266,854.25,861,849.1,850.35,38291
735269,850.35,859.9,850,850.85,34963
735270,848.1,848.35,837,839.75,46886
735271,848.85,851.45,838,841.9,30610
735272,846,847,832.6,835.25,38884
735273,835.05,835.8,823,825.55,46533
735276,831.95,831.95,821,823.2,35485
735277,821.85,825.65,800.05,809.1,29972
735278,814.9,821,773,778.9,43834
735279,779.8,780,749.05,756.65,127163
735280,754.95,772,750,763.1,49351
735283,752.05,787.3,752.05,777.05,55438
735284,778.35,793,762,770.3,249759
735285,776,842.3,771,825,385665
735286,824.4,839.8,799.3,831.3,174701
735287,829.1,852,818,823.9,94982
735290,845,874,833.75,850.45,303159
735291,852,856.65,838.55,843.15,105804
735292,850,857.5,835.25,844.85,584606
735293,852,860,808.8,810.2,92315
735294,815.9,819.9,806.7,807.5,61646
735297,813.95,813.95,804.7,805.3,34251
735298,806.05,819,804.2,807.2,26534
735299,813.45,818,803.7,804.55,31637
735300,808.3,811,803.2,803.55,33803
735301,806.65,826.45,804,810.35,69486
735304,817.7,818.3,803,804.7,23872
735305,806.2,814.85,800.85,801.65,41566
735306,803.25,803.55,796.4,797.05,37145
735307,799.85,800.85,791.9,795.45,53026
735308,801.35,801.4,792,795.1,26403
735311,791.9,797.05,768,772.6,41735
735312,784.7,784.7,764.7,765.25,31288
735313,766.6,772,763.5,763.9,31807
735314,766.2,778,761.1,762.05,65298
735315,773.45,773.8,761,765.5,25251
735318,771.5,790.8,762.05,766.35,49833
735319,765.05,769.4,758.05,759.55,70541
735321,760.4,789.4,757.95,771.55,46187
735325,774.25,785,765.2,780.65,26062
735326,782.05,795,771,777.3,96948
735327,782.8,782.9,757.45,759.05,46133
735328,759,763.55,756.7,757.1,32971
735329,753,764.25,753,756.3,27478
735332,759.7,761,755.3,756.05,16159
735333,756.05,763.8,754.65,754.95,23932
735334,755,762.4,751.65,752.45,60420
735335,745,764,745,750.35,46003
735336,750,755.3,749.65,750.3,14220
735339,758.6,758.6,748.65,748.7,27977
735340,745,772.25,745,761.2,24398
735341,765.6,775,750,752.75,21347
735342,750,784.9,750,778.6,46449
735346,783,790,770,776.6,34506
735347,779,786.9,770.1,779.55,18395
735349,780,790.35,762.9,766.85,66128
735350,774.2,779,758.85,761.55,22781
735353,758.25,767.95,747.35,751.4,50791
735354,750.05,762.9,740.1,741.9,47601
735356,744.6,771.85,742.2,750.7,69668
735357,750.1,754.9,725.8,729.6,78802
735360,730.1,742.4,730.1,734.15,35460
735361,730.2,768,730.2,751.9,75528
735362,755.7,772.2,755.7,764.15,83131
735363,771.4,771.4,755,757,52262
735364,755,765,754,757,29459
735365,757,764.2,757,762.55,8755
735367,763,769.45,760,760.95,35505
735368,755.2,781.1,755.2,762.85,82201
735369,765,777,746.05,754.75,150222
735370,752,754.95,718.65,722.65,160687
735371,727.35,735,706.9,707.9,139981
735374,710,715.7,697.85,698.5,134591
735375,697,706,669.35,671.45,169277
735376,674,699.5,674,686.3,72937
735377,685.6,685.6,668.6,669.6,62311
735378,664,689,664,669.45,50655
735381,670,683.3,670,679.5,27346
735382,681,695,681,690.25,55571
735383,685.3,692.65,667.15,667.8,51420
735384,661.15,675,661.15,667.5,33612
735385,664,674,661.3,662.95,57606
735388,660.8,675.65,660.8,664.45,40521
735389,671.2,684.9,666,669.2,67131
735390,665.05,673.15,660.85,662.05,95571
735391,665,667.55,658.65,661.25,60220
735392,658.05,672,657.5,658,48531
735395,651.5,663.15,650,650.5,67187
735396,645.55,646.2,620.65,624.55,114003
735397,613,644.9,613,623.65,47724
735398,620,629.7,617.5,617.95,48065
735399,620,626,617.05,619.25,50884
735402,621,623,616.65,616.9,24027
735403,615.75,655,615.75,635.3,165784
735404,640.8,676.85,626.35,634.45,299406
735405,623,630.15,616.3,621.4,128895
735406,617.55,626.5,616.2,623.1,79970
735409,617.25,624,615.4,621.1,53289
735410,616,624.6,616,620.35,109337
735411,628.9,639,621.1,629.85,78544
735412,633,639.05,630.25,635.05,93493
735413,660,661.65,635,642.5,129674
735416,637,647.85,637,641.15,52604
735417,646,670.8,638.6,667.15,215001
735418,666.7,673,632,638.35,144265
735419,637.15,644.45,625,635.2,130513
735420,640,651.6,632,635.25,50713
735423,633.9,633.9,620,624.95,247838
735424,620.3,643,620.3,634.2,128985
735425,639.8,673.85,626.1,655.45,135479
735426,662,678,656.05,668.45,55491
735427,667.75,675,651.15,663.5,39883
735430,657,665.5,655.55,660.9,18627
735431,657,658.9,641.15,643.2,47366
735432,651.3,653.65,611,629.85,127828
735433,632.15,643.75,625.7,636.95,184640
735434,648.85,655,629,630.35,54966
735437,630,641.65,620,633.4,31388
735438,640,650.9,636,646.15,66555
735439,640,644.9,630,633.05,50589
735440,630,638,621.95,623.45,21908
735441,621.25,628.95,613.8,614.35,44554
735444,615,618.25,612.85,613.2,42261
735445,619.9,619.9,609.8,610.75,43490
735446,605,614.95,586.25,589.6,78103
735447,585.5,605.05,575,578.5,17358
735448,570.25,598,569.25,590.45,33657
735451,585.1,616,578.9,607.25,41594
735452,609.9,615,580.1,582.5,52020
735453,570.25,582,567.5,569,36346
735454,565.05,579,565.05,568.3,22617
735458,563.05,589.8,563.05,586.55,22215
735459,581,599.7,573.1,585.8,16560
735460,580.25,610,580.25,603.4,33218
735462,597,602.9,577.05,584.25,31922
735465,578,587,575,579.1,21183
735466,575,579,566.3,566.6,33599
735467,586,586,564,564.4,36068
735468,561,573,561,565.65,27851
735469,565,584.7,564.5,571.15,41607
735472,575.8,585,569.35,581.65,19521
735473,576,583,570.1,576.65,21023
735474,565.05,597.9,563.35,588.75,44008
735475,592.05,598.85,587.15,595.9,24129
735476,585,599.7,585,590.1,18857
735479,589.5,597.2,589.05,590.25,13023
735480,586.05,592.85,580,581.8,21388
735481,581.05,587,581,583.9,10848
735482,595,607.8,565.7,569,70027
735483,587.85,587.85,570,579.3,28732
735487,593,593,582.45,589.3,61675
735488,584,603,580.45,590.55,42647
735489,586.25,597,572.5,574.1,34270
735490,579,585,575.1,578.8,23463
735493,587.7,587.7,579.2,580.1,20095
735494,572.05,584.95,572.05,578.85,17084
735495,574,587.35,573,584.9,26766
735496,595,603,585.6,600.15,77187
735497,601,614,581.5,600.35,38558
735500,599.8,602.7,585.1,590,31339
735501,590,602.25,588,591.9,107849
735502,593.85,614.7,585.4,610.75,50897
735503,615,632.7,610.75,622.3,86798
735504,624.95,627.95,609,613.85,20964
735507,614.5,614.5,592.3,605.45,12355
735508,612.85,612.85,599.5,601.35,15663
735510,602,608.9,595,597.3,54690
735511,597,607,595.35,599,43180
735514,616,632.5,610.5,627.6,138978
735515,634.4,640,630.4,632.85,85444
735516,634,645.9,623.2,641,50043
735517,644,650,638.3,645.25,48011
735518,645.25,651.5,637,640.15,23232
735521,642,649.4,631.1,641.7,35715
735522,641.1,664.7,640.05,655.9,169264
735524,616.3,655,616.3,633.3,61546
735525,640,654.3,626.6,652.9,83861
735528,654,657.55,641,643.15,46280
735529,645,650,643.6,645.5,17995
735530,645,651.7,641,643.5,28892
735531,643,650,642,647.2,68519
735532,641.05,645,631.1,637.05,23793
735535,640,640,628,630.9,11620
735536,639,639,615.5,625.75,23816
735537,634.6,638,625,627.8,32665
735538,624,641,623.25,638.1,23142
735539,637.4,655,637,649,90004
735541,645,658.8,645,656.8,13625
735543,642.1,669.05,642.1,665.95,43521
735544,657.1,684.9,657.1,668.35,46017
735545,670,675,661,668.4,31991
735546,666.85,679.8,665,671.05,26710
735549,674.05,675.5,666,670.15,18033
735550,668.5,684.9,666.25,675.15,26910
735551,671,684,666,672.45,32702
735552,672.5,694,672.5,688.95,48667
735556,698.8,712,689.6,694.3,76035
735557,690,714.5,686.7,707.85,73706
735558,708,715,698.05,701.15,24567
735559,696.05,700,680.1,686.75,30914
735560,699.95,710,689.3,701,25267
735563,701,722.9,700.75,714.3,30268
735564,706.2,730,706.2,717.1,58722
735565,727.7,727.7,702.4,707.7,10904
735566,710,728.9,710,718.75,35753
735567,724.5,738.35,712.6,732.4,49995
735570,744.95,744.95,727.95,733.8,28082
735571,726,744.9,726,739.05,19641
735572,727.05,738.25,720.5,722.75,17644
735573,728,744,721,730.9,31603
735574,730.9,740,724.1,738.25,15859
735577,746,749.95,725,728.5,30754
735578,729,729,706.05,710.85,17667
735579,704,710.95,696.3,703,13910
735580,696,701.4,689,694.4,16328
735581,688,703.95,688,695.1,16356
735584,687.1,707,671,676,15035
735585,676,688,673,680.3,26153
735586,675,694.7,675,692.55,26064
735587,678,705,678,699.25,21647
735588,700,730,698.7,722.6,66081
735591,721.95,737,712.95,717,52646
735592,712,716.85,699,702.45,30050
735594,702.45,719.95,698.95,712.2,24944
735595,710.6,730,710.6,726.1,22619
735598,725,733,720.6,729.6,12997
735599,729.6,745,723.05,742.7,34518
735600,744,767,744,760.1,122085
735601,762.8,763.5,723,728.35,55571
735602,725,741.2,715,729.3,24652
735605,730,734.9,718.3,731.7,18541
735606,739.8,741,724.6,731.05,20085
735607,725.3,744,725.3,738.3,30160
735608,736.05,739.4,731,732.2,14252
735609,730.45,736.9,728.75,731.55,18342
735612,725.35,737.2,716,719.55,17441
735613,712.05,733.5,711,721.55,18854
735614,727.95,734.8,709.7,723.8,75069
735615,723.8,727.9,711,714,23309
735616,707.1,717,686,692,24528
735619,703,703,678,684.25,18106
735620,678.05,693,677.15,681.3,20912
735621,682,709,661.05,703.1,39495
735622,701.05,703,683.95,686.75,12134
735623,681,694,681,686.55,14449
735626,680,687.55,666.55,677.2,21181
735627,671.1,688,671.1,679,10929
735628,682,688.6,672.75,681.25,14622
735629,674,684.7,674,677.9,13537
735630,671.05,686,671.05,680.15,6933
735633,671.15,681,662,664.5,21339
735634,661.2,694.95,658.35,687.5,19391
735635,682,693,678.85,684.35,40928
735636,694.7,698,677.6,681.85,18233
735637,678,690,678,686.7,13446
735640,688,693,676.1,680.7,6369
735641,684,689.75,680,681.55,11120
735642,683.1,708.8,680,701.1,39757
735643,706.3,706.3,680,682.7,29136
735644,685,691,678,682.3,17112
735647,678.05,698,678.05,691.25,20169
735648,695,707,679.5,703.35,34942
735649,713.8,715,701.1,706.45,29513
735650,706.5,706.5,695.05,702.4,16602
735651,704.95,708.9,693,701.4,40168
735654,701.95,719.95,700.4,711.1,24640
735655,718.95,731,708.1,717.7,47804
735656,726.65,726.65,710.25,721.1,18620
735658,712,724.85,712,722.1,16993
735661,711,725,711,715.3,17289
735662,714,732.95,714,728.55,29703
735663,728.55,734.4,712,717.45,66073
735664,721,730,715.5,724.85,42173
735665,727,732,716,720.5,20884
735668,718.45,730,718.45,725.65,18035
735669,725,735,701,710.9,28419
735670,705,718.45,702.05,711.05,12605
735671,705.45,724.4,705.45,714,11603
735672,713.8,713.8,694.25,698.8,49152
735676,698.8,711.45,698.8,709.6,15216
735677,709,709,702.8,707.8,14358
735678,708,714.05,697,709.65,72311
735679,703.2,719,703.2,715.05,25282
735680,720,726,716,720.6,5600
735682,714,724.95,710.1,715.2,24367
735683,710.3,721.65,710.3,715.25,19364
735684,711.55,730.85,711.55,727.55,28327
735685,716.6,745,716.6,742.55,52279
735686,743.95,768.95,742.5,766.3,74465
735689,771,795,765.1,788.05,56181
735690,794.45,799.9,776.55,781.5,50128
735691,800,809.7,771.6,788.4,57559
735692,768,786.8,749.95,780.7,76082
735693,783.45,791,769,782.65,19869
735696,783,793,758.6,770.5,11015
735698,770,794,770,785.35,26187
735699,789.95,790,775,783.4,35134
735700,778,800,771.7,780,19002
735704,777,794,764,770.65,17433
735705,765,782.3,765,779.9,36976
735706,785,787.05,780,783.65,19526
735710,780,796.8,777,793.05,29623
735711,797.5,799.75,781,797.75,18218
735712,791,805,780.6,799.7,16440
735714,792,819,791.7,816.2,50285
735717,813,836.7,813,831.05,70977
735718,825.05,837.95,823.1,829.6,31219
735719,827.25,837.35,819.95,832.15,27065
735721,828.6,831.95,810,815.2,16987
735724,809,815,800.25,811.2,16530
735725,805,828,805,823.8,27678
735726,818.15,826,807,820.85,168660
735727,820.05,836,820.05,833,459137
735728,830,845,810.2,838.05,30681
735731,830.05,848.75,790.5,839.45,326336
735732,832.5,857.6,820.05,848.05,45827
735733,848,851.6,834.95,839.85,203005
735734,829.85,829.85,811,818.9,161156
735735,810,825,788.85,821.65,165901
735738,829,880,805,873.8,53310
735739,884.7,888.55,860,874.9,26153
735740,861.8,909.9,861.8,880.5,59093
735741,885.25,895,876.15,887.95,382189
735742,902,902,878.2,889.95,76993
735745,865.15,897.95,865.15,891.1,47137
735746,875.25,938,875.25,907.1,73216
735747,910,925,885,903.75,48003
735748,894.7,904.5,875,885.9,19951
735749,880,883,847.7,852,23831
735752,843.5,895,837.05,879,95008
735753,884,888.9,861,878.55,123670
735754,881,949,872.25,916.85,252355
735755,927.7,950,919.2,943.5,151751
735756,936,960,932.2,944.8,73691
735759,945,954.95,911.2,922,33792
735760,922,945,906.25,931.75,28095
735761,931,939.95,914,925.35,22294
735762,898,939,881.2,925.55,54909
735763,913.05,923.9,911.15,915.3,90837
735766,913,927,905,917.8,54371
735767,919,952.85,910.6,916.25,36373
735768,909,937.8,909,928.8,30125
735769,920,951,914,942.15,73008
735770,935,944,927,929.95,37025
735773,925.05,934.05,921.1,929.85,17918
735774,925.25,940,925.25,929.95,20268
735775,929,939.75,925.15,931.15,21795
735776,924,938.1,900.1,904.45,32439
735777,905,929,905,925.75,21792
735780,921.55,944.55,921.55,934.75,42213
735781,934.75,973.7,932.1,952.6,88246
735782,952.3,975,950.25,958.7,59284
735783,953,962.85,931,950.6,69677
735784,933,959.9,933,947.4,17722
735787,945.95,969,932.4,958,23961
735788,975,975,936.95,945.3,28704
735789,935,954.65,917.7,938.4,24645
735790,929,965,929,953.5,47261
735791,946.55,957.5,931.4,936.8,18087
735794,939.2,950.9,924,928,18915
735795,930.05,942,920.1,925.4,17327
735796,925.25,988,925.25,947.6,157682
735797,950,975,940.05,942.95,98788
735798,946.45,974.3,945,964.35,98277
735801,965,974.95,946.6,950.65,34768
735802,947.15,960,935,938.85,23582
735803,935,949,923,929.85,186603
735804,930,961.1,912,930.2,120590
735805,927.05,943,915.05,935.4,40363
735808,933,942,921.4,935,41011
735810,927.05,944.5,923,940.5,51416
735811,932,953.05,932,944.25,31896
735812,935,963.9,935,950.35,39278
735815,945,958.9,940,950.7,13756
735816,948,965,945.05,957.9,28100
735817,950.2,963.95,945.05,949.6,25747
735818,941,953,937,941.65,37557
735819,932,934.5,912.65,928.65,123825
735822,931,948.95,922,928.95,74662
735823,931.05,937.75,921.2,930.25,21948
735824,926,934.9,916.25,922.6,32088
735825,923.25,948,919.95,940.3,157556
735829,931.3,942.5,930.15,933,33145
735830,930.25,936.2,921.05,929.9,26712
735831,921.5,935,921.5,929.75,23236
735832,930,963,930,942.4,71589
735833,937.45,969,937.45,965.45,66635
735836,958.25,975,958.25,972.75,50318
735837,966.05,1031.9,966.05,1018.7,122324
735838,1069.3,1075.8,1003,1034.45,162948
735839,1033,1061,1033,1053.3,46525
735843,1050.05,1074.95,1050,1067.5,33524
735844,1073,1115.55,1069.65,1101.95,608134
735845,1111,1139.7,1090.6,1098.35,39820
735846,1090,1114,1090,1098.7,31132
735847,1095,1124,1095,1098.5,29293
735850,1100,1115,1096.05,1102,28328
735851,1101.25,1109.75,1081.5,1098.1,13307
735852,1098.15,1099,1070.05,1075.85,17973
735853,1070,1111.9,1070,1092.25,43512
735854,1086,1100,1070,1079.55,14248
735857,1070.25,1100,1066.6,1074.85,19602
735858,1068.25,1087.95,1021.1,1028.2,21005
735859,1025.25,1072.8,1025.25,1068.75,34159
735860,1066.35,1084,1060,1068.95,22601
735861,1068.95,1092.45,1054,1085.65,40235
735864,1077.25,1096,1052.25,1059.2,52093
735865,1056,1084,1056,1062.15,41238
735866,1059.05,1092.95,1040.6,1043.75,15070
735867,1044,1061.7,1043,1052.65,37130
735868,1050,1065.3,1032.5,1058,29758
735871,1048.15,1095.95,1048.15,1088.95,16012
735872,1080.25,1164.85,1080.25,1129.65,180721
735873,1124,1137.7,1120,1125.95,54081
735879,1120.05,1130,1102.25,1114.95,11587
735880,1112,1131.9,1104.9,1115.25,31647
735881,1116,1129,1106.1,1112.6,17471
735882,1105.6,1119.95,1082.1,1093.85,18278
735885,1083.4,1118,1075.3,1110.45,11458
735886,1113.3,1134,1057,1105.1,119623
735888,1058.5,1084,1001.1,1020.6,43672
735889,1021,1039.75,1002.25,1010.5,66616
735892,1019,1049,1010,1015.6,65095
735893,1020,1030,1005,1016.1,25903
735894,1026,1026,1007,1011.25,14826
735895,1046.5,1046.5,1015.95,1035.25,17420
735899,1049,1075,975,1067.6,32273
735900,1064,1073.35,1047.7,1054.85,17067
735901,1051,1072,1047.55,1069.45,15911
735902,1066,1079,1053.1,1073.45,43144
735903,1077,1085,1058.55,1068.35,64349
735906,1068.35,1072,1045.1,1051.25,13536
735908,1055,1070,1032,1041.65,96089
735910,1075.3,1075.3,1021,1039.65,252873
735913,1050.1,1074,1024.1,1040,287014
735914,1044,1073,1035.05,1060.4,91469
735915,1065,1065,1046,1053.15,193294
735916,1055,1058,1025,1032.7,118410
735917,1032,1048.15,1030,1033.55,18687
735920,1039,1070,1025,1049.25,111096
735921,1060,1065,1035.15,1042.05,738125
735922,1040,1055,1030,1048.75,276148
735923,1078,1080,1036.2,1041.5,250793
735924,1042,1080,1038.55,1073.6,489727
735927,1080,1090.05,1058.25,1065.15,179445
735928,1060.05,1088.25,1060.05,1076.25,59069
735929,1079.9,1119.95,1071.15,1117.15,76433
735930,1115.25,1148.4,1110,1140.1,49454
735931,1147,1173.95,1133.2,1150.6,117543
735934,1154.1,1172,1146,1149.75,42913
735935,1150.75,1160,1146.3,1150,24369
735936,1165.25,1254,1165.25,1244.75,141934
735937,1259,1277.6,1233.25,1261.05,70609
735938,1262.75,1274,1254.55,1270.05,31628
735941,1270,1396,1269.95,1359.5,286631
735942,1368.8,1416.9,1311,1347.55,164546
735943,1343,1358.4,1305,1318.5,161264
735944,1314.15,1346.5,1298.9,1303.7,71451
735945,1313,1323.5,1280.1,1290.1,19376
735948,1295.4,1339,1262.6,1323.4,33470
735949,1315,1338,1296,1316.5,48544
735950,1308,1323.45,1210,1293.15,42093
735951,1301,1324,1260,1269.6,45740
735952,1262.55,1301.55,1262.55,1299,40648
735955,1335,1348,1286.7,1309.65,47845
735956,1295.15,1338.3,1295.15,1314.2,109603
735957,1307,1327.85,1298,1309.05,34989
735959,1319.9,1321.95,1301,1309.55,16759
735962,1305.55,1332,1305.55,1325.65,39177
735963,1317.3,1330.05,1300.9,1316.25,28158
735964,1309,1321,1305.1,1307.65,14098
735965,1309.9,1322.3,1280,1286.6,29392
735966,1291.7,1298,1267,1275.65,43560
735969,1268.05,1284,1252.6,1258.7,31566
735970,1250,1253.15,1215.6,1229.6,37724
735971,1230.25,1240.85,1208.2,1228.55,73114
735972,1230,1297.9,1229.95,1289.8,87268
735973,1293.95,1299.4,1275.5,1279.2,32784
735976,1255,1286.15,1255,1267.7,19678
735977,1275,1308,1270,1286.45,58042
735978,1280,1288.7,1238.2,1254.2,258705
735979,1294.85,1298,1272,1289.05,136827
735980,1298,1303,1255,1267.65,81048
735983,1272.9,1286.2,1251,1257.95,32530
735984,1260,1345,1260,1321.95,136014
735985,1324.4,1336.4,1289,1292.65,100496
735986,1288.5,1318,1280.6,1298.2,37831
735987,1302.4,1329,1295.8,1312.2,25502
735991,1317,1397,1308,1375.4,105522
735992,1380.7,1499,1380.05,1450.4,274486
735993,1453.3,1470.05,1425,1460.25,105965
735994,1458,1479.95,1398,1447.55,72613
735997,1443,1522.6,1428.9,1509.3,271402
735998,1509,1531.7,1455.5,1468.45,66736
735999,1473,1510,1452.5,1471.35,50162
736000,1472.1,1508.9,1460.3,1476.2,21629
736001,1477,1508.7,1462.5,1469,30818
736004,1454,1474,1433.55,1449.55,18120
736005,1440.1,1470.95,1402.55,1436.5,33001
736006,1441.05,1450,1408,1410.3,18282
736007,1415,1511,1414.95,1499.05,65346
736008,1499.05,1540,1499.05,1510.85,72853
736011,1510.15,1546.05,1455,1483.5,97454
736013,1469,1505,1455,1484.1,48505
736014,1489,1497,1419.6,1467.25,23660
736015,1472,1485.95,1462,1471.35,13830
736018,1476,1500,1417,1435.65,421395
736019,1447.9,1468,1413,1429.85,31062
736020,1434.95,1458,1426.15,1431.25,22035
736021,1436.15,1447.6,1391,1399.65,39249
736022,1403.95,1429.9,1403.25,1422.15,51885
736023,1428.15,1459.9,1400.35,1407.4,67805
736025,1412,1476,1411.5,1451.4,70583
736026,1456,1509.8,1450,1485.05,247264
736027,1495,1513.3,1458.2,1470.2,93339
736028,1474.9,1573.95,1472.8,1529.1,307530
736032,1527,1528.95,1462.25,1470.7,159967
736033,1475,1476,1441.15,1457.1,92278
736034,1458,1500,1450,1458.35,39846
736035,1473,1491.75,1473,1479.6,204844
736036,1525,1564,1465.9,1500.95,258550
736039,1504.7,1504.7,1431.2,1452.15,102798
736040,1457.4,1495,1452,1469.7,113419
736041,1474.4,1474.4,1416,1434.75,122702
736042,1440,1458,1400.15,1409.75,105970
736043,1417.5,1466.6,1340,1379.8,785973
736046,1385,1404.2,1313.65,1335.3,55362
736047,1340,1372.5,1311.35,1341.35,60042
736048,1357,1388.15,1342,1374.85,152832
736049,1380,1410.05,1375.05,1379.2,64692
736050,1388.9,1395.2,1349.95,1356.35,69755
736053,1365.9,1410,1361,1399.45,52910
736054,1407.4,1449,1395.05,1414.55,98529
736055,1412,1447.5,1396,1427.55,44811
736060,1445.9,1445.9,1410.1,1426.6,29528
736061,1434,1465,1420.15,1431.2,42060
736062,1439.4,1460,1419,1455.6,44559
736063,1458,1469.95,1445.35,1464.65,44377
736064,1466.7,1466.7,1430,1454.85,24306
736067,1464.6,1464.6,1430,1438.4,16832
736069,1439,1462.15,1411.05,1421.7,23320
736070,1421,1445,1390,1434.6,24264
736071,1437.5,1440.3,1411,1422.15,21005
736074,1426,1426,1258.55,1338.9,53508
736075,1350,1398,1332,1345.55,42084
736076,1350,1364.65,1310.5,1324.6,28409
736077,1334,1365,1325,1361.6,18612
736078,1351.5,1378.5,1315,1360.25,20855
736081,1354,1373.4,1313,1326.05,14405
736082,1328.9,1332.8,1293.1,1325.45,34819
736083,1330.1,1410,1321.3,1389.2,31023
736084,1387,1460,1375,1434.9,114668
736088,1430.15,1466.85,1420,1451.1,53020
736089,1468,1481,1435.25,1443.7,38641
736090,1444,1457.25,1405,1438.85,29814
736091,1445.95,1445.95,1356.75,1379.75,25311
736092,1381,1444.4,1381,1425.05,19207
736095,1426.1,1463,1426.1,1442.15,41095
736096,1424.9,1449.65,1406.95,1427.05,24330
736097,1439,1444.4,1421,1433.05,11085
736098,1434.1,1459,1410,1442.15,82944
736099,1430,1454,1423.45,1444.25,25467
736102,1450,1463.8,1440.6,1459.55,26362
736103,1461.95,1473.05,1445,1466.25,17324
736104,1478.25,1484.95,1422.8,1450.35,57779
736105,1454,1466,1440,1460.55,47255
736106,1467.4,1481,1465.15,1471.25,15989
736109,1455,1493,1455,1481.5,19768
736110,1472,1492,1471,1482,22930
736111,1469,1550,1467,1532.85,51794
736112,1542.25,1575,1525,1529.85,57713
736113,1528,1530.05,1513.6,1527.1,35195
736116,1540,1540.2,1481.6,1504.8,17029
736117,1501.5,1525,1448.9,1505.3,249153
736118,1484,1534.4,1444,1516.6,531267
736119,1525,1549,1505.15,1530.2,95455
736120,1516.35,1540,1498.95,1515.15,71969
736123,1516,1516,1480,1501.75,55377
736124,1518.35,1606.65,1463.5,1563.1,37137
736125,1570,1577.5,1540,1551.2,55562
736126,1564.95,1564.95,1530.1,1539.85,65930
736127,1501.1,1530.05,1491,1501.2,32053
736130,1502.05,1524.95,1478.9,1499.25,10161
736131,1500.05,1514.8,1474.95,1495,14396
736132,1510,1516.75,1485.6,1500.3,399073
736133,1510,1545,1500,1517.45,15750
736134,1524.35,1527.9,1508,1517.65,16405
736137,1527,1527,1510,1517,223991
736138,1518,1548.75,1516,1525.6,105378
736139,1544.9,1550,1499,1501.9,21099
736140,1496.65,1517,1484,1511.2,56305
736141,1501.15,1523.2,1487.7,1500.6,139871
736144,1435.15,1549.9,1435.15,1514.55,66320
736145,1501.05,1540,1501.05,1532.1,15791
736146,1527.65,1560,1527.65,1557.6,27578
736147,1560,1624,1560,1602.3,74155
736148,1605,1710,1605,1682,69680
736151,1675,1787.2,1656,1719.25,87565
736152,1725.2,1785,1720,1766,84481
736153,1758,1783.9,1735,1759.15,39600
736154,1757,1779.9,1700.25,1708.75,25564
736155,1703,1738.8,1690.95,1725.2,40691
736158,1715.1,1738.8,1715.1,1728.65,14487
736159,1725,1760,1721.6,1738.45,16382
736160,1755,1781.5,1745.25,1767.9,31351
736161,1778.9,1783,1730,1740.8,16759
736162,1740.05,1745.8,1705.2,1719.85,20290
736165,1723,1747.25,1663.85,1703.3,49296
736166,1715.6,1725,1672.2,1686.2,12983
736167,1691,1724,1665.25,1677,39046
736168,1730,1760,1715,1729.6,178823
736169,1745,1790,1719,1726.9,77428
736172,1720,1739,1705.85,1716.55,31180
736173,1720.15,1744,1716,1730.25,44953
736174,1730.4,1835,1730.4,1813.65,167630
736175,1829.85,1857.7,1815,1833.15,91745
736176,1845,1870,1833,1845.7,79009
736179,1859,1922.7,1846.05,1905.05,94503
736180,1922,2160,1909,2026.65,256964
736181,2047,2050,1969.9,1991.05,82037
736182,1992.1,2007.95,1905.5,1925.9,65897
736183,1944.9,2036,1940,2010.05,144193
736186,2011,2025.05,1992.25,2003.35,49589
736187,2003,2039,1968.9,2005.85,46782
736188,2005,2014,1963.6,1986.85,61326
736189,1986,2052.85,1920,1935.35,191726
736190,1969.95,1990,1938,1972.35,25047
736193,1956.85,1990,1930,1942.8,31682
736194,1949.8,1951,1915,1920.6,19794
736195,1924,1933,1875,1883.95,30928
736196,1880.05,1927,1861,1879.35,231540
736197,1861.9,1895,1825,1878,34214
736200,1849.95,1849.95,1680.65,1714.7,103171
736201,1718,1749.85,1662,1708.25,84903
736202,1702,1784,1702,1714,38691
736203,1725.1,1795,1724.95,1744.65,33103
736204,1755,1846.95,1755,1815.05,99814
736207,1805,1878,1770,1809.8,29319
736208,1800,1846,1764.05,1772.6,52979
736209,1783,1819.8,1762.05,1785.25,62082
736210,1795.2,1871,1789.95,1850.2,43243
736211,1855.75,1910,1821.15,1828.75,51729
736214,1830,1844.8,1733,1750.5,66150
736215,1754.6,1764.95,1677.05,1750,91688
736216,1780,1839.9,1780,1811.15,28598
736217,1755.05,1815,1724,1805.25,55623
736218,1813.1,1834.15,1783,1790.25,14574
736221,1795,1893,1795,1881.55,76721
736222,1898.45,1898.45,1860,1874.35,30597
736223,1899.95,1915.1,1831,1842.45,27918
736225,1874.95,1881,1786,1834.5,184944
736228,1850,1854.5,1758.9,1785.95,103215
736229,1799.95,1830,1775.3,1784.75,55333
736230,1766.05,1795.8,1744.05,1763.65,33116
736231,1761,1788,1740,1744.9,31610
736235,1750,1760,1727,1730.8,24964
736236,1721.9,1755,1693.75,1723.95,97837
736237,1736,1758,1725,1729.5,538395
736238,1748.95,1797,1743.55,1762.6,61089
736242,1786,1816.9,1766.05,1799.4,67208
736243,1816,1817.8,1749,1781.95,80207
736244,1792.1,1805,1767,1773.25,40564
736245,1770,1794.95,1760.25,1770.6,22651
736246,1775.05,1800,1770,1794.45,71838
736249,1810,1815,1787,1791.45,47872
736250,1790,1798.85,1748,1758.2,23249
736251,1759.95,1777,1750,1756.05,13441
736252,1771.95,1772,1716.2,1746.7,17937
736253,1751,1779.5,1751,1770,151353
736256,1788,1798,1775,1788.5,52242
736257,1790,1863,1790,1824.15,103155
736258,1849,1890,1841,1849.3,106967
736260,1860.25,1879,1819.95,1829.35,30599
736263,1848,1918.9,1831.6,1905.55,92407
736264,1910,1995,1910,1984.85,256950
736265,1978,2008.9,1962.05,1978.85,141670
736266,1988,1998.65,1934.5,1964.1,88641
736267,1950,1974.9,1942.1,1968,90236
736270,1970,1990.2,1933.55,1975.4,35865
736271,1975,1991.15,1955.2,1979.4,70275
736272,1980,1988.95,1942.25,1954.25,58029
736273,1950,1995,1905,1958.95,93272
736274,1958,1983.95,1941.25,1978.05,73831
736277,1950,1978,1933.05,1961.1,33117
736278,1954.9,1970,1884.6,1911.45,33618
736279,1925.95,1952.65,1911.45,1948.8,8004
736281,1930,1939,1892.25,1927.35,57415
736284,1923,1940,1889,1913.1,39601
736285,1913,1949,1912,1922.7,17506
736286,1935,1946.45,1906.5,1931.25,19569
736287,1949.7,1949.7,1916,1932.4,12207
736288,1942,1946,1923,1934.7,17671
736291,1942,1978,1935,1959.8,48853
736292,1971,1995.25,1960.1,1972.8,42661
736294,1988,1988,1963.7,1975.2,52920
736295,1975,1985.6,1965,1968.5,18492
736298,1968.5,1979,1914,1928.7,37619
736299,1935.95,2024,1931,1991.15,59984
736300,1995,2066.05,1976.3,2039.85,44363
736301,2040,2058,2015.9,2026.55,36980
736302,2016,2028,1995.05,2009.65,13821
736305,2001,2018.95,1920,1932.1,41733
736306,1922.2,1945.45,1901.15,1910.2,25157
736307,1912,1950,1855,1874.05,28036
736308,1895,1940.5,1876.3,1922.7,68501
736309,1906.3,1925,1890,1900.65,16291
736312,1899,1927.9,1856,1905.5,18266
736313,1902.95,1913,1884,1891.55,11909
736314,1900.05,1948,1900.05,1926.55,33791
736315,1924.9,1968.95,1924.9,1956.1,28223
736316,1955.35,1970,1890.1,1921.05,19678
736319,1921.85,1979.9,1920,1939.45,30676
736320,1945,1980.05,1916,1931.05,40924
736321,1944.6,1960,1923.3,1936,73912
736322,1942,1951,1915,1926.8,17695
736326,1928.85,1940,1917,1922,12207
736327,1939,1939,1920,1925.05,26393
736328,1927.5,1950,1919,1946.3,83203
736329,1954.7,2002,1952,1987.9,47833
736330,1990,2012,1964.95,1983.8,44488
736333,1984,1989.95,1953,1959.5,16633
736334,1965.85,1979.95,1935.1,1946,28971
736335,1947.95,1955,1931,1938.55,18352
736336,1946,1946,1905,1927.05,31399
736337,1947.95,2045,1926.5,2000.4,77557
736340,1979.35,1998,1930.1,1943.4,68441
736341,1958.95,1975.05,1940,1957.5,22626
736342,1960,1996,1929.95,1987.45,52449
736343,1978,1978.05,1945,1948.9,25844
736344,1950.05,1964.95,1900,1905.5,31407
736347,1947.95,1947.95,1804,1831.9,52245
736348,1850,1858,1825,1848.8,46750
736349,1824,1868,1824,1852.25,23726
736350,1855.1,1890.05,1837,1846.75,61047
736351,1875,1911.05,1852.5,1891.8,26759
736354,1902,1949,1896.2,1924.45,21208
736356,1940,1940,1875.1,1892.55,28805
736357,1880,1927,1862,1874.15,34487
736358,1889.4,1898.3,1850.1,1861.65,64444
736361,1894,1894,1851,1863.55,43093
736362,1886,1886,1801,1818.1,46350
736363,1818,1939,1735.05,1878.55,251352
736364,1882,1915.7,1850,1880.8,93061
736365,1894.95,1919.25,1880,1908.6,73964
736368,1890.05,1902.1,1829.05,1835.6,67272
736369,1820,1820,1770.4,1784.2,30720
736370,1781.2,1818,1752.2,1789.6,27976
736371,1790,1808.7,1685.65,1696.55,184118
736372,1728.9,1728.9,1608.7,1701.05,34045
736375,1707,1760,1707,1723.45,22164
736376,1716.1,1734.75,1693,1703.8,23470
736377,1703,1709.85,1652.1,1701.15,15842
736378,1706,1737.8,1701,1720.95,21683
736379,1710.05,1723.5,1661,1673.1,26328
736382,1694,1705,1622.85,1630.3,52233
736383,1624.7,1650,1551.25,1615.85,33747
736384,1614,1638,1586.1,1615.95,23388
736385,1614,1614,1595,1600.35,45835
736386,1602,1617,1589,1601.65,47288
736389,1601,1632.8,1586.85,1611.9,32484
736390,1618,1698.8,1613,1690.3,38031
736391,1699.05,1735,1691,1718,55144
736392,1723.4,1735.9,1655.65,1675.2,47590
736393,1698.65,1705,1662.25,1670.5,25570
736397,1688,1688,1661,1669.75,171635
736398,1679,1687,1669.95,1678.2,16876
736399,1681.6,1750,1675,1687.85,25795
736400,1685,1686.9,1631,1646,48843
736403,1655,1660.1,1630.6,1644.95,25651
736404,1655,1675,1637.1,1661.55,85072
736405,1660,1660,1616.55,1644.95,50145
736406,1645,1672,1631.1,1651.75,75753
736407,1652.2,1668.8,1631.1,1649.4,49831
736410,1653.05,1662.05,1635,1649.55,229436
736411,1659.8,1675,1646.05,1664.55,192989
736412,1658.3,1738,1653,1724.8,94970
736417,1728.5,1745,1652.85,1684.85,47776
736418,1675,1697.05,1652.5,1666.9,22912
736419,1701,1729,1672.8,1696.55,23998
736420,1710.05,1725.2,1685.6,1711.1,97174
736421,1712,1764.95,1712,1746.75,140548
736424,1762,1763.95,1747.5,1751.3,36360
736425,1751.35,1755,1737,1748.8,27371
736426,1741.2,1783,1741.2,1765.45,24566
736427,1774.95,1776.8,1753.2,1763.85,11308
736428,1763,1771,1740.05,1749.9,127143
736431,1760,1806.35,1755.4,1778,118708
736432,1782,1788,1765,1778.55,97783
736433,1780,1846,1767,1821.2,109922
736438,1812,1931,1812,1871.6,117537
736440,1884.95,1921,1875.1,1881.75,179419
736441,1881.75,1900,1824.95,1846.4,71743
736442,1850.05,1862.85,1823,1847.5,59294
736445,1859.9,1860,1834.05,1841.15,33965
736446,1845,1878,1841,1869,67973
736447,1869,1903.95,1849,1879.6,46503
736448,1879.4,1906,1825,1842.4,123845
736449,1842,1883.85,1842,1875.35,24965
736452,1880,1955,1836.3,1940.9,71807
736453,1955.95,1990,1931,1947.8,70815
736454,1922.1,1944.9,1893,1893.45,45069
736455,1895.3,1932,1879.95,1888.05,38210
736456,1899,1899,1864.8,1873.15,35510
736459,1876,1910.05,1870,1880.15,49162
736460,1890,1895.9,1850,1858.8,31293
736461,1840,1879.7,1840,1873.1,32839
736462,1883,1937,1883,1893.05,103350
736463,1893.05,1911.25,1862.1,1867.25,56017
736466,1889,1889,1848.7,1857.9,42782
736467,1858,1864,1838,1857.05,53875
736468,1867,1873.8,1845.05,1859.05,44804
736469,1860,1879,1842.1,1853.45,32240
736470,1854,1871,1790,1804.8,48472
736473,1823,1855.95,1794,1806.15,38996
736474,1821.65,1834,1725.55,1762.25,95703
736475,1784.95,1815,1763,1789.35,102265
736476,1798,1820,1785,1792.15,61945
736477,1799.9,1853.9,1790.05,1835.7,206841
736480,1838,1864.85,1828.25,1839.15,51768
736481,1855,1855,1798.7,1820.65,42522
736482,1835.95,1839,1774.05,1798.55,171646
736483,1804.9,1867.9,1791.35,1851.4,185707
736484,1870,1920.95,1845,1855.8,169990
736487,1855,1892,1854.95,1866,48081
736488,1883,1884,1858,1876.75,62687
736489,1877,1902.9,1850.55,1860.2,57478
736490,1862.3,1877,1831.5,1840.35,50087
736491,1850,1850,1800.15,1812.15,78984
736494,1810,1810,1766,1771.85,79866
736495,1775,1897,1762.1,1873.9,250086
736496,1887.95,1952,1879.95,1946.9,306570
736497,1948.95,2149.6,1908.1,2043.95,619399
736498,2065,2099.9,2022,2056.15,183292
736501,2037.65,2059.95,1994,2007.85,126667
736502,2012,2033.4,2006.35,2013.05,41164
736503,2018,2050,2005,2025.6,57540
736504,2024.95,2024.95,1982.2,2002.9,51463
736505,1978,2099,1919,2077.65,170471
736508,2091,2244,2090,2181.9,523701
736509,2200,2246.95,2190.05,2196.1,220239
736510,2205.4,2390,2180.5,2298.1,325093
736511,2320,2359.7,2279.55,2321.6,299835
736512,2321,2390,2316.25,2354.8,203829
736515,2370,2399.7,2328.8,2351.75,165371
736516,2389,2389,2306,2314.65,81604
736518,2326,2339.9,2300,2323.8,70960
736519,2313.85,2323.2,2292.05,2306.05,41234
736522,2325,2399,2320,2359.15,282287
736523,2375,2490.35,2365.05,2429.1,279770
736524,2448,2448,2350,2361.85,110100
736525,2378,2435,2377.95,2397.3,93311
736526,2419,2444,2390,2430.2,74456
736529,2435,2480,2414.45,2460.55,136300
736530,2480,2511,2471.1,2498.35,112405
736531,2500,2571,2457.1,2554.2,278900
736532,2559.1,2730,2559.1,2608.7,273400
736533,2630,2648,2576.1,2599.85,210403
736536,2616.8,2677.95,2595,2599.95,184636
736537,2618,2775,2571.1,2715.05,712262
736538,2715,2715,2601,2614.15,212238
736539,2634.8,2730,2619.5,2665.05,337816
736540,2659.9,2784.9,2652.65,2723.9,352214
736543,2739.8,2874,2738.7,2828.75,340420
736544,2867.3,2950,2675.75,2726.1,434130
736545,2748,2748.95,2601,2645.5,247573
736546,2676,2735,2621.1,2668.6,205738
736547,2679,2708.65,2634,2669.7,146436
736550,2690,2698,2624.6,2642.05,90897
736551,2653.7,2662,2576.15,2604.75,136262
736552,2614,2749,2614,2695.5,272747
736553,2700,2778,2680,2760.55,197825
736554,2710,2780,2673.95,2770.85,174893
736558,2780.8,2802.45,2740.05,2750.2,100241
736559,2766.95,2779.95,2700,2716.8,91741
736560,2737.95,2748.95,2657,2711.7,78129
736561,2731,2757,2689,2698.9,71542
736564,2712.55,2749,2705.5,2718,73675
736565,2727.95,2735,2655.6,2682.4,89090
736566,2692.7,2727,2692.7,2711.4,58518
736567,2721.65,2727.15,2675.5,2688.25,61638
736568,2708.85,2823.95,2691.4,2808,227483
736571,2826.7,2845,2802,2815.9,122056
736572,2825,2859,2814,2844.5,98384
736573,2850,2997,2846,2967.3,356075
736574,2962,3077,2930,3030.55,297297
736575,3030,3113,3030,3052.5,157450
736579,3079.7,3088,3055,3073.5,106428
736580,3062.5,3099,3040,3057.35,107109
736581,3076.7,3155,3050,3129.4,350855
736582,3164,3164,3017,3034.4,128166
736585,2970,2996.95,2884.95,2942.9,158032
736587,2970,2997.9,2880,2903.4,137915
736588,2927,2986.55,2910.1,2966.15,109780
736589,2994.5,3019.95,2862.1,2895.05,182523
736592,2911,2978.75,2910.75,2964,101284
736593,2980,3109.8,2974.95,3096.2,273623
736594,3115,3199,3109.95,3174.95,228765
736595,3199,3300,3146.2,3254.2,282425
736596,3279,3424.8,3260,3294.65,327849
736599,3323,3355.2,3245,3287,174130
736600,3301,3317.8,3258.3,3272.65,135971
736601,3262,3265,3203,3234.65,200871
736602,3265,3309.7,2974.9,3105.7,301395
736603,3103,3198,3040.05,3069.55,269368
736606,3109,3201.9,3102,3194.65,167480
736607,3236.9,3240.5,3174.2,3199.85,182588
736608,3228,3228,3110.4,3154.65,116651
736609,3187.9,3188,3152,3159.45,159232
736610,3168,3168,3111,3149.85,90612
736613,3153.15,3166.85,3110,3119.9,107671
736616,3114.9,3130,3089,3117.6,147343
736617,3140,3249.9,3111.6,3174.95,233247
736620,3180,3215.25,3135.2,3197,149486
736621,3205,3360,3204.85,3326,362753
736622,3380,3445,3312,3361.2,308174
736623,3375,3440,3310,3337.3,192297
736624,3345,3345,3262,3275.4,169033
736627,3291,3309.95,3195,3220.95,128698
736628,3234,3274,3186.3,3248.6,124434
736629,3242.55,3362,3210.1,3327.95,227392
736630,3325.5,3359.65,3185,3268.05,243573
736631,3300,3410,3295.5,3383.2,361297
736633,3405,3433,3399.95,3416.75,35745
736635,3440,3480,3410,3458.9,192355
736636,3448,3448,3357.1,3372.55,133116
736637,3372,3398,3323.05,3347.75,85341
736638,3347.8,3360,3181,3196.7,233335
736641,3248,3287,3115.1,3141.45,338349
736642,3160,3188,3020,3072.05,340893
736643,2950,3185.95,2480,3032.45,222034
736644,3087.7,3140,3054.6,3089.45,240541
736645,3049.95,3117.45,2895,3021.85,354680
736649,3030.05,3038,2784.95,2827.85,529100
736650,2885,3037,2860.65,2924.45,413541
736651,2952.95,3098.4,2883.65,2918.15,293395
736652,2929.7,3016.05,2910.05,2943.2,370661
736655,2998.7,3005,2783,2845.7,264002
736656,2876,2928.7,2876,2901.55,323345
736657,2938,2959,2875.8,2931.15,228999
736658,2935,2975.5,2883.1,2949.45,369076
736659,2979,3028.8,2940,2970.15,516372
736662,2985,2997.4,2925,2941.9,368787
736663,2951,2979.5,2928.95,2938.1,277511
736664,2954.95,3005,2908.7,2990,4060622
736665,3009,3019,2930.25,2939.3,166356
736666,2935,2999,2923.05,2977.65,159690
736669,2990,3095,2980,3031.65,147477
736670,3029,3044,2990,2999,213031
736671,3020,3020,2946.1,2957.2,71578
736672,2970.1,3000.25,2961.1,2995.4,93049
736673,3009.9,3009.95,2983,2997.15,75328
736676,2986.95,3048,2960,2975.25,105499
736677,2989.85,3000,2836,2874.8,213187
736678,2890,2892.4,2760,2775.75,147517
736679,2760,2803.55,2700,2710.75,197986
736680,2731,2851.05,2719,2829.8,185787
736683,2834.8,2839.8,2725,2732.8,131081
736684,2746.95,2773.95,2675.5,2694.65,128587
736685,2709.9,2717.85,2650,2659.9,100191
736686,2652,2652,2542.15,2550.1,152438
736687,2555,2640,2541.3,2620.4,220535
736690,2630,2637.95,2555,2617.85,74403
736691,2625,2775,2606,2743.55,101362
736692,2754,2820,2728.5,2800.75,105911
736693,2825,2892,2812,2872.2,138991
736694,2880,2942,2877.15,2894.85,75673
736697,2898,2979,2858.8,2949.65,77962
736698,2950,3045,2940.1,3016.65,89363
736699,3020.05,3037,2947.6,2960.85,85592
736700,2984.1,3024,2970,3018.45,76912
736701,3018,3021,2968,2978.55,57125
736704,2981,3024.95,2970,2992.65,77239
736705,2996,3020,2990,3010.15,34970
736706,3015,3027.15,2932.45,3018.5,90149
736707,3019,3020.2,2990.1,3018.6,52413
736708,3021.75,3021.75,2997,3019.6,40033
736711,3018,3028.2,2993.5,3012.6,22013
736712,3029,3029.9,3008,3019.7,53717
736713,3011,3059.95,3011,3046.65,90597
736714,3033,3175,3011.6,3154.75,279957
736715,3140,3167.95,3027.6,3064,91901
736718,3056.65,3082.05,3024.4,3063.45,64569
736719,3089.9,3158,3080,3128.8,63922
736720,3154.8,3175,3132.75,3169.7,124818
736722,3160,3195,3160,3169.4,74741
736725,3169.4,3246.55,3134.45,3205.45,175971
736726,3262,3338,3212.55,3245.85,184606
736727,3270,3347,3166,3328.4,124882
736728,3335,3510,3280,3462.1,170594
736729,3490,3500,3400,3419.95,68814
736732,3452,3748,3429.1,3721.95,386613
736733,3738,3777.8,3655,3691.25,154712
736734,3700,3743,3605,3663,116934
736735,3665,3704.75,3551,3577,123312
736736,3590,3661,3565,3630.95,170482
736739,3655.2,3685,3592.65,3637.25,105482
736740,3639.9,3654.7,3572.6,3592.9,71644
736741,3599,3690,3595,3628.35,130707
736742,3628.35,3679,3628.35,3671.2,50784
736743,3675,3698.95,3651.65,3685.5,45122
736746,3670,3715.35,3622.85,3641.75,42617
736747,3649.75,3649.75,3581.15,3624.1,60573
736748,3638,3775,3630.4,3750.2,119505
736749,3779,3907.95,3742.4,3847.2,200336
736753,3847.2,3876,3752,3836.6,107482
736754,3849.95,3980,3795.05,3914.15,166741
736755,3969,4020,3895.95,3923.85,121113
736756,3940,3959.95,3846.75,3875.5,88498
736757,3846.7,3867.55,3740,3761.75,100341
736760,3784,3849,3775,3817.7,81752
736761,3839,3858,3781,3805.1,72461
736762,3805.1,3862,3762.05,3832.05,72292
736763,3811,3847,3776,3804.85,83678
736764,3802.5,3844,3792.35,3826.05,60087
736768,3900,3950,3840.7,3931.25,144365
736769,3940,3978,3910.05,3938.65,93641
736770,3950.1,4081.3,3950,4040.05,110599
736771,4050,4060,3950,3969.1,114395
736774,3970,3998,3942.4,3965.8,46436
736775,3990,4089,3960,4057.45,109627
736776,4025,4217,3966,4107.85,140996
736777,4200,4200.1,4110.95,4148.5,79510
736778,4120,4194.95,4106.5,4129.35,51885
736781,4145,4190,4010,4044.8,65888
736782,4065,4124.5,4060.7,4090.75,74378
736783,4109,4120,4030,4062.65,107992
736784,4078,4112.35,4040,4060.6,79777
736785,4050,4120,4050,4098.4,65665
736788,4098.4,4133.95,4065,4098.25,45544
736790,4091,4167.45,4086,4128.8,92521
736791,4128.8,4195.15,4106.25,4178.35,55202
736792,4155,4290.05,4140.45,4226.2,147025
736795,4241,4390,4233.35,4373,161729
736796,4385,4455,4346.5,4374.85,78505
736797,4389.7,4528,4380,4502.95,145418
736798,4500.05,4659.7,4471,4611.9,133243
736802,4647.9,4699,4472,4493.45,137018
736803,4525,4565,4350.1,4369.4,129393
736804,4374.3,4425,4325,4340.05,86116
736805,4450,4450.05,4340.1,4355.4,104209
736806,4394,4398,4287.3,4304.05,73137
736809,4310,4388,4270,4371.75,87376
736810,4390,4559.95,4375.1,4524.35,152942
736811,4555,4575,4430,4534.2,90897
736812,4534,4556.8,4480,4524.75,72445
736813,4545,4750,4530,4575.65,210948
736817,4580.75,4671.75,4520,4566.15,121557
736818,4589,4650,4550,4562.9,85470
736819,4599,4619.8,4560,4569.6,79220
736820,4564,4589,4355.6,4428.4,120140
736823,4448.7,4477.95,4391.6,4420.95,53386
736824,4421,4455,4370,4378.45,49435
736825,4400,4431.8,4356,4391.45,104346
736826,4400,4528.95,4381.25,4495.8,135384
736827,4510,4525,4365,4395.55,87415
736830,4427,4589.95,4381.2,4550.95,188113
736831,4584,4614.95,4525,4567.5,105034
736832,4575,4610,4406.4,4486.75,170295
736833,4405,4425,4300.05,4319,163765
736834,4369,4385.35,4085,4169.9,253364
736837,4200.5,4247.95,3950,3964.2,192674
736838,3968.6,4025,3801,3983.05,392627
736839,4016.9,4031,3931.1,3953.95,226604
736840,3974.7,4015,3945.25,3997.1,108531
736841,4021,4080,3965,4007.35,161514
736844,4020.55,4066,3945.6,3998.05,78651
736845,4000,4173.75,3942,4154.5,181270
736846,4178,4220,4115.65,4192,283516
736847,4141,4240.05,4141,4205.6,94518
736848,4220,4321.85,4205.1,4305.8,127932
736851,4339,4343.45,4298,4304.75,57413
736852,4340,4340.05,4176,4244.1,92133
736853,4274.95,4280,4181.2,4254.15,94267
736854,4278.6,4310,4236,4280,58681
736855,4299,4299,4190.9,4242.2,104304
736858,4235,4235,4140,4152.65,63575
736859,4174,4229.9,4152.65,4176.85,61327
736860,4185,4194.9,4103,4128.4,84652
736861,4130,4149.95,4070,4098.4,148021
736862,4102,4255,4102,4199.7,255011
736865,4230.2,4288,4162.65,4242.45,132057
736866,4232,4287.95,4218.8,4264.4,105308
736867,4265,4329,4248.1,4268.4,203709
736868,4272,4315,4198.05,4220,74343
736869,4222.7,4236,4089.55,4101.3,93020
736873,4106,4117.45,3982.2,4036.05,122618
736874,4025,4155,3950,4108.15,111692
736875,4150,4168.7,4075,4098.75,142918
736876,4100,4141.8,4052.25,4118.7,86710
736879,4125,4168.6,4092.95,4130.7,108062
736880,4149,4189,4105.4,4132.7,87938
736881,4135.15,4174,4118.4,4149.25,179431
736882,4162,4198.95,4120.2,4151.5,98393
736883,4140.5,4153.3,4080,4115.9,93621
736886,4116.1,4145.3,4090.7,4103,17464
736887,4105.1,4142.2,4091.15,4123.2,103330
736888,4093,4249,4093,4229.3,213039
736889,4273.3,4373.55,4240.1,4364.55,409545
736890,4400,4424,4328.15,4399.9,229905
736893,4418.9,4483.35,4400,4446.3,169423
736894,4450.15,4469.8,4394,4419.55,103425
736895,4430,4595.95,4428.8,4564.5,355676
736896,4595,4747,4527.7,4679.3,347484
736897,4682.8,4975,4678.9,4910.4,516203
736900,4950,5044.7,4905,4949.95,321007
736901,4949,5001,4920,4958.5,147644
736902,4949,4996.75,4925,4955.45,122925
736903,4950,5098,4890.1,4934.45,321478
736904,4896.95,5014,4890,4926.3,166077
736907,4940,5009.75,4927,4991.85,147439
736908,5025,5084.4,4990,5067.25,146487
736909,5070,5100,4984.4,5002.35,142369
736910,5027.7,5177.7,5010,5115.05,311578
736911,5121,5341.8,5118.6,5308.15,268186
736914,5310.8,5495,5310.8,5433.05,243057
736915,5479,5479.9,5302.25,5336.1,257108
736916,5336,5336,5076,5121.9,225019
736917,5098.9,5174.95,4963.45,5024.75,237901
736918,4990,5169.4,4913,4992,288737
736921,5050,5245,5049.45,5222.05,195624
736923,5269,5423.5,5169.75,5356.8,224358
736924,5384,5456.5,5281,5304.45,182299
736925,5296.95,5365,5201.05,5309.5,151327
736928,5315,5360,5181.05,5216.85,164539
736929,5250,5290.15,5176.05,5234.6,130727
736930,5249.85,5375,5220.45,5351.3,194647
736931,5399.8,5521,5304.05,5506.25,185689
736935,5557,5630,5530.05,5578,214750
736936,5575,5583.6,5425.5,5442.95,150716
736937,5499,5586.95,5450,5489.65,139515
736938,5490,5540,5455.55,5502.85,143342
736939,5530,5573,5480.1,5495.3,91200
736942,5495,5495,5345.05,5377.25,121880
736943,5401,5444.4,5374.2,5395.9,105781
736944,5389.9,5520,5352.3,5456.15,258895
736945,5500,5650,5460,5623.8,356624
736946,5665,5680,5550,5594.75,178818
736949,5649,5790,5620,5733.3,203830
736950,5786,5786,5660,5678.9,148537
736951,5711,5788.3,5678.9,5723.35,161275
736952,5775,5775,5660.1,5680.6,141118
736953,5674.9,5720,5620.3,5674.55,183979
736956,5690,5725,5607.3,5626.45,139901
736957,5640,5673.8,5600,5651.25,104130
736958,5670,5675,5587.95,5602.9,126778
736959,5606,5620,5442.3,5486.3,244183
736960,5440.1,5459,5200,5231.65,248932
736963,5230,5234.8,5001.75,5110.6,261373
736964,5100,5255.05,5005,5170.5,234772
736965,5220,5238.1,5045,5071.35,186629
736966,5070,5131.4,5022.15,5043.75,276635
736967,5099,5246,5062.6,5154.45,236821
736971,5210,5344.85,5141,5325.45,297740
736972,5348,5348,5250,5274.5,116412
736973,5299,5326,5209.3,5258.7,128849
736974,5285,5354,5245.55,5297.95,257532
736977,5318.85,5367.65,5290,5305.8,131215
736978,5355,5360,5306.8,5333.65,94363
736979,5365,5448.8,5250.05,5301.2,324156
736980,5309.95,5403,5290,5392.15,144302
736981,5415,5448,5360,5375.25,131788
736984,5429,5436.6,5315.2,5354.3,136498
736985,5380,5414.65,5307.75,5356.75,138637
736986,5379.8,5379.8,4827.1,5315.05,101122
736987,5343,5343,5250,5306.1,21122
736991,5275,5327,5235,5287.3,88707
736992,5331,5335,5243.05,5252.8,83074
736993,5278,5376,4906.2,4997,242390
736994,4990,5067,4885.2,4982,233169
736995,4988.8,5089.25,4988.8,5033.95,158840
736998,5064,5075,4971.95,4994.85,110610
736999,5015,5158.75,4881,5010.35,318607
737000,5050,5099,5000,5022.6,99629
737001,5068,5068,4970,4982.15,79540
737002,4989,5082.2,4965,5032.6,123701
737005,5030,5050,4992,5009.6,79496
737006,5038,5038,4955,4981,101453
737007,5005,5044.45,4950,5022.7,140928
737008,5005.1,5094,4991.4,5006.75,139597
737009,5021,5075.25,4990,5027.45,84973
737012,5028,5050,4962.6,4998.35,84985
737013,4978.35,5059,4964.5,5014.4,65822
737014,5024.85,5049,4850,4902.65,116297
737015,4949,5009.35,4905.05,4984.75,84334
737016,5030,5195.65,5015.05,5129.75,227223
737019,5156.8,5215,5144.1,5173.55,85975
737020,5200,5244,5115,5206.2,105469
737021,5206,5221,5150,5176.35,104244
737022,5188,5189,5101,5133.6,81941
737023,5141.1,5191,5123.65,5160.6,67352
737026,5159,5159.95,5121,5151.85,95340
737027,5145.05,5274.8,5122.65,5240.2,153601
737028,5260,5349,5224.85,5305.6,161851
737029,5251.5,5290,5151,5214.1,282218
737030,5213.75,5282.25,5060,5098.85,98823
737033,5100,5137,5005,5056.8,131794
737034,5051.05,5084.3,4982.8,5003.65,154886
737035,4970.05,5032.95,4905,4964.65,208715
737036,4940,5093,4940,5070.2,120619
737037,5090,5147.7,5070.2,5125.1,141024
737040,5159,5159,5059.65,5106.3,81543
737041,5120,5129,5073.5,5109.7,118285
737042,5114.85,5125,5001.15,5056.15,117002
737043,5000,5132,5000,5116.25,161585
737044,5160,5187.5,5111.5,5170.35,145700
737047,5050,5233.8,5004.05,5210.6,99880
737048,5255,5288,5201.2,5279.5,91737
737049,5288,5340,5271,5312.7,100708
737050,5340,5370,5315.1,5353.35,87711
737051,5316,5444.9,5316,5428.15,116452
737055,5431.9,5435,5355,5403.55,59737
737056,5411,5418.8,5280.8,5326.3,78924
737057,5291,5357,5266.35,5305.75,137276
737058,5280.05,5330,5185.25,5230.4,78892
737061,5208,5308.75,5151.6,5171.85,44899
737062,5199.9,5229,5047.75,5101.1,79123
737063,5139.35,5179.8,5088.8,5099.45,119413
737064,5120,5135,5051,5062.55,79205
737065,5098.8,5144.95,5076.1,5127.2,151818
737068,5170,5253,5146.15,5221.25,181068
737069,5230,5242.4,5105,5156.4,233510
737070,5160,5272.6,5130,5199.55,260021
737071,5198,5198,5135,5146.4,71160
737072,5146.4,5170,5032,5057.3,224758
737075,5052,5105.2,5001.1,5010.35,173185
737076,5039,5060,4935,4956.8,124186
737077,4950,5012,4890.4,4964.9,140637
737078,5007,5045,4884.5,4922.6,211086
737079,4920,5021,4842.35,4973.05,110406
737082,5000,5064.95,4951,5051.45,104891
737083,5042,5089,4987.6,5014.6,178301
737084,5015,5072.8,4949,5014.45,88003
737085,5025,5070,4900,4933.05,149077
737089,4949.5,5010,4899,4912.4,100404
737090,4925,4939,4860,4875.65,104332
737091,4861,4863.45,4736.45,4812.35,220161
737092,4811.05,5080,4770,5038.4,350858
737093,5001,5148.1,4890.95,4935.75,375160
737096,4810,4994.9,4763.05,4918,295940
737097,4500,4949,4500,4904.6,263080
737098,5009,5056,4927.55,5012.05,201435
737099,5000,5174,4975,5057.25,154586
737100,4989.9,5088,4961.2,5059.35,144600
737103,5096.3,5244,5042.8,5235.45,141176
737105,5260,5350,5152.3,5189,154547
737106,5200,5291,5112.05,5130.35,104197
737107,5168.85,5199.8,5030,5058.25,88468
737110,5095,5119.85,4970,5000.75,146928
737111,5030,5049,4976.2,5014.3,107899
737112,5040,5050.25,4955.1,4973.45,100845
737113,4989,5030,4925.15,4951.85,123453
737114,4943.15,5057,4940,5019.65,136396
737117,5051,5260,5030.05,5192.95,169230
737118,5208,5227.5,5101.1,5121.35,82961
737119,5090,5131.8,5030.2,5051.7,130485
737120,5052,5087.9,4986,4999.4,84916
737124,4999.4,5067.6,4952.2,5037.45,114133
737125,5075.5,5097.95,4955,4980.65,86842
737126,4980,4980,4806,4836.15,123770
737127,4863.95,4889,4800,4864.6,102351
737128,4893.4,4990,4845,4966.25,140074
737131,5002.5,5077.85,4967.2,5040.05,107704
737132,5039,5119.95,5016.6,5098.4,92570
737133,5090,5134.4,5053.45,5111.6,78975
737134,5111.5,5140.05,5020.05,5034.5,82293
737135,4971.6,5085,4971.6,5011.35,178245
737138,5020,5049.95,4932.25,4963.45,84292
737139,4945,5090,4942.55,5080.85,107777
737140,5090,5149.85,5090,5131.5,99953
737141,5100,5135.45,5090,5119.85,73966
737142,5058.9,5151.7,5040,5126.7,173772
737145,5128,5187.85,5063.15,5151.05,126482
737146,5180,5278.45,5111,5258.95,129719
737147,5230,5299,5021.55,5171.55,1229462
737152,5075,5295,5071.15,5267.4,239474
737153,5269,5418.45,5232.6,5381.6,189750
737154,5420,5445.6,5202.8,5228.55,188780
737155,5333,5500,5315,5443.85,205387
737156,5463.3,5513.95,5415.05,5484.25,121693
737159,5488,5579,5454.55,5561.3,137636
737160,5581.05,5585.95,5394.95,5412.9,157907
737161,5439.05,5473.9,5340,5420.2,146251
737162,5425,5454,5365.25,5420.75,79654
737163,5438,5442,5293.55,5316.8,179869
737166,5320,5397,5309.95,5386.15,80113
737167,5410,5449.8,5390,5426.1,129734
737168,5435,5456.9,5354.8,5371.85,83355
737169,5375.1,5412,5360.05,5385.2,65288
737170,5370,5389.9,5265,5286.35,157393
737173,5298.85,5348.85,5256.65,5294,87805
737174,5300,5454,5300,5427.65,142075
737175,5443,5497.55,5381.25,5434.3,139298
737176,5435.1,5479.5,5315.2,5339.25,161700
737177,5358,5468,5358,5435.25,87173
737180,5459,5534.9,5401.1,5482.6,93148
737182,5480,5531,5394,5436.9,104324
737183,5460,5470,5370,5370.2,91065
