734445,245,245,245,245,NaN
734446,291,344.9,291,342.55,479716245
734447,343,356.5,343,349.85,31927173
734450,351.8,355.9,329.5,330.75,46932779
734451,330.15,333.4,325,326.05,23741956
734452,325.4,327.8,320.05,322.8,21057129
734453,323,336.95,321.85,328.55,26548372
734454,330,332.95,318,320.15,15004107
734457,321.2,322.9,315.05,317.2,9917395
734458,320,323.95,316.1,318.05,12100114
734460,319.6,328.95,310,326.9,23983896
734461,330.25,339.95,328.1,333.55,51723739
734464,336,337,315,333.35,11494521
734465,330.5,332.4,317.5,320.15,13147667
734466,329.35,329.35,310,310.8,16243562
734467,314,318.35,311.1,313.2,6489260
734468,315,316,301,312.7,13657322
734471,311.4,319.7,308.2,317.45,6493219
734472,315,319,312,317.25,6050064
734473,317,322.5,315,320.95,5053942
734474,322.2,325.95,321.15,324.85,6143344
734475,318.1,325.7,318.1,321.95,2453815
734478,321,324.9,318.5,320.4,2895539
734479,320.5,322.75,317.25,320,3484977
734480,318.6,322.7,317.25,318.85,2877153
734481,318,320,309,313.2,5313081
734482,312,322,312,317.3,5799900
734485,318,324.35,317,323.15,2809522
734486,324.45,331,322.75,325.3,7075931
734487,325.6,330,323,327.85,5380352
734488,326.75,327,317.4,320.7,2893052
734492,323,323,315.05,316,2905355
734493,318.8,318.8,311.2,313.3,4427901
734494,315.1,319.7,312.7,314.05,5425074
734495,315.05,315.95,312,312.95,3326534
734496,313,313.9,310.1,312.15,1859093
734499,312.15,314.3,306.5,307.3,5273320
734500,308,309.95,301,303.75,8055446
734501,306.1,311.4,304.3,310.25,5772875
734502,311,311.6,307,308.05,2643251
734503,309.5,316.45,308.3,314.75,4960987
734506,315.5,318,314.55,317.3,2929118
734507,318.9,320,316.05,319.2,2716995
734508,320,320,308.25,309.8,8555905
734509,311,313,308.5,309.1,2763146
734510,310,313.5,302.15,309.1,2298583
734513,309.9,310,302.1,305.15,5413595
734514,306,312.95,306,309.05,2781948
734515,309.9,312.9,306.25,308.5,1181115
734516,309.4,313.95,307.5,310.45,2070696
734517,310.45,315.5,307.95,310.5,2244505
734520,307.25,314,306.2,313.15,1707118
734521,313.5,313.95,308,311.15,844507
734522,311,312.7,307.95,309.4,1426048
734523,308.8,319.2,308.1,315.7,6121175
734524,316.45,316.45,312,314.15,2413133
734527,314.9,314.9,309,310.45,1097986
734528,311,315.7,308.55,310,2452476
734530,311,312.9,307.2,308.3,2455783
734531,307.05,309.7,303.05,305.05,4236476
734534,302,307.5,300.55,304.35,3673855
734535,305.5,309.85,303.5,308.3,4863055
734536,310.1,314.9,308.55,312.5,3374631
734537,311,320,310.9,317.35,4211492
734538,317.35,318.1,307,308.15,1688679
734541,309.4,310.45,304.15,304.65,1799233
734542,306.9,307.45,296.2,301.4,3841730
734543,302,307.85,297,298.7,4490558
734544,300.1,304,293.25,297.65,2690945
734545,298.1,305,298,304.6,3292240
734548,306,307,300.1,302.8,1942474
734549,304.5,307.85,302,302.45,3035367
734550,304.25,304.45,300.45,301.1,1619527
734551,302.95,306.4,302,305.05,2752128
734552,303.9,305.2,300.1,302.35,1990388
734555,301.5,303.9,300,301.85,953044
734556,302.5,303.5,300.3,301.35,1436876
734557,302.4,302.4,299,300.65,2131294
734558,301.4,303,298.25,299.3,2899140
734559,300.1,303,289,292.65,1964843
734562,299,331.75,296.1,327.7,20923045
734563,325,339.9,320.65,338.6,7867356
734565,338,338,327.2,329.05,4387230
734566,332.7,334.95,323.25,324.25,1402888
734569,322,343.55,318.4,341,7183263
734570,343,344.5,335.35,337.25,3110206
734571,339.8,341.2,336.05,339.55,1603527
734572,339.8,339.8,329.75,334.3,1612997
734573,334.95,335,328.1,329.95,856545
734576,330.9,335.75,327.05,333.8,1128910
734577,329,342.9,320.15,338.45,4638465
734578,339.1,347.9,333.5,343.9,3717632
734579,342,347.5,338.5,342.95,1815524
734580,343.5,347,337.6,344.4,2926170
734583,343.35,349.9,343.3,347.15,3943734
734584,347.5,371.4,347.4,360,9681241
734585,361,363.8,352.05,353.9,2695567
734586,353.9,361.35,353.9,358.3,2324343
734587,360,362,356.55,358.1,2203586
734590,359.85,360,349.35,350.95,1128268
734591,352,352,340.65,346.25,6481785
734592,347,350.5,340.1,341.4,2449230
734593,342.4,348.9,341.4,346.5,3248352
734594,347,348.5,342.6,346.9,2169798
734597,347.35,360.95,345.35,355.95,2719239
734598,351.1,361,351.1,358.75,1328250
734599,358.75,367.8,354.8,366.45,4513558
734600,367.3,370.8,358.3,359.65,2485182
734601,363,363.7,351.5,355.25,2121665
734604,356.4,363,352.6,357.6,2751598
734606,358,359.4,350,353.9,1432901
734608,355,358.75,350.5,357.45,2609120
734611,359.05,359.25,350.45,352.7,979661
734612,352,354.8,345.9,349.6,1488088
734613,351.5,368.9,351,366.55,4296720
734614,369.7,369.75,358.05,362.3,4895594
734618,363,365.3,359.5,364.15,1832622
734619,361.55,365,358.1,364.45,1277232
734620,360,377,359.45,370.85,3734876
734621,372,381.8,370.75,376.7,7546827
734622,376.7,383.3,374.5,380.55,3799109
734625,362,382.95,362,379.7,1855839
734626,378,384.5,368.55,371.5,2031295
734627,371,374.8,361.3,371.7,2881731
734628,370.95,374.95,365.25,368.3,1537387
734629,369.45,372.9,365.55,369.75,2241153
734632,370,393.9,368.65,392.3,6109075
734633,392,396.35,385,386.15,3322937
734634,387.3,393.45,381.5,384.15,2854705
734635,385.9,393.2,380.35,381.85,2726810
734636,383,391.55,382.05,386.85,2281880
734639,388,393.25,386,388.9,1551570
734640,390,401.4,389.5,397.6,5674815
734641,399.6,399.6,370.4,373.7,8642834
734642,375.05,384.75,365.5,376.1,11416019
734643,372,373.6,362.65,364.95,5400664
734646,364,373.45,362.45,365.4,1974392
734647,367,375.4,359.25,370.7,3890213
734648,373.6,384.9,371,377.35,3824128
734649,380,390.8,379.75,388.95,5232851
734650,389.5,394.5,386,387.9,2737715
734653,390,397,390,394.95,2529091
734654,394,422.35,394,408.45,11708250
734655,415,416.6,405.1,414.45,4496698
734656,413,413.5,400.6,402.75,2842746
734657,402.6,408.25,390.1,391.65,2764367
734660,392,399.8,390.35,393.9,2009110
734661,395,404.3,393.3,403.15,1982013
734662,404.05,413.8,402.7,407.65,3290373
734663,408,411.4,405.55,407.35,1360848
734664,408.8,411.95,400.75,405.35,1845651
734667,405,405.05,395,396.3,1548256
734668,398.2,402.5,392.2,394.7,2432283
734669,394.8,397.35,388.6,390.15,2682187
734670,390,396.7,387.95,394.25,1462308
734671,394.5,402.6,393,395.6,3800502
734674,400.15,406.35,392.8,395.6,3967696
734675,396.95,399.8,388.25,389.75,2133725
734676,392.05,393,376.1,378.65,2533012
734677,378.65,382.8,375,376.1,2255855
734678,378.6,391.5,378.6,390,2896582
734681,408.6,408.6,385.7,397.8,2439080
734682,398,401.7,391.65,392.4,1186089
734683,396.1,396.5,387.5,388.55,2091679
734684,390,393.8,389.25,392.85,1614539
734685,392.85,395,383,384.25,2254393
734688,386.95,396.2,386.95,395.1,1683417
734689,395,396.75,391.3,395.35,882850
734690,397.95,400.75,391.25,392.15,1853087
734691,395,395.9,392.55,394.25,1111992
734692,370,378.7,361,362.65,19402497
734695,299,367,299,356.75,8003993
734696,355.5,368.65,353,365.3,7031368
734697,367,370.5,365.6,368.15,4671340
734698,366.35,375.5,366.35,371.45,3791759
734699,371.45,373.75,364.8,365.85,2338930
734702,368.4,372.9,365,368.9,1928820
734703,369.7,371.85,364.1,369.85,1751354
734704,373,373.6,366.55,367.1,1144234
734705,366.95,374,366.55,367.9,1786938
734706,370.05,372,367.2,368.95,1621371
734709,370.7,371.3,367.25,369.1,1674691
734710,370.55,376.45,370,373.95,2173138
734711,374.85,400.45,374.8,398.95,8304568
734712,403.65,408.7,391.7,393.7,5536482
734713,390,395,385.1,388.25,1971794
734716,391.5,394.8,387,391.75,2027360
734717,391,398.4,390,397.3,2508279
734718,391,396.3,391,392,2524242
734719,397.7,406.5,393.05,394.15,4004932
734720,389.4,396.2,375.2,392.9,3203823
734723,381.1,399.65,378.2,392.25,4596727
734724,383,388,376.25,379,4161457
734725,388.95,389.2,380.15,381.3,2365785
734726,380.1,388.6,380.1,386.25,1581039
734727,390,393.8,381.1,385.25,2785578
734731,390.1,395.4,386.2,387.05,3817965
734732,389.4,399,388,397.9,4815761
734733,401.5,404.1,388.25,390.2,3881299
734734,385,398.45,384.3,393.45,4263628
734737,395,397.95,391,394.4,2422421
734738,394.45,394.7,381.7,392.4,5401601
734739,387.35,388.35,370.5,373.9,5263656
734740,374.1,377.35,361.65,374.75,5596203
734741,377,381.9,357,359.4,5864875
734744,363.45,372.6,363.45,369.35,3603683
734745,374.4,378.9,370.1,375.6,2721134
734748,383,390.7,375.2,388.15,3519216
734751,383.25,386.95,379.55,381.05,1574228
734752,379.8,383.95,375.25,378.75,2150209
734753,380.5,393,379.5,391.25,3479610
734754,391.3,391.5,384.6,386.2,1874028
734755,388.95,393.45,379.65,381.05,2337246
734758,379.4,381.5,370.35,377.5,2230973
734759,379.5,383.6,373,376,1863685
734760,377.95,382.7,375.7,377.8,2263022
734761,381.55,382.4,376.4,378.5,1389227
734762,381.5,383,375.55,379.15,2933473
734765,377.1,379,375.35,376.5,683397
734766,377.4,380.7,373.1,378.4,2411501
734767,382.5,387.45,380.2,384.45,3797201
734768,379.95,381.2,374.05,375.35,1916877
734769,372.2,373.4,364.65,365.6,3128059
734772,365,365,342.1,346.5,6521673
734773,353.9,359.25,351.1,358.15,4671317
734774,361.8,362.6,351,355.65,2221187
734775,354.5,354.5,344.55,350.65,2605432
734776,351.75,354.65,325.15,333.2,14757839
734779,330,339.7,323.35,336.8,8622229
734780,334,338.9,317.35,319.9,6097620
734781,321.9,327.8,314.55,324.7,6675945
734783,334,339.9,331.3,337.55,7803489
734786,341,345,330.85,343.65,10170568
734787,345.1,347.65,342.3,345.75,3946651
734788,346,349.15,332.3,337.95,10114266
734789,339.9,340.65,328.25,332.05,5951310
734790,330.2,331,319.05,322.55,9162659
734793,323.95,324.6,318.15,321.15,6312019
734794,321.7,331.35,321.15,330.05,12213184
734795,332.9,338.5,332,334.85,4426087
734796,333.75,333.75,326.5,329.7,3657774
734797,330.9,333.4,327.5,328.55,1766269
734800,333,333.05,323.2,324.55,3643726
734801,324.2,325.8,320.55,323.9,3614659
734802,327,331.3,327,328.9,1285041
734804,342,342.8,334.85,338.2,8671739
734807,339.75,339.75,331.3,332,3014703
734808,330.7,332.45,328.85,329.5,1928657
734809,325.3,329,325,325.9,3310414
734810,326.7,329,324.05,325.65,4108210
734811,329,330,325.45,326.3,3532695
734815,328.45,330.2,326.55,327.3,2300152
734816,329,330.3,324.55,326.1,3703073
734818,325,328.45,323.8,326.1,4015218
734821,326.1,326.9,319.4,323.1,2911632
734822,322,325.4,314.9,317.15,2426013
734823,316.9,317.25,306.05,311.65,3890690
734824,311,311.25,300.25,304.95,5484081
734825,303.9,303.9,294.6,297.65,6164620
734828,297,301.9,294.75,297.55,2590004
734829,299.85,304.95,298,302.55,3376746
734830,301,303.4,297,300.6,2565762
734831,302.1,305.95,298.1,304.15,3583744
734832,303.1,314.3,300.9,308.55,3004169
734835,312.3,324.4,311,322.5,3578208
734836,323.4,324.95,319.1,321.05,2912186
734837,320.95,329.7,318.2,327.15,3023017
734838,335.2,336,328.4,330.5,2920375
734839,330,335,326.35,334.65,1842887
734842,335.75,338.35,331.4,332.9,1295784
734844,332.9,333,320.3,323.65,5922728
734845,319.9,320.7,310.85,313.5,5099681
734846,309.05,318.5,305.75,316.05,2245578
734849,319,319.75,302.9,304,3270317
734850,303.5,309.8,300.3,308,2304900
734851,305.55,308.5,298.1,300.25,2569313
734852,298.9,312.9,293.65,311.65,4955253
734853,314.05,315,298.15,300.75,3337493
734856,300,308.4,297.9,307.15,2949577
734857,306.9,310.1,300.1,302,2497383
734858,307.25,307.9,298.6,302.75,5048737
734859,302.75,303,293.6,299.95,3747650
734860,302.9,302.9,298.6,299.95,2340380
734863,302,306.9,301.5,306.05,1796032
734864,305.5,307.6,295.15,298.25,3212706
734865,296.5,301.8,295.75,299.55,1957155
734866,298,302,297.1,298.75,2925666
734867,301,302.3,296.95,300.65,1723569
734870,303,313.2,303,312.15,3499615
734871,315.7,329.75,315.7,327.2,6951091
734872,327.9,330.8,321.75,326.7,3565108
734873,324,327.95,313.5,320.55,6830098
734874,315.9,322.8,315.9,318.05,2714233
734875,319.8,320.8,318.3,319.55,137669
734877,320,322,312.3,313.9,3237127
734878,316.95,321.3,315.35,318.05,3556640
734879,318.7,323.35,316.35,320.4,2652061
734880,321.7,327.8,318,325.65,4866674
734881,327,345.9,327,343.8,9030615
734884,343.45,346.8,339,340.8,3405645
734885,343,355,343,351.75,5299117
734886,353.1,358.3,336.5,339.8,7110166
734887,341,351.2,338,349.9,3572813
734888,351.95,351.95,336.1,344.8,3705887
734891,341.2,342.4,332.2,335,2654998
734892,332.5,337.8,328.35,329.95,4062908
734893,332,345.8,331.05,342.9,5152317
734895,345.3,348,339.1,341.95,3135118
734898,338.6,341,332.9,335.65,2829375
734899,335,337.5,323.5,327.2,6397212
734900,327,327,315.7,317,10018128
734901,320.95,324.75,319.5,322,6184145
734902,325,329.5,323.45,327.35,3378677
734905,331,333.25,326.15,328.25,3120365
734906,334.95,334.95,324.5,325.85,1900153
734907,326.25,335.65,326.25,333.3,3911363
734908,333,336.35,331.35,333.3,3161155
734909,333.3,334.75,327.5,331.85,3588782
734912,335,340.35,333.4,336.6,4388141
734913,337.8,339.85,332.3,334.35,2450641
734914,339,343.95,337.05,339.85,4463513
734915,339.05,339.75,319.05,320.05,16369724
734916,325,332.5,322.9,323.8,10576465
734920,325,328.9,320.1,326,5880975
734921,327,330.6,320,322.15,3968025
734922,321,325.75,318,322.75,3360240
734923,322,330.55,320.7,327.65,4222023
734926,329,330.9,317.1,323.1,4789844
734927,323.95,331.45,323.5,330.45,2773113
734928,331.15,335.8,331.15,334.5,2881804
734929,333.9,338.5,331,334.5,2738044
734930,334.5,335.6,329.35,332.15,1871139
734931,331,333.3,331,331.75,93355
734933,329.9,330.9,325.35,327.85,1182214
734934,327,335.9,325,330.15,2452725
734935,329.75,330.6,323.6,326.9,1867060
734937,329,337.75,329,336.05,2190819
734940,339,341.5,335.65,337.45,2081580
734941,341.2,345.7,339.05,343.35,3112273
734942,345.55,349.7,344,348.05,6289523
734943,340.8,341.6,336.05,340.5,2943615
734944,340.5,348.85,339,341.65,5726497
734947,336.3,341.15,333,334.8,1523499
734948,332.6,335.25,325.5,326.55,3024480
734949,327.25,333,327.25,331.15,2308361
734950,330.7,344.55,329.6,338.65,6022192
734951,339.9,342.9,330.3,334.85,1996054
734954,334,336.65,328.6,331.95,1653792
734955,333,334.8,325.4,330.9,4081274
734956,332.05,333.1,328.1,331.6,1603380
734957,330,340.4,330,332.8,5451105
734958,333.2,349,332.6,343.9,2711580
734961,340,343.3,335.1,341.2,2427033
734962,342.9,347.3,340.55,343.3,1424419
734963,337,344.7,334.6,341.6,2287795
734968,336.4,342.3,336,336.45,892507
734969,337.1,337.8,331,333.3,873331
734970,330,336.6,328.5,331.05,1699275
734971,333,335.75,331.75,333.15,1201944
734972,338.4,344.6,335.3,338.9,1894838
734975,334.05,339.9,334.05,339.15,806031
734976,343,352.45,343,350.05,4635971
734977,353.5,353.9,346.4,348.05,1425875
734978,349.5,362.8,347.3,361.6,3178601
734979,361,364.6,356,362.45,2814624
734982,359.1,367.45,352.3,355.4,2317353
734983,357.7,363.7,352.85,356.1,2301413
734984,357,358.25,348.5,349.5,1822054
734985,352.9,362.65,343.9,359.4,5184496
734986,356.5,357.95,348,351.25,1031688
734987,350,352.8,348.1,350.85,85843
734989,351.5,354.9,349.1,352.35,745458
734991,353.55,355.45,343.25,345.8,2621232
734992,343.3,344.65,332.8,336.95,3406455
734993,337,339,328.6,329.8,1430057
734996,327,332.4,325.1,328.5,2982635
734997,327.1,338.7,327,334.7,3112575
734998,332.85,332.85,325.3,326.5,2775700
734999,327.95,330.65,320,321.3,1823505
735000,320.45,321.2,312.65,314.5,2240167
735003,315,320.25,314,316.1,2554750
735004,313.1,315.85,310.5,314.2,1867697
735005,311.5,315.5,307.4,308.4,2230341
735006,308.3,312.5,305.5,306.45,2066494
735007,304,305.8,301.1,303.1,2601032
735010,302.5,311.3,302.05,310,1855016
735011,313.5,314.9,305.1,305.95,1763845
735012,304.8,309.85,302.6,308.35,1096968
735013,308,312.1,305.1,309.75,888439
735014,308.5,314.3,307.3,313.55,1207744
735017,314,316.5,313.25,315,976383
735018,319,324,317.1,321.85,2048507
735019,319.85,322.4,318.1,319.65,1288436
735020,316,325.75,316,321.6,4945117
735021,321.6,324.25,318.4,321.75,1725372
735024,321.75,322.55,315.1,320.1,1779732
735025,320.3,324.75,314.8,316.1,1820932
735026,317,323.5,317,322,2518829
735027,323.35,326.65,323.35,325.25,1102332
735028,323.8,329.5,321.8,327.7,1309159
735031,329,337.3,328.1,332.7,1775891
735032,330.7,337.2,330.2,336.1,1185164
735033,336.5,340.9,332.5,333.3,1541990
735034,333.55,336.7,329.45,330.95,1016302
735035,333,340.9,333,339.7,2607870
735038,341.3,344,336.85,339.55,1920907
735039,338.8,345.15,334.6,344,1889552
735040,345.2,346.25,336.1,337.9,1968947
735041,336.2,343.75,334.75,341.9,1306288
735042,340,343.35,336.5,337.7,1307708
735045,341.35,345,335.2,336.65,1341511
735046,337,340,335.05,338.8,977526
735047,340,344.45,338.85,342.8,1093934
735048,342.05,348.95,341.9,347.85,1551058
735049,350,354,343.05,346.8,2197837
735052,348,351.85,344.75,350.4,939971
735053,349.35,357.9,346.8,356.9,1721062
735054,357,358.65,352.3,353.75,1463831
735055,354.6,356.15,347.6,348.5,992871
735056,348.4,354.1,347.3,351.4,2194702
735059,349,352.9,346.5,350.55,1169024
735060,351,360,350.55,353.9,1487627
735061,351.2,354.7,350.25,353.5,747301
735062,351.7,355.75,351.25,354.35,1078046
735063,355,357,353,354.1,1002438
735066,353,356.85,349.7,350.55,1105616
735067,354,355.4,351.95,354.3,1404550
735068,355.5,361.9,355.5,360.3,3132440
735069,362.7,363.6,358.25,359.8,1221959
735070,359.2,363.2,359,361,973638
735073,359,359.7,354.8,355.8,705880
735074,355,357.65,352.75,356.1,871978
735075,353,355,346,351,1403757
735076,351,351.8,346.2,348.75,2974750
735077,351.5,354.5,350.05,353.9,1257600
735080,354.5,359.1,352.1,355.8,1155127
735081,356,361.4,355.1,359.35,1652469
735082,357,358.7,345.2,349.25,2658429
735083,350.6,351,343.25,346.75,2215158
735084,344.4,345,335.05,344,3796470
735087,344.7,347.4,341.15,343.45,1030665
735088,342.35,346,340.05,344.5,1818651
735089,345,351.5,343.85,345.2,2484555
735090,346.9,354.75,346.05,352.6,3254288
735091,352.7,353.8,347.15,348.6,1096183
735094,350,350.5,345.7,347.65,982115
735095,350,356,350,353.75,2594238
735097,353,354.65,348.7,353.6,1322951
735098,355,356.45,348.85,349.9,3018095
735102,349.95,353.55,345.7,352.45,805617
735103,349.25,357.4,349.25,355.75,1228381
735104,355.15,360.35,353.55,359.1,2822248
735105,358.25,371.75,358.25,367.05,4474419
735108,366.9,369.85,362.2,364.75,2562249
735109,362.25,365.5,357.6,359.45,1088810
735110,359.25,361.95,356.7,359.8,768280
735111,358.75,366,357.05,360.7,1876595
735112,359.5,359.5,349.4,351.45,1690335
735115,352.4,362.95,349.35,360.9,1238762
735116,361.25,363.25,355.6,360.65,1335023
735117,357.25,361.6,355.25,359.2,1999234
735118,360,361.35,355.65,358.25,772575
735119,361,362.8,357.9,361.2,813793
735120,361,361.6,360,360.55,21437
735122,361,369.75,360.15,366.7,1683054
735123,363,367.6,363,366.7,790047
735124,366.3,377.5,366.3,376.65,3049221
735125,378.65,381.45,375.1,380,1739163
735126,383.5,385.25,381.15,383.2,2034569
735129,383,386.25,372.6,374.3,3702194
735130,375,378.85,370,375.55,3027806
735132,370,374.1,362.1,364.5,2711969
735133,365.1,376,361.8,372.6,4354579
735136,371.1,372.25,367,369.75,1163086
735137,367.25,372.95,365,368.65,1178093
735138,366.5,368.95,357,358.15,2996497
735139,358,362.55,351.5,357.6,4214312
735140,360,370,355.35,358.95,2636688
735143,360,361.3,356.1,357.6,843310
735145,357.6,367,356.95,365.2,1712977
735146,366.55,367.75,360.3,361.7,1838271
735147,362.1,370.2,289.4,363.45,6833999
735150,364.05,365,356.45,357.4,1100145
735151,360,361.5,355.4,356.55,1272596
735152,355,357,353,353.25,639630
735153,355,359.9,353.15,358.75,1000450
735154,357,362,355,359.3,1107958
735157,358.8,358.8,353.75,356.45,978551
735158,355.15,359.55,353,354.2,839257
735159,355.5,357.3,352.55,353.6,1006622
735160,353.65,361.65,351.55,359.3,1398223
735161,357.2,359.6,353,353.95,1193960
735164,350.2,358.7,350.2,357.85,1077651
735165,356.6,361.8,354.3,358.55,1394940
735167,358,360.7,355.15,356.35,1540244
735168,354.1,356.55,352.5,355.05,388262
735171,354.1,357.05,349.1,350.1,904286
735172,350.1,350.8,345.55,346.55,844118
735173,346.9,349.35,342.8,346.3,1238573
735174,345.5,349.6,344.6,347.85,846349
735175,347.05,352.35,347.05,350.6,1715884
735178,349.35,355,349.3,352.95,1271314
735179,352,355.8,348,351.9,1830106
735180,350.55,352,347.6,348.35,2822027
735181,346.5,350.7,345.35,349.15,1800464
735182,350,351.8,345.35,346.6,2114860
735185,346.25,348.8,342.25,344.65,4073157
735186,346.75,347.75,345,345.75,200529
735188,345,350.4,344.25,348.4,3944091
735189,349.5,354.2,345.9,351.15,2884881
735192,351,352.6,349.2,351.2,2124504
735193,352,355.35,349.8,354.05,2029773
735194,354.4,355.5,351,354.8,1601145
735195,356,356.9,351,355.8,803077
735196,355.7,359,354.45,358.05,999152
735199,357,361.9,356.65,360.45,1152147
735200,362,367,360.5,363.3,1148482
735202,364.9,373.5,363.35,369.9,2727957
735203,373,373.45,359.15,366.55,1913806
735206,366.3,374.85,362.9,366.15,2009230
735207,367,369.35,361.6,364.45,2002423
735208,365.5,367.75,361.15,361.7,957128
735209,362.5,368.4,358.2,362.4,4403668
735210,364.9,372,360.8,362.95,3397863
735213,363.9,367.8,362,362.75,894152
735214,363.5,365.9,355.1,357.2,934577
735215,358.9,360.3,355.2,356.4,1333281
735216,356.5,357.6,351.3,353.65,1239115
735217,353,356.4,351.25,354.1,1882922
735220,353.1,355,349.75,351.8,2604658
735221,353,355.45,348.7,352.15,3208233
735222,352.55,359.05,352.55,357.15,2694436
735223,357.45,360.45,353.2,356.5,2359658
735224,354.5,354.5,350,352.6,2572795
735227,352.65,355.4,351.15,354.35,445971
735229,354.35,355.85,352.25,355.1,825470
735230,355.1,355.65,351.1,353.05,2472434
735231,354.8,355.5,350.55,353.4,1362203
735234,353.1,355.5,352,354.8,781161
735235,356.05,360.65,355.8,359.95,931122
735236,361.1,362.95,357.6,358.7,2259736
735237,359.1,362.5,358.1,360.45,2027014
735238,361.75,364.7,357.8,363.8,1535946
735241,364.2,365,358.55,360.2,1000153
735242,360.7,362,357,360.25,886068
735243,360.5,370.95,359.6,363.7,3174415
735244,366.2,372.4,363.8,365.65,1889875
735245,366,369.75,359,360.65,1310539
735248,361,362.2,357.3,359.15,1242363
735249,359.9,360.55,353.7,355.05,1104566
735250,354,358.8,351.45,352.6,1893031
735251,353.5,355.65,350.3,352.55,1437686
735252,353.15,358.75,353.15,354.8,1430944
735255,353.5,355.35,350.15,351.6,1395513
735256,349.5,354.3,348.5,350.45,2106194
735257,353.8,353.8,349.9,350.5,1525211
735258,349,355.7,342.5,343.65,2244498
735259,345,345,338.15,341.05,2178501
735262,341.6,342.9,337,342.25,1729721
735263,340.5,348.25,340.25,347.65,2242187
735264,347.5,352.8,346.85,350.25,2914324
735265,350,354.9,347.3,353.35,2978332
735266,352.25,359.1,349.3,356.7,1952958
735269,357.1,357.35,348.5,350.55,2098181
735270,347.2,353,345.25,349.4,1840821
735271,352.7,355,340.6,342.35,1067866
735272,342.4,345.9,339.2,343.8,982217
735273,342.1,345,333,338.75,2935771
735276,341,341.7,335.65,338.45,2575836
735277,340.35,347.2,337.5,345.1,2557673
735278,345.1,348.7,341,347.65,1750962
735279,353.2,353.55,346.35,350.9,3190078
735280,351,351.9,345.2,349.85,2005414
735283,348.1,350.1,341.5,343.1,1564363
735284,342.1,343.1,336.45,338.8,1147864
735285,341,343.5,339.5,342.6,1864313
735286,340.95,342.1,337.05,340.3,2103633
735287,339.3,340,330.1,331.7,2323286
735290,333,333.95,324.6,325.8,2234113
735291,325.25,325.75,313.25,314.6,1783812
735292,318.65,318.65,310.75,311.5,3096188
735293,313,323,305.1,309.8,6550159
735294,310.4,319.3,310.4,314,1982201
735297,314,317.35,307.65,316.1,2460519
735298,315.2,318.9,313.2,318.15,1121331
735299,319,322.8,316.05,317,1387621
735300,316.2,317.5,312,313,1508269
735301,313.5,322,312.8,321.35,3730472
735304,320.55,327.5,319.65,320.4,1694709
735305,321.45,323.65,315.5,319.15,1065793
735306,317.05,323.5,315.75,319.05,1431325
735307,318.05,320.85,316.7,319.2,1589111
735308,322.1,322.9,316.1,320,1966212
735311,309,309.25,299.95,302.3,4966365
735312,301.25,301.7,291,297.85,4898937
735313,297.2,299.7,295.15,297.9,2619937
735314,297.25,300.4,295.95,298.15,2180014
735315,298.1,303.75,293.85,296.7,1569103
735318,298.35,300.5,294,297.4,1815688
735319,295.5,305,295.5,301.35,2049384
735321,300.5,310,300.3,309.1,1954665
735325,309.1,314.55,304.7,305.1,989906
735326,305.5,309.9,304.8,308.9,1129788
735327,307.2,309.15,299.4,301.7,1310408
735328,301.1,314,300,310.75,4561472
735329,312.1,314.5,306.5,309.25,2585164
735332,308.95,311.65,307.05,308.9,780879
735333,310.1,313.5,304.2,306.5,1790726
735334,307.1,310.8,303.5,308.65,1376413
735335,309.9,312.5,304.6,305.65,1481388
735336,304.25,307.75,299,299.9,2308935
735339,299.1,299.6,292.9,293.95,2366725
735340,292,296.45,292,294.8,2062215
735341,296,301.65,295.5,296.85,2143002
735342,297,300.2,295,299.6,2370066
735346,300.15,313.9,300.15,312.5,5301898
735347,315,317.1,308.3,311.8,2266794
735349,312.95,318.5,312.55,317.1,3417233
735350,315.1,324.3,315.1,319,2154596
735353,320.1,322.1,312.25,313.45,1361563
735354,314.55,320.5,312,319.2,2252928
735356,321,322.7,315.1,317.3,1430676
735357,319.8,319.95,314.3,318.75,1577249
735360,316.55,320,315.3,316.45,867052
735361,315.9,315.9,308.75,309.95,3570510
735362,313.3,314,310.65,312.25,1429302
735363,312.25,313,307.8,308.85,1546402
735364,310,310.3,297.6,299.7,2637865
735365,298.5,303.95,298.5,303.65,211932
735367,303.9,304.25,295.25,296.8,1982939
735368,298.45,300.95,294.05,294.8,1730499
735369,295.5,301.5,295.5,300.15,2373288
735370,299,302.5,297.4,298.6,2310647
735371,298.8,300,296.1,297.5,1472277
735374,301,305.4,300.05,301.3,1497496
735375,304.8,308.95,304,307.5,2690361
735376,309.1,314.55,309.1,309.95,3015493
735377,309,310.5,306.05,308.1,3558706
735378,311.95,314.25,308.5,310.15,8813985
735381,313.25,314.75,312.55,313.8,2356166
735382,328,328,320,323.4,5561014
735383,325.9,328.8,324,327.4,3055647
735384,326,329.5,324.25,327.7,3032019
735385,325.1,328,323,324.7,4512959
735388,325.25,330.7,323.5,326.15,1489728
735389,326,327.95,320,325,2561931
735390,323.15,325.05,319.1,323.55,1676990
735391,320,325.4,318.05,323.3,2308221
735392,320,323.5,318,319.7,2348565
735395,320.05,323.6,319.05,319.95,2130996
735396,319,319.25,307.5,311.9,3408678
735397,306,309.5,299.55,303.05,2536722
735398,300,302.7,295.6,298.9,2400040
735399,302.1,303,296.9,300.95,2962607
735402,303,303.5,296.45,301.9,2441271
735403,300.75,304.65,300.75,303.05,1833002
735404,302.1,303.7,297,299.55,4827143
735405,296.95,297.35,293.3,295.9,4313673
735406,296,300.6,293.4,298.6,3559191
735409,297,300.75,293,297,3581590
735410,297.1,301.5,291,294.2,3088565
735411,295,296.55,286.6,288.45,2881059
735412,290,291.5,285.2,287.3,2487855
735413,289.1,309.9,289.05,302.55,5272321
735416,303.9,308,303.15,305,1909587
735417,303.5,303.75,296.05,299.45,1901758
735418,297.8,299.8,292,297.4,2753000
735419,300,302,295.5,299.5,830571
735420,300.35,301.45,295.25,296.85,1361439
735423,295,295.95,284.3,290,2252731
735424,290,293,284.6,291.4,2174450
735425,291.5,292.25,288.1,289.9,1141011
735426,293,302.85,293,298.45,3410504
735427,300.1,300.9,293.55,299.95,2000153
735430,296.75,297.5,291.7,292.3,1176893
735431,289,295,287.7,294.45,1666772
735432,293.95,295.6,287.5,291.2,2254708
735433,290.5,294.15,286.8,291.1,1969919
735434,291.1,297.9,291.1,297,2723333
735437,295.6,301.6,294.7,300.2,1295646
735438,302,303.45,296.3,298.55,1800511
735439,297.9,302,295,298.35,1126011
735440,297,299.6,292,294.35,2350957
735441,295.9,295.9,276.35,282.25,3757318
735444,281.4,282,271.75,273.35,2076463
735445,272.5,277.15,270,274.8,2070660
735446,275.5,284.8,274,281.55,2161051
735447,280,286,268,270.1,2096002
735448,271,271.25,250.55,254.6,2608617
735451,249.5,270.45,248.25,263.1,5429449
735452,260.2,263,252.5,256.8,3768708
735453,255.1,267.8,252.3,262.5,1697887
735454,262,270.9,258,269.15,1880161
735458,273.65,278.2,268.75,274.35,1090893
735459,272.25,273.6,266.15,268.7,1223862
735460,269,272,268.15,270.75,1229805
735462,268.5,271.2,257.55,258.3,1845309
735465,256,258.95,250.3,257.05,1816295
735466,255.9,264.9,251.5,262.65,2242515
735467,263.9,265.1,256.05,260.45,2890647
735468,256.05,270.55,252.3,267.85,2482706
735469,267.85,272.85,265,269.75,2044341
735472,270,279.05,267.25,271.25,2376648
735473,268.5,269.65,255.1,260.3,1969084
735474,256.9,257.9,244.4,253.9,2763694
735475,255.1,258.85,248.05,250.3,4701564
735476,250.8,255.5,238.2,251.4,3474788
735479,253.8,259.4,252.7,258.05,1913808
735480,260.15,266.7,259,261.1,3933612
735481,261.7,269.3,258.75,264.95,1882267
735482,270.25,299.3,268.25,283.4,3236777
735483,281,281.8,270.9,277.35,2502019
735487,281.6,289.7,280.55,288.2,2526163
735488,284.95,294.55,283.9,293.05,1907571
735489,292,299.6,283.4,284.95,2976934
735490,285,294.75,283.6,293,1463029
735493,293.5,298,284.25,289.55,2249367
735494,288.25,295,288.25,293.7,2572697
735495,291.25,299.7,291.25,297.4,1981623
735496,301.5,305,295.35,297.45,3184840
735497,296.25,304,291.7,301.7,3193597
735500,298,308.4,298,304.75,4569833
735501,300,305.9,296.3,297,3802287
735502,295,302,294,295.05,2803764
735503,295.05,304.95,294.4,303.85,3688717
735504,301.5,309,301.1,306.9,2226646
735507,303.8,307.35,293,294.45,2298688
735508,295,298.95,293.2,297.5,1994423
735510,297,314.8,297,302.35,3969487
735511,302.35,311.5,301.35,310.05,2240607
735514,305.15,306.6,298.1,299.75,6371754
735515,301,302,294.25,296.35,2545544
735516,296.5,298.35,291.15,296.25,2253222
735517,295,299.25,292.85,293.95,1270541
735518,297,297.4,280.7,282.55,3440986
735521,284,287.8,282.25,285.25,1184284
735522,286,287.2,279.45,283.45,1501343
735524,282.9,286.7,281.15,283.95,871980
735525,282.25,287.9,282.25,286.1,1518954
735528,284,289.45,282.25,287.9,1936086
735529,286.1,293.95,285.35,292.95,2562561
735530,290,293,287,289.85,1849940
735531,287.05,290,278,279.3,2591299
735532,279.3,281.7,276.2,278.95,2533958
735535,279.5,280.1,275.1,276.55,1676949
735536,275,283.45,275,281.15,1516155
735537,281,284.85,280.05,282.25,1131324
735538,281,290.6,281,287.95,2379392
735539,286.5,295.4,286.5,292.05,2450234
735541,294.9,294.9,290.1,291.9,146312
735543,289.1,297.9,289.1,296.4,1611993
735544,296.1,301.4,295.95,298.8,1987170
735545,299,301.5,293.75,295.95,1344544
735546,293.6,295.95,289.5,291.3,1597712
735549,291.5,293.9,288.1,289.25,1447723
735550,287.7,290,283.65,284.7,756369
735551,286,288.1,280.5,285.1,1049512
735552,279.5,280.45,271.3,274.45,5182174
735556,271.7,277.6,270.15,270.75,3993288
735557,271,272.5,265.45,267.55,2458816
735558,267.5,275,266.75,272.5,6013211
735559,274,276.25,268.25,269.2,2489905
735560,271,271.8,267,267.85,956725
735563,268.5,271.35,268.5,269.85,1531911
735564,268.5,272.5,262.1,263.05,3548246
735565,261.25,267.4,260.95,265.65,1951682
735566,266,271,266,269.9,2730214
735567,271.8,274.55,270.4,271.95,1280472
735570,269,275.3,269,273.95,1009491
735571,273.95,274.7,269.5,270.4,1384676
735572,271,273.2,268,271.8,1476382
735573,275,283.6,273,279.95,4271398
735574,279.9,293,279.35,289.55,5332278
735577,298.9,298.9,289.5,290.6,4016879
735578,290.25,293.65,282.55,285.85,2579166
735579,278.25,290.1,276,288.9,3451979
735580,287.9,287.9,280,281,2016537
735581,281,288.4,281,283.1,9743906
735584,286.8,290.35,282,286.85,5203337
735585,287.8,287.9,277.2,278.45,4366436
735586,276.65,283.45,276.65,283.05,1838948
735587,283.95,284.7,278.45,281,1496366
735588,281.8,285.3,281.1,284.4,3838775
735591,286.8,286.8,281.8,283.6,2013300
735592,284.5,286.65,282,283.2,1174702
735594,283,285.5,280.3,282.1,2907958
735595,284.1,284.1,280.45,283.1,1029256
735598,283,291.25,282.95,289.75,2221007
735599,291.95,293.2,289.3,290,1708561
735600,294.7,295,290.55,292.2,1265974
735601,291.4,292,281.8,283.15,1485831
735602,282,284.45,276,277.6,2570514
735605,279.1,280.15,274,276.3,5415257
735606,277.9,279,274,275.35,3143007
735607,279,291.7,277,288.8,8932578
735608,292,297,289.5,295.65,4352671
735609,296.75,296.75,286.4,288.95,2878673
735612,288.6,292.8,288.6,290.25,2773085
735613,294,295.8,286.4,288.9,5805721
735614,301,307.85,293.55,295.2,18564061
735615,297.25,303.85,292.55,302.65,15021903
735616,275,280.25,271.1,272,6900162
735619,272.35,274.6,268,269.45,4551231
735620,269.95,270,262.35,263,3477115
735621,262.9,265.4,260.7,261.8,2853129
735622,260.5,262.7,258.5,259.1,2805631
735623,258,261.35,257.05,257.9,2902163
735626,256,256.4,248,249,3926853
735627,248,253.65,247.6,249.15,1869607
735628,249.35,254,249.35,250.7,1727528
735629,248,251.5,245.15,246.15,5510037
735630,246.05,248,244.4,247.45,2028867
735633,246,249.05,244.4,245.75,3314634
735634,243,251.05,243,249.3,5352922
735635,247.8,255.8,247.8,255.2,3346367
735636,253.5,269.2,253.5,267.3,5588845
735637,269,270.3,262.8,269.6,2628212
735640,270,271.2,267.35,270,1400555
735641,270,270.65,266,270,1921146
735642,269.25,270.3,265,269.9,3412799
735643,268.55,268.55,259.45,260.4,2162133
735644,261.6,262.55,256.75,260.8,1941733
735647,260.95,261,255.5,256.25,2521574
735648,255,256.75,253.15,255.1,2316373
735649,256.2,257.4,253.7,254.8,1218899
735650,253.8,256.3,250.25,251.05,2174766
735651,252.55,253.2,250.5,251.25,1022484
735654,251.25,255.1,251.15,252,1189950
735655,252.5,252.9,245.4,246.15,2237742
735656,245,245.85,240.3,244,3702994
735658,244.2,247.5,242.6,244,2362184
735661,244.05,245.55,240.7,244.35,2380690
735662,244.5,248,244.3,247.15,2575377
735663,247.7,252.15,247.35,251.55,2684429
735664,252,257.65,252,257.1,3405827
735665,257.25,266,257.25,264.8,3649357
735668,262.25,264.5,257.1,258.8,3309344
735669,257.05,260.75,254.55,255.75,1988654
735670,254,261.05,253,260.5,1671339
735671,260.5,267.8,260,265.1,2857175
735672,266.5,267.65,261.5,264.25,1600297
735676,265.5,271.5,265.5,270.7,3009481
735677,271.2,275.7,262.55,263.15,4703870
735678,263,263.5,256.1,260.45,4293614
735679,260.45,264,258.05,263.05,2527055
735680,264,264,262,263.55,75765
735682,264.1,272,264.1,269.95,5301925
735683,268.4,274.95,267.9,274.5,2123909
735684,274.95,282,273,280.75,4019330
735685,279.9,284.85,276.5,280,4437037
735686,281.2,287.9,275.65,286.35,2001799
735689,284.25,292,284.25,288.75,2176837
735690,289.5,292,282,290.5,3559789
735691,290.5,291,285,286.9,1461584
735692,287.05,288.1,279.25,280.5,3742894
735693,281,284.6,275.05,281.7,11061864
735696,282.05,285.75,276.55,284,2242868
735698,285.5,289,283.5,288.15,3023751
735699,289.7,293.5,284.4,292.15,4462459
735700,290,294,287.55,293.05,2898928
735704,291,294.95,285.1,292.8,4382242
735705,292.5,295.5,286.35,289.7,1850340
735706,290.3,292,286.35,290.9,2279947
735710,290.9,297.5,290.05,296.1,2138227
735711,297.5,300.8,295.05,299,4237705
735712,299.3,303.75,297.05,302.25,4370472
735714,301.75,304.35,299.2,299.95,2409633
735717,298.15,299.5,294.1,295.7,3350917
735718,295.5,299,292.1,296.7,1368878
735719,295.7,299.75,289.15,291.85,2778923
735721,292,297.6,292,295.3,1361657
735724,295,299.25,293.55,296.45,1556958
735725,297,298.25,295.25,296.45,815026
735726,294.5,298,293.6,295.4,1585768
735727,295.4,297.5,292.95,293.75,2029447
735728,293.5,310,293.5,308.65,4673033
735731,309,337.1,309,331.05,8237761
735732,334.95,342.5,325,332.05,4950353
735733,332,345.75,327.35,343.3,6846395
735734,342.9,345.35,330.6,340.35,4092349
735735,358,365.4,340.05,345.4,14234067
735738,349.75,394.25,348.2,388.95,11585955
735739,390,391.3,360.5,366.5,11520726
735740,366,374.6,355.35,370.9,12136258
735741,380.5,401.4,380.1,389.9,14514099
735742,398.5,400,389.3,397.9,5290632
735745,407.7,416.8,388,401.05,8404997
735746,403.9,406.9,385.25,393.05,6135493
735747,393,394,378.55,380.4,7118340
735748,379,383.9,370.7,373.55,8459707
735749,371.9,382.35,369,370.9,4130201
735752,370.9,376.45,366.6,373.35,4652528
735753,376.35,394.9,374.05,393.4,8792311
735754,394,396,385.5,390.35,6610785
735755,392,397.5,387.6,391.95,9603148
735756,394,397.2,389,390.65,7053744
735759,393,419.25,391.25,413.2,10844180
735760,416,423.4,404.1,420.4,11167893
735761,422,423.7,401.5,404.3,7166116
735762,406,406,391.5,394.9,5334343
735763,397,405.5,386.05,389.35,4402493
735766,389,393.3,378.3,389.35,3627210
735767,388.7,401.85,387.4,400.45,5177391
735768,401.8,403.5,390.05,394.1,4239276
735769,396,398,383.35,385.15,4308309
735770,381.3,394.8,381,386.35,3825862
735773,383.85,390,383.3,387.9,1701418
735774,387,394.95,386,391.5,2885722
735775,393.9,400.25,392.4,397.85,3068966
735776,399.1,403.05,386.7,388.3,4248179
735777,390.4,392.25,380,380.85,3787517
735780,383,386.1,381,384.95,3441503
735781,388.7,392.35,383.6,384.45,4739271
735782,388,394.35,385.8,393.55,4498375
735783,395.5,401.7,393.1,396.1,5264060
735784,397.35,397.35,388.25,394.15,2548987
735787,394.15,399.8,392,396.75,2867565
735788,396.5,398,372.85,377.4,4326868
735789,378.5,384,363,365.7,5650039
735790,366.05,380,357,369.9,5572244
735791,373.8,375,357.4,362.7,3400029
735794,362.8,366.6,352.2,358.25,2915555
735795,361,367.55,357.5,364.45,4477265
735796,365.5,368.85,359.1,365.3,3625393
735797,362.55,377.7,362.55,376.7,3299444
735798,375.9,377,365.75,375.6,4824302
735801,375.05,381.45,375.05,378.45,2435981
735802,379.1,388.8,379.1,387.55,4662386
735803,389.9,393.5,382.5,384.8,4292684
735804,384.25,387.4,384,385.25,3722152
735805,384.25,386.6,374.35,377,9210428
735808,377.25,377.3,363,364.35,4071310
735810,365,368.2,363.2,367.3,2970292
735811,367.3,371.75,365.5,367.7,5715183
735812,364,373.45,356.1,359,4885489
735815,360,363.25,354.55,359.45,3099856
735816,360.25,367.55,353.5,361.1,4498302
735817,360.85,365.85,358.5,359.9,2376739
735818,356.3,367,356.3,363,2559482
735819,359.4,360.45,351.6,355.65,1974951
735822,358,360.2,356.25,357.4,876052
735823,358.65,366.5,358.65,364.6,2424914
735824,367.2,368.35,347.1,353.05,3476487
735825,353,357.2,351.4,356.45,3036124
735829,355,365.75,354.5,363.7,2080416
735830,366,372,365.2,369.25,2420419
735831,368.6,370.6,365.05,366.65,1387438
735832,365.25,370.25,363.05,364.2,2526710
735833,365.1,365.5,356.25,357.05,2120692
735836,359.5,362,356.3,358.65,1627688
735837,359,365,351,356.6,3083141
735838,356.7,363.5,354.05,358.55,2097073
735839,358.55,360.8,355,356.1,2450725
735843,357.5,366.7,357.5,365.25,2942078
735844,366.8,368,361.5,363.4,2148461
735845,364,379,363.4,376.1,3815885
735846,376.1,382.3,371.5,379.05,4419097
735847,378,379,367.45,370.3,2666350
735850,364,375.55,362.2,374.7,2372603
735851,375,382.4,374,380.65,2653533
735852,383,384.9,372.1,373.65,3659862
735853,373.4,375.2,360.1,360.75,4488229
735854,360.75,363,355.1,357.7,2692129
735857,355.25,357.5,351,351.85,1849463
735858,351.2,352.8,342.6,344.45,3746048
735859,344,349.4,336.4,339.35,5056125
735860,339.85,347.5,339.35,344.9,2647582
735861,344.95,349.6,342.55,345.8,2449184
735864,342.3,348.3,340.75,343,1706520
735865,345,345,333.15,335.15,3741412
735866,335.35,352.9,335.25,351.35,8121925
735867,359,360.2,343.45,346.75,7173650
735868,345,351.25,335.5,348.1,3281595
735871,346.6,347.3,341.1,343.5,1695859
735872,341.8,349.75,338.5,341.35,4288540
735873,341.8,347.55,341.5,344.6,3408001
735879,341.2,347.9,339.1,341.55,3866590
735880,338.15,343.9,338.15,341.7,2646998
735881,340,345.5,339.45,343.35,2162932
735882,340.25,341.35,333.5,335.25,2372747
735885,334.7,343,331.35,340.8,2888612
735886,341,347.5,339.5,344.2,2210131
735888,343.1,351.3,340.6,348.6,3072011
735889,349.1,354.65,346.2,350.65,1801616
735892,355,366.2,352.55,361.3,2002057
735893,362,362,352,355.05,3201012
735894,357,357,351,353.05,6261947
735895,355,356.6,351,352.3,234439
735899,352.5,359.3,347.8,356.5,2375296
735900,348,358,348,356.65,1610475
735901,356.85,360,354.35,358.8,1915279
735902,358,363,356.75,359.9,2565256
735903,360,371.95,360,370.55,2705137
735906,372,375,358,359.2,3332454
735908,361,361.95,344.8,349.1,6256926
735910,346,347.85,341.65,344.55,3604629
735913,341,353.55,339.1,349.1,4328207
735914,352,352.45,344.15,345.6,4602542
735915,349.1,349.6,344.4,345.9,2513692
735916,347,348.8,345,347.1,1249146
735917,345,358.3,345,356.3,3269054
735920,354.5,356.5,351.6,354.1,1525940
735921,354.05,359.2,350.2,352.6,2309766
735922,353.2,354.9,344,347.05,2692674
735923,347.2,352.8,344.05,346.75,3031965
735924,345.2,348,343.55,346.9,2195792
735927,347.5,349.9,344.5,347.3,3715247
735928,346,349.8,341,348.05,2205505
735929,347,351.9,347,349.55,1762676
735930,347.55,351.4,346.2,349.15,2790178
735931,350.1,357.7,346.5,355,2812968
735934,355,355.3,350.95,353.8,3707445
735935,351.55,358.2,348.8,355.75,1793479
735936,355.75,359.5,353.4,357.1,2969992
735937,357.5,358,351,355.85,1688563
735938,355.4,359.5,355,356.55,1215587
735941,357.55,367.95,357,364.6,4844333
735942,363.95,364.5,356.35,360.95,3800573
735943,362.75,364.5,358.55,360.05,2148878
735944,360,365.2,355.15,363.7,2425895
735945,364,368.8,362.45,364.35,3222397
735948,362,378.85,360.95,377.05,2993299
735949,376.4,380.9,363.75,366.75,4518753
735950,365,371.95,359.1,367.25,2365837
735951,370.1,370.95,362.5,367.55,3216002
735952,372,379.55,367,376,3499013
735955,378.05,391.9,378.05,390.35,3682646
735956,392.4,393.35,381.35,383.65,2507930
735957,384.8,389.8,373.55,376.85,5158783
735959,382.4,382.4,376.9,378.35,1081330
735962,378.4,388.45,378.4,386.9,1640127
735963,386.9,388.5,381.05,382.55,1023792
735964,382.9,389,379.2,383.85,1432057
735965,383,383.45,378.55,380.05,540225
735966,380.5,386.6,379.95,381.75,969551
735969,381,386,377,380.25,1857013
735970,374,382.1,373.7,379.95,4644316
735971,380,384.45,372.55,374.7,2628276
735972,384.7,385,377.3,379.45,1779075
735973,382,383,372.9,375.05,1442177
735976,374.9,374.9,356,357.85,3794388
735977,358.5,362.4,358.05,361.2,1654914
735978,363.9,364.9,360.3,363.2,1186130
735979,368,371.75,362.1,368.45,2278050
735980,367.25,380.6,364.4,379.05,2086327
735983,379,383.9,374.1,379.2,1720402
735984,384.65,384.65,378.9,382.3,1371798
735985,382.6,393.5,381.05,391.85,2579948
735986,394.6,397.6,391.05,396.4,1632779
735987,398,400,390.6,394.7,1892706
735991,391.9,394.7,379,382.65,2619631
735992,382.4,388.7,380.5,383.8,2589117
735993,365,379.7,364.2,374.95,11218814
735994,362,364.2,360.05,360.85,14790368
735997,354.25,357,350.15,355.1,25950717
735998,355.05,359.95,353.6,356.65,7690620
735999,357.2,368.8,357.1,366.05,15177656
736000,366.4,374.95,366.25,369.9,9382752
736001,369,370.25,359.1,364,3576894
736004,360.95,362.4,358,360.65,2498414
736005,358.05,369,358.05,368.15,5296191
736006,369,376.9,369,372.1,27184800
736007,372.35,374.7,365,368.75,4759855
736008,363.3,379.9,363,377.85,16984215
736011,377.65,383.85,375.1,377.05,4307836
736013,377.6,384.7,377.1,380.35,5508230
736014,380.45,390,375.85,383.95,6011878
736015,381.6,385,377.3,382.75,5970211
736018,384.85,386.8,382.2,384.2,4701758
736019,387,390.25,382.8,384.2,4510109
736020,387.8,389.8,383.85,386.6,3296025
736021,385.55,386.95,378.5,384.35,10641810
736022,386.4,398,384.95,395.25,24773100
736023,398,398.9,390.25,393.95,3959215
736025,394.8,398.2,386.1,394.75,8425861
736026,373.5,382,373,379.65,5328335
736027,382,382,370,371.55,4497793
736028,372,375.2,362,363.95,4971903
736032,361.9,369.15,356.1,357.3,4555473
736033,359,371.8,358.15,370.7,4533632
736034,369,370.7,366,369.3,3136497
736035,369.85,372.25,363,364.7,2979075
736036,366.95,369.5,363.5,365.1,2770431
736039,367,367,361.05,364.4,2446877
736040,368,368.4,359.65,361.8,2003857
736041,362.2,365.75,361.05,364.55,1296884
736042,366.5,369.5,363,365.35,2412424
736043,365.95,371,363.6,368.25,2118984
736046,368,370.35,363.1,369,2544068
736047,367.55,373,366.55,370.05,1960112
736048,371.4,371.4,360.1,361.8,1851588
736049,358.85,360,350,352.3,3834991
736050,353.15,354.45,346.4,348,2344094
736053,350.95,359.95,346.65,359.3,2451097
736054,360,365.95,359.55,362.9,3477225
736055,362.9,364.25,358,363,1428949
736060,364.05,364.6,358.7,360.75,1248881
736061,360.75,362.4,356.4,359.6,1859700
736062,365.25,382.7,365.1,380.35,6874570
736063,383.35,389.4,378.9,386.95,3309241
736064,383.95,390.2,383.9,389,3579563
736067,389.4,395.7,383.8,392.35,2909461
736069,391.7,391.7,384,385.95,4149634
736070,385.95,386.05,381.6,383.65,2034424
736071,382.05,385.15,379.05,380.4,2106426
736074,381.85,382.75,370.55,372.05,3400318
736075,372.05,378.7,372.05,374.4,1820148
736076,374.25,380.9,373.45,379.2,2165103
736077,382,385.9,380.9,384.25,2812629
736078,384,384.85,374.15,376.25,2896474
736081,377.3,380,370.7,377.65,2202533
736082,377,378,370.8,372.4,3455021
736083,371,375.05,369.65,370.95,2453973
736084,368.2,370.4,359.2,362.75,4879254
736088,366,371.4,363.1,369.8,1970167
736089,368.9,368.9,361.5,364.4,2200905
736090,362.15,364,352.15,353.1,3280440
736091,353.8,362.1,352.5,360.8,2921296
736092,362.3,365.95,358.4,363.7,2285680
736095,365,374.9,365,371.95,3000387
736096,373.95,376.6,367,369.2,4880073
736097,370.2,372.65,365,368.95,2227226
736098,368.95,371.5,363.6,370.2,2518413
736099,370.95,371.3,364.6,366.9,2370660
736102,367.85,368.85,364.2,366.1,1902932
736103,366,366.4,362.8,363.65,3367308
736104,364.1,365.2,359.4,361.35,3619042
736105,363.5,374.9,363.5,373.7,3494856
736106,376.45,376.55,369.2,374.75,1724948
736109,374,376.6,366.6,369.9,1558758
736110,369,376.4,367.85,375,1825840
736111,373.9,384,372,383.05,2478570
736112,382.95,388,377.4,383.35,3353352
736113,381.95,393.75,380.95,391.05,6003508
736116,392,396.45,390,391.8,2859251
736117,392,393.45,382.5,383.5,2191899
736118,382,392.7,381.4,387.25,4210717
736119,387,390.9,383.25,388.55,2843287
736120,392.05,409.75,392.05,405.35,9218970
736123,406.35,413.95,399.4,400.95,6610246
736124,398.95,404,395.15,401.3,3662673
736125,401.7,406.8,401.25,404.9,4448352
736126,406.3,409,399,400.1,3080462
736127,400.1,401,393.6,396.1,3609449
736130,397.85,399,391.95,394.3,4389850
736131,395,398.5,393.4,397.35,5719136
736132,399,402.7,396.75,398.1,4690179
736133,402.3,402.3,392.6,394.55,2862686
736134,397,399.3,391.6,393.65,2788874
736137,395.55,403.8,395.55,399.7,3765670
736138,400.4,419.75,399.7,415.4,6294096
736139,418.9,421.5,408.75,412.3,5522329
736140,410.9,414.1,409.05,411.35,6149596
736141,411.4,416,408,411.4,2521061
736144,408.75,414.25,399.4,407.7,2017827
736145,409.8,422.6,409.45,421.25,9240034
736146,422.55,429.3,422,425.5,7247029
736147,426.45,427.45,419.5,424.05,4018078
736148,424.05,424.5,415,417.5,2469598
736151,415,422.6,413.7,419.75,4931673
736152,420.75,430.7,419.2,428.9,5529091
736153,427.25,427.8,414.5,417.15,5123404
736154,420,422.7,416.45,417.15,2934615
736155,421,425,418.7,419.95,3748152
736158,421.95,422,416.1,419.95,2023481
736159,421.4,435.45,420.1,434.15,6061876
736160,439,440.8,435.6,436.65,3890009
736161,438.4,441.2,437,438.3,2685433
736162,438.4,438.45,429,430.15,1939162
736165,432,432,423.9,425.45,3351240
736166,428.75,432.5,424.25,428.65,3572121
736167,426.25,433.65,426.25,432.35,3028536
736168,434.6,437,430.2,431.5,3970346
736169,430.5,434.8,425,426.05,4240548
736172,426.45,426.65,419.75,423.6,6244014
736173,424.95,427.45,417.5,420.85,4224368
736174,421.3,424,418.2,420.15,5348695
736175,421.65,424,417.2,420.35,7044484
736176,425.5,442.8,424.2,439.05,5559406
736179,441,442.45,428.6,431.7,2794167
736180,435,444.5,431.2,443.4,4990892
736181,445,447.1,436.6,438.5,3410332
736182,437.05,439.9,430.45,431.4,4162278
736183,430.8,434.1,412.15,414.7,7480783
736186,417.9,418.05,405.75,407.95,5571855
736187,409.5,410,390.35,392.7,8619915
736188,394.8,394.8,362.2,371.4,14392544
736189,371.9,378.9,365,377.05,7986914
736190,377,381.9,373.5,377.55,2980717
736193,379.95,381.8,374.4,379.85,2719119
736194,380.6,383.6,359.6,364.15,7856857
736195,363.6,365.4,354.5,355.65,4342672
736196,356.05,361.3,348.25,349.85,4973865
736197,347.9,353.05,345.5,348.65,3733692
736200,340,343.9,332.45,336.6,9826523
736201,341.1,355,340.55,353.6,8086602
736202,352.7,362.75,349.7,358.15,4958051
736203,362.9,366.4,354.85,361.85,11449981
736204,367,367,354.7,357.55,4320791
736207,355.95,367.95,351.3,366.35,4502846
736208,362,365.5,346.25,354.7,3454778
736209,357,359.2,342.05,344.35,4050972
736210,346.25,351.45,339.6,345.3,3216240
736211,345,349.3,338,347.5,3506413
736214,351.9,351.9,336,337.45,3456022
736215,338,340.5,335,337.35,5328867
736216,343.8,343.8,337.5,338.95,6479310
736217,336.8,340.5,334.1,338.35,3799294
736218,340,340.7,333,333.85,1813830
736221,335,340.45,331.05,339.3,2800185
736222,340,340.7,336.15,338.05,3505826
736223,339.9,340.6,336.2,337.45,8157111
736225,341,345,338.4,343.35,6337365
736228,342,343.5,338.5,342.2,3328761
736229,344,344.75,322.25,323.6,3776365
736230,321,330,317.6,327.8,3327509
736231,327.3,328.1,316,318.4,5936377
736235,321.5,321.5,307.55,308.85,7962444
736236,306.85,317.2,300.8,315.4,7414233
736237,318,329.1,316.2,327.6,7806132
736238,329.55,330.35,324.5,328.35,2815897
736242,330,333.2,323.7,329.75,3601833
736243,333,344.05,329.2,342.7,4666670
736244,342.95,348.9,339.6,346.25,3319321
736245,346.4,348.7,343.35,346.2,2394780
736246,348,348.75,334.55,335.85,3407835
736249,337,340,332,334.4,2260848
736250,332,341.8,331.5,340.35,1960525
736251,339.9,339.9,334.1,334.75,1985322
736252,336.25,343.4,333,341.4,2765986
736253,342.7,342.8,335.25,338.6,2787049
736256,338.6,340.4,335.6,337.8,1741503
736257,338,338.5,334,334.95,1736696
736258,335.1,339.7,333.85,337.25,7302126
736260,340,343.8,338.5,341.9,2219876
736263,344.4,344.7,332.1,333.4,3866037
736264,333.5,335.1,328.1,332.3,3829306
736265,330.8,335,327.2,330.2,3432045
736266,330.15,332,320.75,321.8,7634777
736267,321.1,326.5,318.75,319.9,3556422
736270,320,326,316.55,325,2024779
736271,326.9,327.95,324.8,325.85,1681515
736272,327.1,331.35,325.15,330.45,2142185
736273,330.9,339.45,328.35,337.1,3740920
736274,338.8,345,333,342.2,3849776
736277,335,341,332.5,339.6,2613167
736278,336.6,337.75,323.5,326.05,2215348
736279,330,333,327.25,328.25,330587
736281,331.1,341.5,328.95,337.7,6657788
736284,334.45,336.95,326.65,330.75,4014192
736285,331,334.5,330.05,332.35,1859904
736286,333.1,339.6,327.75,335.05,6900525
736287,335.5,336.7,330.05,333.7,3658468
736288,333.7,337.6,331.9,333.3,1647969
736291,334,334,330.65,332.2,2979816
736292,332.8,336.5,330.7,332.4,4012527
736294,331.95,341.55,331.65,335.8,5909688
736295,337.45,338.75,334.25,336.5,2109945
736298,335.9,337.25,329.55,330.55,4387003
736299,331.1,343,331.1,341.55,3623167
736300,344.4,346.55,337.5,338.35,2168133
736301,337.5,341,334.2,334.8,1780516
736302,334,338.65,332,335.25,2023873
736305,336.15,338,325.5,327.55,2915052
736306,324.9,327,316.85,318,3247712
736307,316,324,306,307.6,3961414
736308,309.8,312.2,307.85,310.95,3494488
736309,311.05,312,306.25,307.75,1918941
736312,306,317.65,305,316.15,2456429
736313,318.4,318.45,312.55,314.55,1937912
736314,316.9,319.4,312,316.8,2194038
736315,316.5,318.75,313.6,316.05,4540387
736316,316.55,318.75,314.5,316.35,3328948
736319,316.35,324.25,316,319.3,2328659
736320,319.45,321.9,316.5,319.1,1619130
736321,320.5,323.8,319.45,322.5,1438759
736322,325.65,328.4,321.4,322.3,1548582
736326,322.95,326.85,322.1,325.5,2159124
736327,325.55,326.5,319.6,321.75,2318395
736328,322,324.95,320.3,322.1,2583837
736329,323,332,323,329.8,4739203
736330,330,335,325.3,334.05,1001091
736333,332.95,337.1,327.5,330.2,1402242
736334,332.9,332.9,324.3,325.8,3789711
736335,325.2,331,324.5,327.9,3950971
736336,326.8,329.75,324.25,326.4,2845034
736337,328,329.5,317,321.1,3587538
736340,319,319,311,315.95,3136079
736341,315.95,317.7,312.2,316,2704456
736342,318,320.5,313.4,317.3,1860750
736343,314.15,321.85,310.6,318.65,1469470
736344,319.9,321,317.2,318.55,1925285
736347,315.5,323.1,309.4,310.85,1736472
736348,311.1,312,302,308.85,3268371
736349,305.8,316.55,292,298.15,3609992
736350,302.1,302.15,286.5,288.2,4600455
736351,291,302.6,289.2,299.45,8008963
736354,302,306.3,299.45,304.9,3162445
736356,304.7,305.5,298.1,304.05,3860574
736357,302.5,313.75,301.1,306.6,8121506
736358,305.95,324.5,305.1,319.95,4782044
736361,321.7,330,311.65,328.55,3208370
736362,327.5,332.6,316.5,318.95,3045611
736363,317,324.3,314.8,317.25,4106124
736364,317.95,323.4,317.85,322.5,3572599
736365,323.4,337.2,318,326.25,6271759
736368,327,329.75,321.8,323.35,2378719
736369,320.4,323,308.05,309.25,3673347
736370,305.1,316.25,302.1,313.75,3126063
736371,311.9,313.75,295.75,305.1,4387964
736372,309.1,311.1,300.5,302.85,4767172
736375,307.55,330.75,306.4,324.25,5228881
736376,326,326.7,313.5,317.9,2434947
736377,318.05,319,306.5,312.8,2497160
736378,314.8,319.1,314,317.6,1809851
736379,316,316.95,310.1,312.25,3183958
736382,312.6,316,310.2,313.9,2820180
736383,313.9,314,299.7,301.1,3468668
736384,300.95,300.95,292.7,295.25,2928473
736385,296,307.9,295.2,299.4,14688967
736386,302.05,312.85,301.5,311.45,6359697
736389,317,317.7,306.25,311,6433602
736390,311.7,318.85,309.55,317.85,3958446
736391,318,320,309.9,311,4195722
736392,314.8,317.05,310,314.1,4070260
736393,315.1,327.5,314.55,325.15,6405159
736397,332,333,322.35,324.05,13626475
736398,324,326.1,322,322.5,6614341
736399,325,326.1,320.1,321.7,8652210
736400,323,325.65,316.7,318.9,11276463
736403,292.9,299,292,296.7,9036862
736404,298.6,298.7,295.2,295.65,4471379
736405,296.4,296.9,293.5,295.65,3600579
736406,297.2,298.2,293.45,294.25,3428625
736407,296,298.8,293.8,297.75,4585864
736410,297.25,298.5,295,296.6,2804720
736411,296.5,299.7,293.55,294.4,5604065
736412,295.95,298.5,294.9,298,2712299
736417,298.5,298.5,292.2,293.5,4199915
736418,293.95,297.4,293.05,295.15,2231442
736419,295.6,297.55,295.4,296.85,3076806
736420,297.85,297.85,291,291.95,8788685
736421,292,293.75,285.65,287,4021684
736424,288.4,288.95,284,285,3745464
736425,284.5,284.95,274.1,275.25,4975193
736426,276,279.9,274,275.6,6518559
736427,277.2,281.75,276.3,281.25,3137807
736428,281.75,283,278.4,279.6,3567115
736431,280.2,282.6,277.2,280.45,6696441
736432,280.45,280.5,271.65,274.4,9281615
736433,276.25,278.3,275,277.45,9314286
736438,276.7,278.55,274.2,275.8,7530454
736440,277.8,282,276.15,278.65,8438851
736441,280,288.75,279.8,287.75,6341547
736442,288.65,288.65,285,287.8,3616133
736445,288.6,290.9,286.8,287.95,2987563
736446,287.1,289.9,286.5,288.3,1972410
736447,289,293.5,288.05,290.9,2654547
736448,291.55,293.65,283.65,285.05,5733507
736449,285,289.65,284.25,288.05,3886257
736452,288.7,289,286.6,288.65,1741094
736453,289,289.25,277.5,279.15,4658529
736454,277.8,281.45,272.4,279.95,6641861
736455,280.5,283.15,280,281.8,2845968
736456,281.25,282.45,277.5,281.9,3358599
736459,282.15,286.5,282.15,285.6,2147251
736460,286.7,286.7,283,284.9,3178150
736461,281.7,284.4,276.65,283.8,4069757
736462,284.05,284.85,282,283.85,3368917
736463,283.6,283.6,278.55,281.45,2846180
736466,281.9,283.9,279.65,282.85,4442240
736467,283.75,284.9,281.8,283.85,1736009
736468,285.3,285.3,281.2,283.95,2782932
736469,284,284.4,279.4,280.3,1489126
736470,280.6,281.1,278.05,279,4355684
736473,281,281.5,278.2,280.5,2035863
736474,281.4,281.4,278,279.55,2073509
736475,280.4,281.5,277.7,281,2075737
736476,281,281.7,278.75,280.85,4619836
736477,282.25,284.5,280.2,281.3,4543846
736480,289.25,295.95,288.5,292.55,17863356
736481,293.9,295.25,287.9,291.4,7041001
736482,292.05,299.5,289.05,297.2,5843470
736483,297.8,309.5,296.7,307.35,9888554
736484,310,311.9,308.05,308.95,6459723
736487,308.1,308.5,304,305.8,5184081
736488,307.1,309.5,305.05,307.8,2708323
736489,307.55,307.95,304,306.8,1673081
736490,306.8,314.4,305.4,313,2240051
736491,313.7,315.9,306.15,306.65,2251748
736494,305,310.45,304.55,308.5,2418196
736495,310,310.35,306.65,308.85,2102212
736496,309.15,310.8,304.85,309.75,2353608
736497,309.05,309.5,305.5,307.55,1665463
736498,308,314.5,308,313.2,3608513
736501,310,313.2,309.85,312.35,1683234
736502,313,315,311.55,313,1174461
736503,313,318.4,312,317.5,2935707
736504,317.5,318.9,316.1,317.55,1565312
736505,308.25,314,305.55,312.25,3080388
736508,306.55,312.5,306.55,308.1,1728920
736509,310.75,314.25,309.9,313.3,2634505
736510,314.2,314.65,309.6,311,1902427
736511,314,314.4,311.55,313,3314387
736512,313,314.4,309.55,310.1,2225864
736515,312.5,319,311.5,317.95,2699220
736516,317.95,323.4,317,321.95,2816887
736518,324.85,325.85,314.7,315.55,3939302
736519,313.3,314.95,310,311.7,2294810
736522,315,322.6,314.65,320.9,2536047
736523,321.35,321.35,313.3,317.05,3413443
736524,319,325.5,317.25,324.05,3400480
736525,325,327.6,321.5,324.65,4310790
736526,324.65,325,317,318.85,2109207
736529,319.65,324,318.9,321.65,1986754
736530,321.95,323.7,318,318.95,1617036
736531,319.9,329.95,319.5,329.25,3246139
736532,330,335.8,326.7,333.35,6355171
736533,333,333.75,329.7,331.45,2004989
736536,331,334.4,329.8,333.75,1492185
736537,334,334.2,326.8,327.45,1692026
736538,327.25,330.8,323.75,325.55,1919050
736539,326.15,333.15,326.1,329.95,3253199
736540,330,334,326.85,328,3182206
736543,329.3,331.5,325.75,326.45,1461407
736544,327,329,322,323.05,2335301
736545,323.7,328.6,322.1,326.15,1603751
736546,328.4,328.65,320.65,323.5,1808553
736547,325.35,330.4,324.95,329.4,2101931
736550,330,332.5,327.8,331.95,2076712
736551,334,337.5,333,337.15,3267563
736552,338.4,340,334.5,337.95,3121860
736553,337.15,338.6,333.35,337.8,3452229
736554,337.2,339.6,335.65,337.95,1889296
736558,337,340.35,335.2,337.8,2665923
736559,337.95,349.95,337.85,347.8,5810868
736560,348.1,348.25,338.1,339.05,4975745
736561,340.05,340.4,332.1,334.15,9764483
736564,331.9,337.1,331,334.9,7488064
736565,335.6,337.5,332.55,336.65,2257353
736566,336.6,336.7,332.6,333.95,7665307
736567,334.5,336.7,329.35,331.3,3658893
736568,331.45,334.3,329.5,333.3,2682815
736571,333,334.4,330.5,333.85,1292318
736572,335.1,336.1,332.4,334.65,1531387
736573,334,336.4,331.1,333.5,3834244
736574,334.1,339,332.6,338,2860233
736575,337,337.15,331.45,332.3,3458571
736579,333.55,333.75,325.15,328.85,2989741
736580,329,332.4,327.1,331,2982805
736581,331,333,328.8,332.55,2998354
736582,333,333,330.55,332.2,2194843
736585,327.7,333,327.5,330.45,2607009
736587,323.6,327.55,321.5,324.35,6425242
736588,325.35,326.9,321.8,323.75,2277264
736589,325.2,327,322.3,324.55,4151279
736592,324,329.1,324,328.3,2730095
736593,328.8,330.4,327.15,329.25,2955423
736594,329.3,331.95,327.55,331,3433714
736595,333.35,333.55,326.65,327.45,2589917
736596,327.15,329.95,327.15,328.4,3605797
736599,328.85,334.1,328.15,332.45,3256853
736600,335.5,337.2,332,332.75,3058963
736601,332.75,335.7,327.6,328.45,1620533
736602,330.3,332.45,322.55,327.65,4747212
736603,326.15,328.8,316.9,322.3,4445950
736606,323.1,328.7,321.5,327.9,3104019
736607,328,329,319.35,321.1,5945963
736608,322.1,323.6,318.75,321.25,5316324
736609,323,323,317.2,318.55,3130353
736610,319.2,319.7,315.65,318.8,2038680
736613,320,321.75,318.15,318.9,1976384
736616,318,318.9,312,315.5,3543786
736617,316,318.2,312.35,313.05,2066659
736620,314.8,316.4,309.65,311.25,5164144
736621,311.9,314.7,311.6,312.55,3335691
736622,312,314.9,311.65,312.55,3410851
736623,312.25,314.65,312.2,312.6,1993881
736624,312.6,314.2,312.3,313.3,3009896
736627,313.9,322.6,312.85,321.25,2802733
736628,323.9,323.9,318.05,319.65,2235089
736629,318.95,321.6,316.9,319.3,1967319
736630,320,320.25,315.35,316.3,2363687
736631,317,327,315.7,324.8,3058160
736633,325.4,326.85,324.8,325.4,247339
736635,326.5,331.3,323.3,330.05,5375999
736636,326.05,329.25,323.05,327.95,3362257
736637,327.8,331,325.25,327,2183816
736638,327,327,312.3,315.9,3382028
736641,318.9,322.5,316.65,319.3,2877174
736642,319.3,322.05,315.55,317.05,1759612
736643,301.1,321,289.3,317.05,4814661
736644,321.8,337.3,320,333.2,5022605
736645,329.85,332,321.4,324.05,2674065
736649,323,328.95,312,313.65,3886233
736650,317.3,317.3,309.05,313.05,3380097
736651,310.75,312.7,302,306.85,4774690
736652,307.2,309.35,304,306.7,2226399
736655,306.7,310.35,299.3,300.75,2929466
736656,302,304.95,298.85,303.4,2497312
736657,306,306.95,302.15,304.05,1537222
736658,304,304.5,298.6,300.35,3596361
736659,302.4,305.25,300.9,304.25,1621974
736662,304.9,305.7,302.1,304.9,1677056
736663,306.4,314,306,308.4,3068122
736664,310.65,310.7,305.05,308.6,3289134
736665,309.2,310.3,305.35,306.3,1906398
736666,308.15,311.7,304.5,305.85,3374258
736669,305.1,307.15,301.9,305.35,2694582
736670,306.55,309.5,304.55,305.7,3262885
736671,306.65,308,304.3,305.3,1896374
736672,307.8,313.65,306.5,312.1,2985532
736673,312.95,313.25,305.9,306.45,2583377
736676,305.9,309.7,304.65,305.3,1861391
736677,303.1,307.85,303.1,305.95,4145409
736678,297,298.9,291.05,292,7916342
736679,290,293.8,289.3,290.15,2606624
736680,292.15,292.5,287.1,288.25,4139183
736683,288.45,289.8,286.5,287.35,2396882
736684,290,292.6,289.2,290.6,2428442
736685,291.6,294.5,289.15,292.2,2448452
736686,291,291.9,287.05,287.65,1586040
736687,289,289,286,287.85,1478235
736690,288.4,288.4,282.6,285,2446568
736691,282.5,290.25,282.5,288.95,3419419
736692,290,296.4,288.7,295.2,3946048
736693,292.7,301.7,292.7,298.65,7139986
736694,298,301.3,296.1,300,3733367
736697,300.05,302.65,297,300.05,1729563
736698,301,307.3,299.5,305.3,1459916
736699,306,310,305.45,306.15,1954806
736700,307.1,311.4,306.6,308.3,1845973
736701,309,310.55,305,306.2,940177
736704,305.85,305.95,299.6,300,1947858
736705,301.05,303.25,299.1,300.6,1455309
736706,301.6,318,301.6,316.85,7657690
736707,318,318.65,310.5,313.2,2316891
736708,316,319.3,313.55,315,3458448
736711,319,319,310.35,313.8,3866192
736712,314.55,315.45,306.05,307,3759649
736713,304.8,309.8,304.55,308.7,3680888
736714,309,310.45,306.6,307.35,2434032
736715,307,308.35,302.45,303.7,3784930
736718,303.9,306.2,302.55,303.4,1855848
736719,304.5,310.75,303.6,309.45,2508724
736720,309.8,319,307.5,317.2,5594608
736722,318,320.4,316,317.75,2607499
736725,316.6,317.55,313.4,314.7,1713746
736726,313.4,314.35,303,309.2,17232981
736727,310,313.7,306.3,313.05,3168177
736728,311.4,322.8,308.75,320.45,3723534
736729,320.45,326.9,320.45,326.15,3778609
736732,326,329,322.4,325.05,1934568
736733,326,326.5,310.55,315.05,5669911
736734,313,322.5,313,321.75,4346528
736735,322.1,325,318.2,322.15,2390829
736736,324,325.25,321.4,324.5,2168081
736739,318,321.5,314.8,320.9,4142829
736740,319,320.7,315.25,320.2,2050709
736741,320.95,322.8,317.25,319.95,2649600
736742,317.5,319,315.8,318.3,2703863
736743,320,320,311,316.25,4292500
736746,316.25,320.9,314.1,319.9,2429373
736747,320.5,321.4,317.1,319.6,1678198
736748,322.3,329.7,320.55,328.35,3479768
736749,329.6,332,325.5,327.7,9869639
736753,330,332.3,327.7,329.95,5619203
736754,330,331.4,320.1,321.9,5247380
736755,323,324.5,318.6,320.2,4131446
736756,318.35,326.35,318.35,321.4,4008179
736757,322,324.4,320.5,321.25,2402666
736760,325,327.9,320.6,322.9,4040938
736761,325,326.25,321.3,322.8,4787611
736762,325,325.7,319.3,320.2,4290085
736763,319.35,319.9,317.55,318.1,4365909
736764,319.55,320,315.25,316.3,5243694
736768,302,302,293.9,294.95,9137462
736769,296.5,296.95,292,292.7,6245963
736770,294.6,295.5,291.2,291.95,8597054
736771,293.95,294.6,288.2,289.25,9065938
736774,290,292.4,288.05,291.8,7075100
736775,293,294.8,291,292.25,6910712
736776,291,293.3,289.5,292.15,4830714
736777,292.35,296.95,292.3,295.9,11221222
736778,298,300,295.65,297.85,9643952
736781,293.45,293.45,290.45,291.5,5001302
736782,291.9,292.4,289.6,290.35,5418025
736783,290.5,294.6,290.2,294.1,5756051
736784,295.5,295.5,289,289.5,7141482
736785,290,294.2,289.6,292.65,7016938
736788,292.65,295.25,291,295,3252869
736790,296.8,296.8,289.8,290.05,7897483
736791,289.8,289.8,285.75,286.4,8564973
736792,286.2,286.2,280.1,283.9,11862350
736795,284.9,288.6,284.75,286.75,5200102
736796,286.5,290.4,286.15,288.9,4064823
736797,288.25,291.85,288,290,4747753
736798,288.9,291.55,288.55,291.05,3847263
736802,291,291,285.2,285.8,1515055
736803,283,284.5,278.7,279.25,4906059
736804,278.5,283.4,276.1,282.7,3993645
736805,283.9,284,278.1,279.4,3833330
736806,280.95,281.7,276.4,277,3533868
736809,279.45,279.45,276.3,277.15,4077534
736810,278,278.9,277.15,278.3,2431359
736811,278.9,280.7,276,276.65,2868393
736812,276.85,277.9,273.1,274.15,2586925
736813,274.15,278.25,274.15,276.65,2235812
736817,278.7,278.7,273.85,274.55,2101731
736818,277.4,280.2,275,279.55,2622769
736819,280,281.6,279,280.25,2230934
736820,282,284.45,278.05,278.5,5125398
736823,281,281,278.2,279.1,1671179
736824,279.4,280.15,276,278.15,2466355
736825,277.7,279.3,277.1,278.55,1433509
736826,279.9,280,273.75,274.2,4892432
736827,274.6,278.05,274.6,276.6,2692014
736830,277.25,278.5,277.25,277.75,2531633
736831,277.4,277.7,274.5,275.95,2258317
736832,275.2,278,275,276.35,2146326
736833,275,278.4,275,276.45,1619249
736834,278.4,283.65,275.75,276.25,4250348
736837,277.35,277.75,273.5,273.85,1557880
736838,273.9,274.8,267.15,267.85,2984399
736839,268.3,270.25,261,261.75,3021594
736840,263.8,266.25,262.75,265.45,4127507
736841,266,269.25,265.9,268.25,1843278
736844,270,271,265.75,267.3,3299175
736845,259.8,268.6,259.5,267.7,4782782
736846,268,268.9,262,262.55,3555129
736847,263,266.1,262.75,265.35,1289229
736848,265.35,270.25,265.35,268.8,2602919
736851,267.45,267.9,263.7,264.55,3033579
736852,265,265.3,262,262.3,1340588
736853,263,265,262.5,264.4,1618299
736854,264.6,264.75,262.1,262.9,1404808
736855,264,264.5,261,261.5,1744203
736858,261.95,262.5,260.1,260.3,1675846
736859,260,260.4,258.5,259.05,1732288
736860,259.5,259.75,256.1,257.05,1887257
736861,256.8,256.95,253,254.2,3324587
736862,254.9,257.2,253.95,255.7,3283821
736865,256.25,256.95,251.5,253.95,2412135
736866,254.45,255,253,253.55,1052345
736867,253.7,253.75,250.1,250.45,3289233
736868,250.5,251.65,245.2,245.7,3230390
736869,245.7,247.8,243.1,244.9,3623117
736873,245.1,246.6,244,244.35,2074212
736874,246,247.2,244.55,245.75,3526585
736875,246.8,247.8,244.6,245.15,2498353
736876,244.7,245.9,243.5,244.25,2375289
736879,245.35,249.5,242.6,248.85,2347837
736880,250.5,250.5,246.2,246.75,1760337
736881,248.8,249,246.25,247.5,1260907
736882,247.5,252.8,247.1,251.45,2797532
736883,250.05,252.95,250.05,251.1,1762982
736886,255,259.35,251.5,258.8,719435
736887,259,259.9,253.75,254.5,1813885
736888,255,256.75,253.1,253.45,2640999
736889,254.2,255.8,251.85,253.65,2303738
736890,253.95,254.3,248.1,250.45,2907464
736893,250.75,251,246.05,247,4445325
736894,248.5,249.3,245.75,248.5,5338825
736895,248.05,256.65,248.05,254.7,4270908
736896,254.7,258.5,254.25,255.3,3923545
736897,255,262.95,254.1,262.35,7715255
736900,263,265.25,260.1,261.55,3359835
736901,262,262.35,257.75,258.3,1812135
736902,258.4,261.9,258.05,260.65,2199360
736903,261.6,262.2,254.5,255.25,1950819
736904,254.2,256.6,250,251.55,2641938
736907,252,252.35,248,249.1,3580763
736908,249.9,253.5,249.45,251.45,5248187
736909,251.95,253.4,249,250.85,3701093
736910,251.6,251.8,241.1,241.75,9661464
736911,242,250.2,238.45,249.2,6573068
736914,249.8,253.2,248.6,251.5,3336900
736915,248.4,250.95,243.2,245.05,3335671
736916,244.9,245.3,241.1,242.5,1801736
736917,241.2,242.25,237.5,238.95,2764860
736918,237,240.4,233.7,235.9,3335287
736921,236.6,240.9,236.15,238.15,3086137
736923,237,239.9,234.5,237.95,7864893
736924,239.4,249.35,237.05,246.95,20945037
736925,246.5,247.9,241.7,243.35,3442524
736928,244,249.4,237.55,238.45,6555861
736929,240.55,243.05,238.55,240.55,3428907
736930,242.3,242.5,239.5,241.1,3693013
736931,242.4,242.8,239.6,241.3,3835139
736935,242,244.3,241.55,243.6,2231233
736936,242.5,242.5,238,238.25,3051560
736937,240.95,242.4,239.15,241.8,3263209
736938,241.5,241.5,235.85,237.4,8401866
736939,238.05,240.4,238.05,238.65,2197715
736942,239,247.2,238.95,246.5,8269444
736943,246.5,254.7,244.6,253.85,9538135
736944,251.55,257.55,251.05,255.8,4237130
736945,258.7,258.9,251.65,253.3,5398987
736946,253.3,255.85,251.55,255,3749501
736949,256.5,259.6,255.25,257.05,3525110
736950,256.1,258.3,253.4,257.55,3752410
736951,257,259.7,255.1,256.35,3956139
736952,255.6,258.2,254.05,255.05,5756534
736953,255.2,262.2,255.2,259.8,8591867
736956,261.45,265,260.1,264.55,4114253
736957,262,262.95,257.1,258.55,5364164
736958,258.55,258.7,253.2,256.55,3310089
736959,255.5,256.4,248.5,254.05,4473641
736960,253.5,254.45,248,253.8,5178307
736963,254.4,257.7,250.25,257.05,5684406
736964,257.5,261.85,253.8,260.4,4587866
736965,261.75,261.9,255.3,260.85,5990467
736966,260,270.25,258.95,267.8,15893278
736967,270,272.4,267.3,270.85,4839652
736971,273,274.3,269.15,272,2925990
736972,271.15,271.85,268.7,270,2861280
736973,270,273.95,269.05,273.25,3173461
736974,273.5,278.5,273.45,276.7,7954834
736977,277,281.95,276.8,281.35,7166260
736978,281.35,286.25,281.35,285.65,8451221
736979,286,286.5,280.75,282.95,17103406
736980,281.9,283.75,280.15,282.4,5889501
736981,282.6,289,282.6,287.25,5084089
736984,287.3,291.5,286.75,290.7,5476361
736985,291,291,288.25,290.05,3950516
736986,290,291.45,288.3,290,3633204
736987,290,290.05,284.9,285.8,543143
736991,286.5,291.4,286.5,289.85,13204235
736992,289.05,291.95,288,289.7,3062378
736993,291,291.7,287.55,289.15,2442011
736994,289,295,289,293.35,8702312
736995,294,294.25,287.9,289.15,2507100
736998,289.15,290.9,285.1,288.9,2210701
736999,287,288.3,283.35,286.45,2596941
737000,286.5,290,281.55,286.55,3609151
737001,286.9,292.35,284.65,291.2,4090974
737002,291.2,292,285.05,286.55,4371428
737005,286.5,289.45,283.9,286.35,4414386
737006,286.6,287.8,283.1,284.65,4584351
737007,283.25,289,282.5,288.05,13609387
737008,286.9,287.5,280.05,283.25,3805782
737009,283.3,287.45,278,284.35,3527154
737012,276.2,280.3,274,274.95,5406841
737013,274.35,275.4,271.25,274.15,2798791
737014,274,274.15,270.2,272.35,2600287
737015,272.5,272.9,266.15,268.35,2776035
737016,271.5,273.4,268.75,272.8,3366492
737019,273,280.25,270.05,278.35,3090470
737020,279,282,273.1,273.8,2880586
737021,275.5,276.5,271.1,271.8,1531611
737022,271.5,274.1,268.8,270.45,1490892
737023,270.75,272.85,270.4,271.5,876297
737026,270.85,272.4,269.35,271.65,887044
737027,272,276.4,269.55,274.35,7236470
737028,276.9,282.1,274.5,276.3,5209745
737029,275.3,278.3,272.5,275.8,7343947
737030,275.2,276.35,270,272.05,1987545
737033,273,273.6,265.15,265.9,2398989
737034,265,266.35,263.1,265.25,1277351
737035,263.2,267.85,263.2,265.1,1779062
737036,266,266.9,262,262.8,1932289
737037,264.9,265.6,262.35,264.85,2408884
737040,265.65,270.4,265.3,269.85,2354885
737041,269.6,269.8,262.5,263.4,2169686
737042,264.85,264.95,261,263.15,1498753
737043,263.25,264.65,262.2,262.85,1822161
737044,264,271.55,263.8,271,9186533
737047,269.95,274.65,262.3,267.65,4251230
737048,269.4,271.9,266.45,267.6,3864780
737049,272,272,268.15,269.45,3597976
737050,271.4,271.4,266.85,267.9,2744760
737051,268.15,268.7,265.3,265.9,3505383
737055,267.7,267.7,263,263.75,4580600
737056,263.3,265.1,261.6,262.55,6400825
737057,262.8,265.85,262.1,263.15,6346822
737058,263.1,264.45,261.8,262.95,2800172
737061,263,267.3,262.6,266.65,3079260
737062,268,270.9,267,270.05,5659389
737063,271,273.45,269.7,271.85,9240120
737064,272.9,279.85,272.2,277.8,6919578
737065,278.5,280.65,278,278.75,3344950
737068,279,290.6,279,287.45,4891781
737069,299.7,311,296.65,304.05,27639107
737070,306,309.8,305,308.3,15300218
737071,308,310,302.95,308.1,4703627
737072,309,310.8,306.2,309,5119534
737075,309.25,310.45,304.5,305.9,2643125
737076,305.9,305.9,290.6,291.6,4069770
737077,293,294.95,286.3,290.95,4360706
737078,293.3,293.8,278.1,283.05,3784420
737079,283.05,285.9,280.5,284,2574759
737082,287.1,289.7,283.7,285.05,3025790
737083,285.2,294.15,285.2,293.1,3974425
737084,292.5,298.5,287,294.55,3073618
737085,294.55,302.65,294.55,299.4,6919878
737089,298.5,306,296.95,301.75,3557035
737090,299,307.5,295.2,305.9,3085086
737091,303.5,304.55,298,299.55,5198298
737092,300.1,301.15,290.95,295.6,4533542
737093,292.1,297.55,286.05,290.35,6393201
737096,293,296,285,294.8,7795465
737097,287,292,280.1,290.35,4674661
737098,291.5,299.7,290.35,297.6,7223510
737099,297.6,302.6,296.7,300,3286814
737100,295.1,304.45,294.4,300.15,4731060
737103,303.9,305,297.05,300.65,4512970
737105,300,309.45,300,306.95,5725179
737106,307.5,311.8,304.65,308.1,5219503
737107,308.1,310.45,302.6,303.5,1931615
737110,303,307.4,301.05,305.4,2935183
737111,305,311.85,302,310.4,8602002
737112,311,312,305.15,310.55,5399556
737113,306.5,315,306.5,311.55,7815886
737114,310.75,313.85,308.35,310.95,3195456
737117,311.25,316.4,309,314.05,3171308
737118,313.65,316.95,307.2,309,6667601
737119,307,311.8,305,309.15,3731061
737120,310.8,314.15,308,312.9,2535090
737124,310.45,311.45,303.95,305.8,3593849
737125,306.9,309.45,301.1,307,3693197
737126,306,308.95,302.9,306.95,4794848
737127,308,308.75,302.15,305.5,2236174
737128,305,307.5,302.1,304.05,2136347
737131,305.4,306.9,296,297.65,6796993
737132,297.5,298.65,290,294.85,6306692
737133,291,294.4,290.7,293.1,4406927
737134,294,298.9,292.1,295.5,4487868
737135,280.3,281.4,276.2,278.2,11016304
737138,279.5,279.5,269.1,272.3,3588096
737139,269.1,273.3,268.35,270.25,1804554
737140,270.9,272.55,269.05,270.9,2739537
737141,270,273.45,268,269.4,3383841
737142,266.65,271.8,265,269.95,3980861
737145,270,274.5,268.05,273.45,2277261
737146,274.1,276.8,272.25,276.2,1888128
737147,274.7,285.75,272.85,283.3,6983849
737152,283.35,283.5,275.15,277.5,2520975
737153,276.2,279.6,275.15,278.95,1641179
737154,278.8,278.9,273.2,274.55,2946453
737155,276.15,279.5,275.45,277.8,1527043
737156,277.7,278.8,274.5,275.8,1527251
737159,276.35,276.35,273.5,274.45,1254956
737160,276,281.45,273.25,280.9,2351145
737161,283.65,285.35,278.05,283.4,2997141
737162,281.55,282.75,279.1,281.5,1342136
737163,282.5,285.5,280,285,1836917
737166,284.6,286.8,283.35,286.1,1222199
737167,286.25,290.4,285.45,287.6,2999531
737168,287,288.45,282.9,285.1,1433406
737169,285.25,287.25,281.7,283.2,2332176
737170,283.25,294.95,282.45,292.05,2436310
737173,292,292,288.6,289.8,1181306
737174,289,293.95,287.15,290.5,1829965
737175,290.1,293.8,287.75,290.95,1612503
737176,290.5,292.95,288.25,290.8,2781512
737177,290,292.25,282.5,286.75,2211983
737180,287.5,288,282.7,285,1710033
737182,283.1,283.45,279.05,280.5,2440058
737183,278.25,281.8,276.1,276.95,2411190
