735438,290,290,275.5,285.25,703001
735439,285,285,271,271,193768
735440,265,265,257.45,257.45,35086
735441,244.6,244.6,244.6,244.6,56142
735444,233,234.15,232.4,232.4,396037
735445,220.8,220.8,220.8,220.8,14543
735446,209.8,209.8,209.8,209.8,39171
735447,193.65,213.95,193.65,204.65,1474002
735448,201,209.3,194.45,205.25,424512
735451,212,212,199,205.95,242571
735452,204,204,186.1,198.55,395623
735453,198,204.65,190.75,196.35,782070
735454,193.1,198.9,193.1,195.1,882982
735458,203.5,203.5,191,192.4,367325
735459,193.3,197,188.1,191.2,929674
735460,190.2,207,188,201.75,604375
735462,204,204,184.15,189.1,469024
735465,182.2,193.6,182.2,191.6,177591
735466,189.95,192.7,180.5,189.95,725839
735467,191,196.7,186.3,191.6,134334
735468,190.5,196,186.25,193.15,186715
735469,196.9,213.7,192.25,209.75,275549
735472,203,212.9,201.2,203.7,209082
735473,204,204,186.3,192.3,513030
735474,190.85,190.85,177.15,186.05,578741
735475,187,197,177,193.9,540903
735476,190,204.9,183.2,197.05,851574
735479,197,201.15,190.45,192.8,147231
735480,193.5,200.8,183,189.25,453528
735481,188.3,193.5,184.05,189.95,90070
735482,197.95,204.7,191,203.2,213263
735483,201.7,211.9,200.5,209.35,149259
735487,204.55,218.85,204.55,211.15,227146
735488,216.5,216.5,210.25,212.9,91692
735489,217,217,205.3,207.05,102150
735490,207.8,210.95,200.4,209.35,155509
735493,211,212.05,203.1,210.75,119883
735494,204.25,210,204.25,208.2,31773
735495,209.75,210.85,200.25,203.55,143043
735496,208,231.9,206.1,225.45,694866
735497,224.95,224.95,201,214.1,1332786
735500,210,213.35,190.35,192.25,868156
735501,193.75,195.8,178.35,180.85,862283
735502,180,185,165.25,180.55,1517711
735503,180,187.35,180,183.05,519650
735504,184.8,184.9,180.35,181.65,192264
735507,180,184,175.4,182.85,280838
735508,180.1,187.95,180.1,186.85,447744
735510,186,203.7,185.25,198.9,310106
735511,198.9,199,194.15,195.15,115050
735514,195.45,201.4,188.5,198.6,342360
735515,199.7,203.4,192.55,194.15,226287
735516,193.4,198.55,189.3,196.5,900576
735517,196.8,198.9,192.5,194.15,131599
735518,194.8,198.95,194.2,195.7,1274096
735521,196,200,194.25,197,221542
735522,197,201,187.05,188.55,360440
735524,188.5,194.3,188.5,192.35,295532
735525,193.75,195.4,188.6,190.3,665999
735528,190.95,194.9,189.1,189.7,313845
735529,191.4,195.8,189.05,193.2,1709860
735530,194,199.7,187.2,190.9,2298436
735531,191.85,208.65,189.1,198.6,4722170
735532,199.65,208.4,199,206.75,1123254
735535,207.1,208.6,201.7,202.85,549169
735536,203,219.9,202.1,218.25,1405705
735537,217.6,224,212,222.15,643391
735538,216,217.95,210.1,213.8,714208
735539,215.9,218.4,208.65,213.55,869870
735541,215,219.3,214,217.65,230297
735543,217.85,229,212,225.7,837432
735544,226.05,230,223,226.65,554943
735545,227,227,212.35,217.35,1043955
735546,217,220,212.05,217.1,386972
735549,217,220,208,214.4,635550
735550,215,218.3,208.35,210.8,271925
735551,209.25,214,207.2,212.3,389276
735552,213.05,219.7,213,215.6,280922
735556,216.65,219.9,215.35,217.8,285260
735557,218,226.2,216.3,223.85,666381
735558,226.5,229.5,217.55,220.5,428182
735559,222.3,238.05,215.1,223.4,963290
735560,224,231.3,221.6,224.9,324205
735563,226.75,231.65,223.2,225.65,373021
735564,227.1,227.1,221.05,222.5,329848
735565,222.85,224.3,218,219.2,156796
735566,220.75,227.9,218.55,219.8,371123
735567,220.75,224.75,219.8,223.45,432443
735570,224.65,237.7,223.5,234.4,657160
735571,233.5,236.5,227.5,231,464869
735572,229.9,232.3,221.9,223.6,284208
735573,227.7,227.7,218.5,220.65,1002831
735574,218.1,222.4,215,216.45,367200
735577,220,223.9,215.6,221.2,305997
735578,221.95,236.7,218.05,234.55,1370929
735579,236,236,226.1,227.75,274030
735580,225.75,234.95,223.5,232.25,406719
735581,226.1,232.5,223,223.9,159790
735584,221.25,227.5,221,225.35,91377
735585,226.6,229,218.25,221.1,138729
735586,221.5,225.8,220.25,223.45,157073
735587,224.6,225.7,216.7,217.5,258561
735588,217.75,226.9,217.25,225,404864
735591,225.5,243.5,225.5,239.9,688839
735592,242,251.75,240.55,244.8,578960
735594,245,246.8,238.05,243.4,184134
735595,244,245.05,238.2,243.95,164783
735598,240.1,243.6,234.75,239.4,363318
735599,237.05,244.3,236,238.45,226398
735600,239,243,237.8,239.7,88996
735601,238.5,244.9,234,235.1,654062
735602,233,241.45,228.05,239.3,259601
735605,239,242,236.25,238.3,107098
735606,238.9,241.65,235.9,238.2,198812
735607,239.7,254,236.8,245.25,592579
735608,246,250,239.95,244.45,173164
735609,245,247.4,237.55,240.25,163444
735612,240.55,244.2,234.1,235.7,119196
735613,234.5,238.95,230.05,231.75,246820
735614,233.7,233.7,226.55,228.35,298766
735615,227.55,231.7,226,226.55,361045
735616,227.25,228.95,220.6,223.85,257728
735619,224.85,231.7,223,228.7,226925
735620,229.8,241.45,229.05,234.3,308172
735621,235.35,242.5,232.45,236.85,615258
735622,238,238.2,228.75,231.3,278004
735623,231,231,222.1,225.7,359482
735626,221.4,222.8,211,216.25,663106
735627,215.6,227,215.6,221.85,224509
735628,222.05,224.95,220.5,221.25,142875
735629,212.05,214.25,203,205.8,328047
735630,205.1,208.7,204.2,206.3,409172
735633,205.7,206.7,200.05,202,347672
735634,199.65,203.5,197.3,200.5,345354
735635,200.5,203.95,199,200.7,148053
735636,201,205,200,200.55,179929
735637,203.7,205.8,200,203.25,1042917
735640,204,207.25,198,199.85,165714
735641,201.35,202.25,195.5,197,232763
735642,196.1,200.5,196.1,196.25,202301
735643,197.4,198.35,190.2,192.1,344971
735644,192.9,194.35,189,190.9,287891
735647,191.85,194,187.05,192.2,84483
735648,192.85,194.95,187.5,191.95,375046
735649,191.95,193.35,190.1,190.85,419333
735650,189.75,192,188,190.05,445039
735651,190.05,195.45,190,191.9,734541
735654,193,193,188,188.95,519403
735655,189.75,199,189.75,196.85,2870187
735656,195.3,201,193.2,195.75,463850
735658,195.75,195.75,189,191.55,500610
735661,191.4,193.95,188.8,189.4,160064
735662,189.8,193.2,189.35,192.2,170836
735663,193.5,196.45,191.25,193.3,312644
735664,193.25,204.8,191.5,202.95,1026030
735665,204,212,202.1,206.9,739283
735668,205,206.2,192.65,202.8,748394
735669,201.5,206.75,198.65,199.8,463775
735670,199,205.9,197.55,201.65,409095
735671,201.2,226.3,199.95,214.8,1537706
735672,213.1,216.6,206.7,213.1,598226
735676,214.7,220.25,213.6,219.65,427471
735677,220.15,223.95,218.5,221.45,378433
735678,220.45,223,215.1,216.15,1054899
735679,219,223.9,216.1,218.85,953851
735680,219.8,221.35,217.75,218.3,13150
735682,219.75,221,216,218.4,124918
735683,217.7,218.9,210.55,211.15,448734
735684,213,224.7,199.95,220.65,1638739
735685,222.75,236.25,221,234.05,759041
735686,233,238.7,227.8,229.95,280753
735689,234,240,230.1,237.55,519178
735690,240,243.05,235,238.65,1145570
735691,240.1,241.5,232.25,239.3,225360
735692,239,239.7,230.2,236.3,295119
735693,236.5,247,232.3,244.15,397556
735696,246.2,252.5,243.5,246.6,309869
735698,246.2,251.15,246,250.1,271289
735699,251,280.2,251,273.4,1109100
735700,276.95,289.3,271.15,277.6,1111724
735704,278.05,288.7,274.1,286.15,3125603
735705,287.9,289.7,280.5,284.6,715206
735706,285,287.5,281.2,285.6,596746
735710,285,292.3,276.8,279.15,583500
735711,279.95,288.25,279.65,285.55,236066
735712,286,293.7,256.1,276.35,2452454
735714,276.15,279.5,268.5,269.95,369386
735717,272,309.5,270.1,300.65,2256410
735718,303.9,318.45,297.85,305.4,2200248
735719,307.75,314.8,289,299.05,813001
735721,302,306.95,292.5,299.45,596169
735724,299,307.75,299,305.7,275989
735725,301,301,292.05,293.9,182406
735726,291,293,281,287,182031
735727,281,292,281,287.45,247182
735728,285,287.9,281.1,284.65,426117
735731,284.8,296,284,288.9,724725
735732,292,295.75,289.5,290.95,429834
735733,292,317,290.6,314.4,1913529
735734,313,325.9,309.1,320,1282477
735735,300.3,366.7,300.3,335.65,1603318
735738,340,367.35,337.85,363.45,355957
735739,366.9,381.85,360,363.4,415551
735740,363.9,399,363.9,395.1,1311241
735741,398.5,402.5,388.35,394.95,490088
735742,394.95,406,385.75,399.95,1665664
735745,402.25,407.95,371,379.1,614947
735746,376.55,389.7,360.1,365.25,739901
735747,366.5,393.5,366.5,388.15,457883
735748,390,390,371.15,376.65,834402
735749,377.4,393,377.4,390.85,636706
735752,394.3,394.8,388.8,391.35,1275803
735753,392.4,393.5,388.55,390.6,345571
735754,393,396.65,384.15,391.75,661147
735755,393.5,394.8,381.8,384.6,420981
735756,387,394,385.1,388.55,761428
735759,391,398.25,387,391.5,754072
735760,393,393.5,381.2,383.15,118678
735761,385,389.8,379.45,382.2,173965
735762,384,390.2,381.95,383.65,181708
735763,385,386.8,365.55,369.45,105109
735766,368.5,374.25,359.5,365.05,584111
735767,363.95,373,363,371.1,164251
735768,373,374.45,365.9,368.95,226088
735769,370.8,373.3,360.8,362.15,90403
735770,366,366,353,354.65,373815
735773,356.8,364.7,352.7,355.8,180425
735774,357.1,368,357.1,365.35,748126
735775,370.6,403,370,379.8,698661
735776,381.8,390.95,380.15,385.5,413819
735777,388.3,389.85,375.5,382.15,205678
735780,383,384.6,373.3,380.05,183061
735781,385.5,385.95,380.05,382.15,110157
735782,387.95,393.6,381.3,386.7,254932
735783,390,391.4,370.2,371.75,580199
735784,373.6,376,368.35,371.85,336003
735787,375.95,378.75,373.05,375.05,495396
735788,377.9,380.95,351,355.9,550703
735789,355.5,360.95,338.3,356.1,537586
735790,352.5,381.8,352,370.55,837158
735791,374,382.5,362.6,370.35,735038
735794,370,373.7,362.35,363.9,488839
735795,368.1,368.1,363,364,908629
735796,368.8,377.85,363.75,370.5,538668
735797,371,373.4,367,367.8,205179
735798,366.9,378,362.45,373.25,1211874
735801,375,378.3,358.45,360.9,889146
735802,365.1,370,361.85,364.05,720682
735803,365.95,366.95,359,360.55,1001606
735804,361,371,361,368.1,330879
735805,378.3,409.75,374,391.9,1858966
735808,394.9,429.4,388,420.5,1942327
735810,418,426,401.2,405.5,698557
735811,406.3,415,400.6,410.1,497035
735812,405,405.85,394.15,396.75,708042
735815,393.7,397.25,385,394.1,281453
735816,394.5,404.8,391.5,401.45,532459
735817,401.45,407.8,395.3,397.5,295644
735818,400,400,392.75,394.5,221499
735819,390,398.45,380,389.6,260844
735822,397,398,389.6,391.65,321188
735823,394.9,395,388.25,389.45,235355
735824,390.05,393.95,372.3,382.95,441301
735825,384,391,380.05,388.75,567478
735829,388.75,399.8,383.2,387.3,1054284
735830,388.45,406.95,385.1,393.9,2018009
735831,397.6,400.1,391.5,394.8,1053481
735832,394.85,401,393.1,394.45,1032404
735833,395,399.25,384.65,385,723047
735836,388.65,392.5,384.35,386.15,337159
735837,387,387.35,375.3,379.95,614601
735838,378.1,387.7,372.35,374.6,623327
735839,379.9,383.75,375,377.5,878967
735843,381.2,399.7,380.1,388.95,1644127
735844,392,393.65,386,389.9,1444601
735845,391.5,401.75,389.35,396.4,1287906
735846,393.6,406.25,390.1,396.85,869103
735847,396.5,402.7,393.8,397.65,902804
735850,397.45,402,392.25,395.85,1097890
735851,394.2,404.75,393.3,400.5,594143
735852,403.8,410.75,393,394.8,970859
735853,396.9,409.75,396.9,407.55,1877049
735854,408,410.9,400.5,407.3,924776
735857,408,408.9,401.15,406.6,336668
735858,408,414.5,396,401.5,834473
735859,403.55,407.85,390.1,397.8,457387
735860,394,404.6,394,396.4,626032
735861,400.3,414.9,384.85,396.15,4248170
735864,395,409,389,407.15,1320049
735865,409.7,434.25,407.35,426.6,2612172
735866,429.5,442.4,411.25,423.35,882272
735867,418,418,392.7,401.4,615690
735868,393.25,410.75,393.25,407.45,384023
735871,408,408,398.4,399.45,274748
735872,395.5,406.4,394.1,402.7,351526
735873,399,403.85,399,400.25,248410
735879,398.1,403,396.15,398.7,630480
735880,395.55,401.8,380.4,386.75,441641
735881,390.45,402.75,390.45,400.7,546339
735882,398,398.85,392.55,394.75,108343
735885,391.1,400.95,391.1,399.6,179154
735886,399.6,402,394,400.3,195056
735888,398.15,402.7,391.75,396.6,774701
735889,395.3,401,385.3,394.9,329978
735892,400,401.15,391.5,396.2,308503
735893,399.95,402,396.5,398.9,347497
735894,402.9,404.7,396,396.9,379317
735895,399.4,412.2,398.15,408.7,121379
735899,414.6,432.9,395.1,398.2,1265664
735900,412.7,415.7,392.1,397.55,1040389
735901,400,402.9,391,397.9,1087972
735902,399.9,404,395.5,401.3,554806
735903,404.8,423,402.5,418.3,2922590
735906,422,454.1,422,450.3,2818095
735908,450,481,445.35,469.8,4401281
735910,471.6,471.6,459.9,461.8,4333707
735913,462,462.3,441.85,444.65,1044709
735914,440,459.5,440,443.35,435404
735915,445.9,465,445.85,463.1,659666
735916,468.95,484.95,452,456.25,868247
735917,457.95,462,448.1,456.95,655647
735920,458.3,464.05,445.5,451.4,719983
735921,452,454.7,445.45,449.85,517562
735922,452,454.95,446.1,450.1,686938
735923,458,467.7,441.5,444.25,704180
735924,448.5,464.5,435.15,441,705015
735927,443.3,456.3,443.15,450.9,2070113
735928,452,453.5,445,449.05,1258875
735929,449.7,449.7,441.4,444.65,660480
735930,447,452.25,442.5,446.35,358829
735931,449.5,459.6,447.7,450.75,1726033
735934,451.35,466.9,448.75,450.1,1476439
735935,448.7,471.7,446.3,468.5,1882480
735936,472.55,475,458.2,460.35,1507592
735937,462.5,467.5,456,463.15,933485
735938,463,469.9,454.6,457.2,692877
735941,455,456,447.3,450.8,517421
735942,451.7,459,442,446.15,576828
735943,443.2,466,443.2,460.7,543944
735944,457.25,461,446.4,449.85,333045
735945,451,463.6,441.4,443.7,573771
735948,440,444.5,431.5,438.55,551074
735949,438.55,439.1,404.8,421,1234576
735950,418.35,439.7,401,436.35,1163526
735951,443.9,461.8,443.9,458.2,1019602
735952,466,466.45,450.5,455,755141
735955,455,459,448.6,457.6,296848
735956,457.65,460.85,443.05,445.15,625960
735957,446.1,452.4,426.7,440.05,1050302
735959,443.1,451.05,440.9,444,155537
735962,445,454.1,445,447.85,192153
735963,450.95,461.95,448.25,459.1,521772
735964,460.9,464,454.55,459.85,1085125
735965,457,461.9,452.8,454.15,193305
735966,455.05,495.6,455.05,480.35,3164457
735969,482.1,489.7,477.2,483.4,982720
735970,474.7,485.9,468.05,473.6,924579
735971,475,502,472.15,497.5,1494422
735972,504.6,512.4,500.25,504.65,1125803
735973,505.2,507.15,488,495.5,1184965
735976,493.1,505.5,488.35,497.6,1153424
735977,499.7,506.5,486.4,492.2,1133496
735978,493.15,503.25,490,499.45,521900
735979,510,542,507.15,533.7,4525758
735980,534.6,574.9,531,566.35,4220854
735983,573,580,562.3,571.95,2866983
735984,572.4,606.4,572,597.1,3963741
735985,597,599.7,581.4,588.65,1643579
735986,589.5,599.55,583,586.2,891046
735987,588.4,597.8,581.6,585.85,904391
735991,585.5,636.35,572.1,620.25,4018715
735992,621,640,606.5,619.95,2025702
735993,611.85,611.85,590,593.55,1994408
735994,591.95,599.9,556,588.7,2201161
735997,589,609,587.6,595.05,934501
735998,595.25,611.5,590,603.45,1123750
735999,607.85,611,595.1,597.9,1001517
736000,595,604.9,575,584.45,1389369
736001,586.05,597.8,580.25,586.45,568721
736004,582.7,591.9,573.4,574.7,967547
736005,573.9,585.55,560,580.5,1012787
736006,578.15,595,577.95,585.25,719246
736007,589.85,599.5,585.1,591.45,1380957
736008,594.8,624.4,594.8,610.75,2941175
736011,615.95,629.8,611.6,616.05,1726987
736013,619.9,642.4,618.25,635.15,1640143
736014,641,650.8,624.45,629.8,1222753
736015,631,631.95,611.1,618.75,1181454
736018,623.85,629.2,615.3,621.5,911141
736019,624.3,640,615.25,632.95,1284704
736020,638.3,642.9,626,630.75,1271581
736021,631.45,641.15,625.15,630.55,2278794
736022,632.9,636.8,628,633.6,1818213
736023,635,648.75,586.95,623.15,2523214
736025,625.9,638,616,628.15,1573680
736026,629.1,639,628,631.85,671908
736027,639.85,644,633,636.8,1712122
736028,637.3,642.95,626,632.75,448034
736032,628.3,628.3,597.25,602.05,896686
736033,602,614,588.95,593.35,1316914
736034,596.6,602.6,565.35,568.45,1035031
736035,569,575,561.1,563.55,1295044
736036,570,571.45,543.8,565.5,1855932
736039,576.95,576.95,567.7,570.8,1334236
736040,574.9,584,561.15,563.8,1245919
736041,567.5,572.9,558.9,563.9,954551
736042,568.9,574,551,554.85,781939
736043,559.95,565,543,554.35,928146
736046,558,564,553.15,557.25,1082866
736047,558.6,568,553.05,561.8,1412417
736048,561.65,564.9,554.35,559.6,1196563
736049,557,562.5,538,544.2,1328927
736050,544,555.9,538.15,541.95,1188370
736053,549.85,554.15,546.1,548.85,924563
736054,554.15,574,550,557.9,2007535
736055,554.9,583.7,551.45,573.45,1400863
736060,578,582.9,568.55,573.55,737325
736061,577.8,577.8,558.65,560.75,895136
736062,564.9,569.75,553.05,557.65,889379
736063,562,591.2,559,581.4,1678960
736064,590,599.75,576.1,580.5,1443714
736067,582.85,585.85,576,580.7,602911
736069,583,593,569.8,573.35,1086734
736070,574,579.05,552.3,570.2,920982
736071,568.5,572.7,550.75,554.75,614191
736074,556.75,557.9,522.25,536.25,1386764
736075,535,561,534.3,550.3,1511435
736076,559,569.3,550.25,561.15,1571757
736077,564.4,568.2,556.5,559.85,893548
736078,562,567,523.1,554.3,2497125
736081,559.65,569.4,535,557.35,2774287
736082,559,577.9,555.1,574.15,1144966
736083,574.65,594,574.65,589.9,1836368
736084,593,599,585,593.65,1964616
736088,594.6,601.2,581.45,587.65,729201
736089,588.9,597,584,588.7,540528
736090,578.9,578.9,551.1,558.7,1008770
736091,554.9,554.9,517,541.8,1913467
736092,546,566.3,543.3,559.4,620423
736095,560.9,570,551.2,556.2,461725
736096,558,558,532.4,549.5,1267537
736097,555.7,572.7,553,564.65,871682
736098,566.4,566.4,554.4,560.5,431845
736099,563.45,566.4,555,558.1,1040673
736102,555,566.9,554.7,564.05,526914
736103,565.75,572,555.05,565.05,635560
736104,567.35,580.85,565.15,573.7,791389
736105,574.4,585.5,566.85,580.3,1375514
736106,579.9,601.1,579,594.35,1690641
736109,595,600,588.2,592.9,964703
736110,592.9,601,592,593.55,925801
736111,591.9,595.5,584,590.9,894181
736112,586.25,596.3,586.25,593.05,1508651
736113,595.65,607.9,589.1,595.95,1747012
736116,595.5,611.9,592.25,609.1,1315570
736117,612.9,614.85,590.25,596.7,2454281
736118,595,606.8,541.5,595.75,1675929
736119,603,604.95,583.15,589.05,810635
736120,583,594,582.95,585.2,523861
736123,587.7,592.75,582,588.35,480375
736124,585,588.25,568.2,573,532135
736125,572.95,586.5,568.1,578.95,502980
736126,582.5,597.5,576.25,579.4,1088791
736127,581.15,587.1,574.3,577.6,786346
736130,577.9,586.9,550.35,556.35,543257
736131,548.1,560.5,543.25,556.85,1013025
736132,571.25,586,567.95,580.55,1145425
736133,587.3,600,586.9,596.4,1456449
736134,597.1,606.45,590.4,597.8,1131540
736137,598.5,612.9,598,607.35,1608565
736138,609.8,613.2,594.1,599.85,1043747
736139,601,608.6,595,599.35,1289932
736140,597,614,595,607.55,1919186
736141,607,628,596.05,616.4,3101668
736144,600,614.75,572.1,610.4,869415
736145,610.4,625.4,606.75,622.45,1344888
736146,624.9,638.8,620.9,630.2,1082348
736147,634,674.55,631.55,667.25,3164308
736148,669.85,671.9,649,654.5,996023
736151,644.9,668,642.1,663,846029
736152,665,666.1,650.1,654.25,978505
736153,640.4,654,627,632.05,1086227
736154,626,634.95,616.8,620.85,1097654
736155,623,640,623,631.75,1230128
736158,633,641.35,630.25,633,1339859
736159,639,650,635.85,639.35,1590685
736160,640.5,644.4,627,634.1,823144
736161,638,659.8,633.05,656.55,1216697
736162,657,675,650,668.8,978041
736165,672.5,682,667,679,781424
736166,680.55,682.2,657.5,665,1737273
736167,673,720,668.15,713.55,1916881
736168,716.8,723.8,700.25,717.05,1839222
736169,710.1,738.8,701,728.05,1990368
736172,722,759,715.7,745.75,2217408
736173,748,761,726.5,751.6,1790934
736174,746,759.35,736.1,744.7,1389844
736175,736.3,745.95,726.15,730.55,1058973
736176,722.4,746.3,722.4,738.2,1757881
736179,738.3,762.55,738.2,755,988543
736180,757,789,753.6,785.8,2093669
736181,781.15,798.8,779.1,790,1679405
736182,786,810,782.15,802.15,1506815
736183,793.25,805.3,792.1,794.8,1504455
736186,794,820.85,794,801,1510277
736187,807.3,809.8,791.1,800.9,1300268
736188,790,796.2,746.4,755.1,1977243
736189,760.7,772,740.2,756.6,1705971
736190,776,795,775.05,793,3488584
736193,796.8,814.1,785,796.6,1366400
736194,800,803.4,779.5,795.45,1342466
736195,794.9,809.4,791.1,800.35,1492595
736196,796.95,809.5,787.4,791.2,3598889
736197,784.3,787,753.75,773.95,2455236
736200,733.6,743.2,685.15,716.05,5114664
736201,722.2,745,705,739.25,3012707
736202,732.35,765,721.75,759.9,2850017
736203,778.95,779,768.6,774.8,4928538
736204,780.2,782,751.25,777.15,5010519
736207,777.25,789.2,734.5,755.05,21811622
736208,728.6,747.7,717.1,727.5,2615355
736209,728,734.75,700.25,711.1,4307486
736210,711.95,722.7,695.3,710.65,2477255
736211,706.8,728.2,706,721.75,4099289
736214,722,731.9,713.7,724.45,3090009
736215,724.25,727.45,701.1,721.75,3404533
736216,725,735.9,714,715.95,5902789
736217,701.5,727.7,696.55,724.4,1933571
736218,730,732.9,725.25,729.6,1544240
736221,735.9,771.4,732.1,766.4,1652078
736222,765,769.95,746.65,749.8,1161983
736223,754,756,718.9,730.6,3089656
736225,741,754.2,710.1,719.85,3557567
736228,708.4,727.25,704.9,716.8,1029806
736229,722,727.85,692.55,701.3,3826134
736230,693,738.7,693,732.8,9899419
736231,724,731.85,716.95,721.55,6831931
736235,720,731.4,720,727.35,1084443
736236,720,749.05,703,745.05,3903193
736237,752.85,799.9,750,794.05,3155736
736238,799.85,815,777.8,795.95,1743933
736242,796,805.5,784.8,788.3,1264554
736243,793,796,783.1,787.85,1166857
736244,791.3,807,780,784.35,1722463
736245,780.7,780.7,750.5,754.6,1464846
736246,751.55,769.4,738.25,743.25,1734635
736249,747.75,748,731,739.95,930063
736250,743.4,743.4,725.1,733.25,1174185
736251,736.8,750.05,730.25,744.25,857909
736252,750.5,753.5,741.95,744.85,879665
736253,749.8,750.9,719.25,731.5,2142371
736256,735.95,746.45,734,744.2,838970
736257,747.6,748.7,732.35,737.4,529856
736258,740.6,747.75,728.3,736,2200639
736260,744.9,758.85,739.95,744,1670417
736263,746.1,748.9,732,744.85,1023808
736264,744.75,749.9,741.05,747.5,841450
736265,748.35,751.25,733.5,739.55,1305028
736266,740.1,741,719.25,725.4,2673840
736267,725.1,738.35,715.25,720.55,1187019
736270,716,724.9,705.55,721.95,937649
736271,727.8,727.9,717,725.4,552388
736272,726.3,730.7,712,714.85,837710
736273,716.95,718,705,706.7,707305
736274,710,712.1,700.25,704.85,715181
736277,683.7,704.35,681.55,699.85,1070755
736278,693.15,707,690.75,698.15,653479
736279,700.3,724.75,700.3,716.75,182994
736281,711,711,584,643.5,16460157
736284,647.5,647.5,619.1,629.45,5525658
736285,635,639,619,620.95,2529252
736286,618,618,596.55,603.8,4440683
736287,606.85,626.25,602.65,615.35,4762482
736288,617.9,670,617.9,654.35,6098978
736291,659.5,683,649.25,679.2,3275223
736292,680,698.8,675.75,692.5,2351481
736294,697.3,697.4,675.5,680.75,3239358
736295,684.8,693.75,681,687.45,1036732
736298,690.8,693.5,671.25,686.7,2985075
736299,692,722.8,689.15,718.3,2640329
736300,719.95,725.05,710,719.05,2155013
736301,712.5,720,711.25,714.2,1161666
736302,706.25,714.9,702.8,708.15,780842
736305,710.5,711.5,690.05,694.4,1941958
736306,691,693.9,676,677.65,878895
736307,680.6,693.4,663.7,668.5,1202851
736308,674.8,679.6,652.65,672.8,1173817
736309,673.55,679.75,651.6,661.25,865036
736312,654,681.75,653,668.85,987265
736313,671.3,679.15,666,671.8,964589
736314,678.9,698.4,675.1,687.95,1234736
736315,697.5,715,688.5,712.3,1137432
736316,711.4,719.4,700.55,702.65,960137
736319,705.45,714.5,695.15,703.5,910389
736320,704.7,711.4,697,700.2,648093
736321,704.1,707.7,696.35,700.8,445145
736322,705,709.4,699.75,707.2,293029
736326,708.75,715.95,707.25,710.9,401107
736327,711.6,739.25,709.45,732.3,1424971
736328,735.1,742.2,726.25,730.5,961096
736329,732,742,722,736.7,2671889
736330,736.4,740.95,725.25,735.65,380254
736333,730.15,736,718.7,723.45,738006
736334,725.25,736,723.75,733.4,938515
736335,736,749.95,728.45,735.85,1508600
736336,725,734.55,706.2,717.3,1255607
736337,718.55,739.3,718.55,735.25,872465
736340,726,745,724.95,736.2,1289730
736341,728.7,744,705.3,713.9,1470639
736342,718.05,726.15,675.25,716.85,1237039
736343,692.2,707,687.3,692.05,1108584
736344,695.25,704.45,656.45,665.1,1343774
736347,663.9,684.45,641.85,656.8,1878129
736348,658,703.6,658,696.95,1079727
736349,689.5,695,667.35,689.65,1188876
736350,714,725,693.65,698.35,1934965
736351,710,719.8,700.6,708.65,1648954
736354,712.1,717.3,706.25,708.15,1392985
736356,714.3,716.65,700.25,704.05,1508769
736357,707.8,724.7,695,697.3,1180144
736358,696.5,712,696,706.95,1519339
736361,703.3,710,699,708.45,658906
736362,714.3,718.5,689.75,693.85,1075193
736363,685,689.85,667.65,676.1,1319031
736364,680,689,645.1,659.6,1058179
736365,662.9,685.4,662.9,682.3,850127
736368,683.95,689.55,668.1,672.25,673851
736369,662.25,667.5,623.25,627.05,1963627
736370,622.1,634.2,605,625.2,1503175
736371,626,637.5,603.95,614.35,1504290
736372,614.9,618,585.25,601.25,2067774
736375,612,639.95,600.7,634.6,1912256
736376,634.6,643.2,609.25,615.85,1213591
736377,618.05,619,585.25,611.5,1911903
736378,616,624.2,600.25,607,1499625
736379,604,610.6,595.35,597.5,1607938
736382,597.45,597.45,578.55,583.25,1317533
736383,583.35,584.8,557.45,565.65,2709470
736384,560.8,568.35,551.1,552.9,1571764
736385,558,575.75,553.6,560.2,1997986
736386,565.1,581.5,565.1,575.5,2126115
736389,579.05,588,560.1,575.35,2596052
736390,579.95,628.75,577.55,623.65,2520665
736391,626.1,670,625.1,649.4,3305645
736392,652,659.7,640.1,649.4,2265914
736393,652,674.7,643.4,669.3,2216931
736397,667.85,684.75,650.25,661.25,2320423
736398,661,667.45,649.2,655.85,1477946
736399,656,662,650,654.9,1757235
736400,655.95,656.5,643,647.2,971859
736403,650,656.95,646,652.75,581921
736404,652.9,659.7,643.95,649.65,1026843
736405,645.15,649.3,622.85,636.05,1441540
736406,640.4,648.35,631.3,635.75,1139630
736407,628.75,632.9,606.1,612.35,5949702
736410,620,651,618.25,645.6,2012050
736411,649.4,651.75,638.25,645.15,1360059
736412,647,648.95,640.4,644.25,806394
736417,647.6,651.2,630,631.15,810275
736418,631.6,633.4,613.05,614.8,835216
736419,615.55,641,615.55,639.6,1023088
736420,640,654.95,629.1,649.9,1722961
736421,650.95,660,638.2,646.7,943876
736424,649.4,650,602.5,631.75,991546
736425,624.95,632.45,612.5,616.25,1234302
736426,616.9,629,600,623.7,1390728
736427,627.15,629.7,611.05,614.3,637536
736428,613,618.65,605.1,607.75,733164
736431,612.6,627,608.4,625.25,1180530
736432,625,631.15,616.5,620.75,793445
736433,630,635,624.4,627.05,1029146
736438,633.15,646.4,621.6,641.6,2761333
736440,646.2,667.9,642,655.6,1870203
736441,658.95,668.85,656.25,665.6,1384208
736442,661.85,676.85,659,673.95,1371121
736445,675.95,741.3,613,663.65,3820632
736446,684,688.5,662.3,680.1,3945243
736447,677.3,706.85,677,702.85,1256383
736448,704.95,709.35,685.25,697.1,2685900
736449,688.7,701.8,666.45,693.25,1112425
736452,690,704.7,689,693.55,743383
736453,697.8,701.3,673.5,684.05,1125184
736454,679,680.4,661.1,670.25,1615882
736455,672.3,685,663.75,669.1,3427050
736456,669.9,679.9,666.65,676.45,787534
736459,678,695.3,677.1,691.45,1108010
736460,693.15,693.15,681.25,686.35,758530
736461,671,687.3,671,680.65,1094547
736462,681.2,718,681.1,712.85,4586471
736463,711.05,727.65,711,716.1,1499115
736466,717.4,738,714.8,724.7,1938167
736467,725.35,735.85,719.1,720.7,1000915
736468,718,730.25,714.8,729,1914459
736469,729,731.85,685.9,693,2886553
736470,693.3,699.65,683.05,687.8,849418
736473,693.3,708.95,686.2,691.3,923404
736474,693,694.4,671.3,682.6,795529
736475,694.85,700.65,690.05,696.25,402393
736476,702.3,721.65,700.3,718.95,1170242
736477,719.9,759.2,715.25,743.75,2067340
736480,750,754.25,730.25,738.15,678039
736481,737.5,740.3,712.45,718.45,1811482
736482,718.5,734.5,718.45,726.3,593896
736483,728,741,726,731.4,961800
736484,736,756.35,732.55,751.35,1097012
736487,756,764.9,740.25,744.75,981652
736488,745,752,735.1,737.85,871156
736489,737.85,744.4,732.2,740.6,586065
736490,743.95,747,733.05,736.85,660112
736491,737.45,738.95,708.2,711.7,1067874
736494,698,703.95,687.05,696.85,1200254
736495,697.55,702.25,689.05,693.55,844797
736496,694,711.4,694,706.3,804554
736497,705,706,690,698.85,528277
736498,705,705.35,691,695.35,515193
736501,691.1,702.85,685,699.95,523699
736502,701.9,705.45,691.75,694.6,796028
736503,691.9,697.9,685.25,691.05,1404103
736504,694.45,694.95,680,683.35,697860
736505,660,668.75,616,656,2019244
736508,654,668.8,652.65,659.3,687263
736509,660.1,669.5,650.2,665.4,1447471
736510,666.45,667.95,654,661.75,2076253
736511,667,676,657.35,671.05,3036243
736512,675,688.8,674.5,679.7,713788
736515,685,690.7,676.05,687.4,1241186
736516,688,688.2,674.55,678.7,709273
736518,679.7,684.85,673.15,675.7,1210594
736519,676.7,689.9,672.05,688.2,2019924
736522,695,724.5,692.7,715.2,2466802
736523,719.95,746.95,717.6,744.1,2579911
736524,749.45,755.95,685,714.15,9452549
736525,703.4,710,688.85,696.6,4886253
736526,704,720,698.2,708.05,2864271
736529,712,725.5,706.6,709.9,2664832
736530,712,714.8,698.9,711.65,1186528
736531,706.1,716.8,706.1,713.35,704006
736532,719.8,720,710.5,714.05,1116615
736533,716.5,739.4,712.5,735.5,1059249
736536,739.95,769.25,724.55,742.75,3840873
736537,749.45,774.8,745.05,764.1,3482305
736538,768,786,766.1,775.35,2098640
736539,776.95,783,767.2,770.5,1246832
736540,771.85,778,758,764.45,1939689
736543,766,775.95,754.05,762.65,782823
736544,767.95,787.55,763,783.7,2804581
736545,786.95,794,778.05,787.6,2443989
736546,792,806.5,779.6,799.85,1837638
736547,798,804.9,785.1,797.55,1472176
736550,797,813.6,790.45,807.7,1173472
736551,808,810.3,793.25,806.85,969648
736552,807,809.8,773.1,781.5,1480974
736553,787,790,770.5,782.4,1305507
736554,783.2,801,781.6,798.45,955724
736558,800,818,786.1,815.3,2296940
736559,817.95,822,802.7,809.2,901073
736560,811.95,815.45,799.6,804.9,818126
736561,808.5,810,796.75,800.1,1095245
736564,794.55,804.95,789.1,793.3,536977
736565,793,808.8,791.25,804.5,1020003
736566,804.95,811,802.45,807.7,885394
736567,808.9,828.5,806,824.2,3989375
736568,830,832.55,812.25,818.95,1108506
736571,814.1,831.2,809,829,828087
736572,833.45,837,825.85,830.8,1383557
736573,834.85,837,815.3,819.2,3189027
736574,820,845,819.95,835.9,1718045
736575,835,836.4,825.25,829.05,585467
736579,832.8,841.2,827.05,834.05,1299721
736580,835,842.4,815.1,820.75,724969
736581,825,825.5,811.4,817.75,685142
736582,815,817,791.25,795.7,2203571
736585,775.6,779.95,759.8,766.15,966518
736587,774.4,796.7,771.8,793.45,717353
736588,792.6,799.5,782.35,786.25,800711
736589,792.7,814,789,808.1,2168166
736592,803.9,809.5,795.1,797.5,557016
736593,797.5,807.7,790.25,804.9,1540917
736594,805.85,805.85,792.6,796.15,472538
736595,799.35,808,796,801.55,1351061
736596,806,822,804.05,814.3,2124204
736599,809.2,816.4,803.55,813.6,862015
736600,811.1,821.8,809.95,812.7,1146393
736601,807.4,821.2,807.4,816.6,805256
736602,821,833.35,764.1,787.35,2547306
736603,785,832,785,827.4,1563036
736606,826.9,860,819.6,855.25,1866632
736607,857.3,878,848.6,873.45,1955639
736608,874,879,861.6,865.3,792037
736609,863,874.8,842.2,850.25,926661
736610,853,866.8,852.05,856.85,633916
736613,855,859.2,841.2,844.3,649382
736616,843,843,811.1,822.4,1439141
736617,830.95,842.75,824.1,837.8,1009752
736620,842.5,852,833.9,838.15,1304249
736621,838,865.9,837.35,862.65,1444678
736622,867.5,883,861.25,880.65,1039437
736623,885.95,891,865.5,872.2,1176933
736624,879,880.9,857.05,877.05,2407974
736627,880,885.25,864.4,871.6,853955
736628,870,874.95,861.25,868.05,687026
736629,863,870,850.2,854.3,1873245
736630,846.2,853.7,836.8,844.2,1934911
736631,847.2,853.8,836.8,848.9,2334563
736633,852,853.5,840.05,847.4,56794
736635,851,868.85,848.5,860.4,973797
736636,847.9,847.9,821.4,833.85,854019
736637,830,843.3,797.2,802,817290
736638,799.5,804,775.05,788.2,1459210
736641,795.9,811.35,788.1,792.3,821918
736642,793,795.95,782.1,786.1,563222
736643,707.5,746.5,630,721.5,5657180
736644,740,751.65,673,700.5,8455426
736645,685.5,717.9,670.15,700.3,5474793
736649,699,699,651,674.25,3572670
736650,687.5,699.55,658.5,669.85,2949365
736651,675.05,684.7,667.05,669.25,1553058
736652,675,678.85,657,667.85,2788041
736655,674.8,674.8,636.8,653.25,1505997
736656,659,674.95,639,671.8,2033291
736657,678.1,679.85,668.45,673.15,1223395
736658,669.5,684.75,664.25,676.7,2800003
736659,683.05,713.45,676.3,702.95,1832269
736662,695,712,687,707.65,864202
736663,715.9,737.8,712.05,726.5,1618258
736664,735,767.9,731,765.05,3185635
736665,765,767.7,753.05,756.15,680873
736666,746.1,750,731.05,736.9,1152470
736669,741.4,752,731.95,742.75,589609
736670,745,754.95,728.7,731.55,998258
736671,738,738,705.3,716.45,1604971
736672,718,728.5,715.6,720.85,1021041
736673,724.8,726.45,699.4,702.35,1504090
736676,701.9,705,681.2,694.15,968705
736677,692,694.95,667.05,670.3,1462503
736678,679,679,635.5,647.5,14631609
736679,640,658.45,638,649.55,1312793
736680,654,655.05,635.05,638.9,1634551
736683,636,655.35,632,651.3,1271862
736684,651.85,656.7,632,641.3,1317527
736685,640.5,652.4,633.1,642.1,1131120
736686,640.9,640.9,627,637.4,1499827
736687,645,645,628.2,639.25,917841
736690,634,639.4,625.8,629.15,636780
736691,625,639.9,616.55,637.15,1288731
736692,645.95,651,634.6,645.05,1551323
736693,642,652.85,636.85,642.35,9431933
736694,640.4,663,639.1,650.25,1482055
736697,657,684,648.5,678.65,3659332
736698,679,680.35,660,662.25,1660209
736699,663,666.9,641.4,643.75,2260804
736700,642.25,660.65,642.1,653.65,1926542
736701,655.3,670.55,655,657.45,2185437
736704,662,679.55,658,674,1804927
736705,672.45,691.7,668.05,688.75,1802058
736706,691.9,719.45,690,716,3039787
736707,718.4,729.3,708,725.75,2630178
736708,726.95,752.5,726.9,748.45,2411983
736711,748,769.9,743.8,766.1,1363915
736712,771.15,779.95,765.1,777,1532190
736713,780,780,753,762.35,1639365
736714,764.2,768.4,752,753.5,969867
736715,753,769,743.25,750.2,1502304
736718,756.45,769.75,746.45,755.45,1764959
736719,758,758,741.25,751.15,1656692
736720,751.65,759.25,748.3,755.45,3244746
736722,761,761.35,751,753.35,2263766
736725,751,777,749.95,766.75,3292077
736726,768.95,772.3,748.55,750.65,1387742
736727,755,768.75,750.55,766.05,2530887
736728,770,791.1,767.65,781.1,2910709
736729,786.9,803.9,785,794,4299139
736732,795,806.95,794,798.1,1622254
736733,803,833,795,828.05,4746229
736734,829,849.95,827.15,835.45,3887569
736735,827,833.2,808.9,820.45,1331252
736736,828.45,830.7,810.65,813.25,816925
736739,816.3,834.4,813.3,831.8,819192
736740,836,837.2,820.05,823.6,530927
736741,816.35,828.8,804.4,816.15,839797
736742,817,833.4,814.1,831.8,953417
736743,849,882.5,845.9,854.25,2944397
736746,852,853,833.95,847.8,692729
736747,849,872,847,868.95,1059386
736748,875,876.85,863.6,872.65,808766
736749,877,879.9,857.1,864.5,3078731
736753,864.8,877.35,851.55,867.8,2103008
736754,869.55,875.3,865.65,871.3,1098049
736755,872.25,880.8,864.1,870.6,1223901
736756,875.9,879.45,848.05,851.9,981667
736757,842.1,849.95,833.4,842.35,1055058
736760,845,855,843.8,853.65,589532
736761,856.9,858.35,844.5,852.25,588829
736762,850.2,864.65,837,855.85,975503
736763,852,858.75,844.35,851.7,597993
736764,850.25,861.95,850.1,856.6,558525
736768,865,929.95,865,903.9,3434923
736769,909.85,917.85,906,912.6,1129376
736770,915.2,952.9,915.2,947,2663807
736771,944.95,968.6,944.95,964.85,2157129
736774,968,982.25,952.3,963.7,1328277
736775,960.25,969.8,922.95,931.5,2910675
736776,925,927.3,897.75,905.25,2014853
736777,910,936.95,907.4,933.35,2008159
736778,939.9,965.45,937.6,959.05,1723004
736781,958.95,966.95,950.1,957.4,1497218
736782,955.25,966.45,950.55,962.3,1166741
736783,966,978,956.3,961.3,2321815
736784,960.75,1001.9,960.75,990.6,6339602
736785,988,1000.6,984,997.75,2631734
736788,998,1001.65,986.8,995.9,1011022
736790,994.9,998.95,978.6,986.3,2177321
736791,985,988,964.6,977,1544977
736792,974.55,977.75,952.5,955.85,2689720
736795,956.35,957.85,924.2,935.2,3628032
736796,932.7,944.5,926.65,937.15,5064116
736797,941.9,943.55,920,936.7,632467
736798,940.9,959.3,938,956.8,1208657
736802,970.35,990,955.55,977.1,1464099
736803,980,988,954.45,962.25,1565521
736804,959.95,965.9,940.95,957.15,1033385
736805,957.15,984,955.8,979.25,828410
736806,982.35,998,975.3,989.9,1631189
736809,990,1014.95,990,1006.4,1796743
736810,1039.7,1040,1008,1015.6,2066226
736811,1018,1021.9,1000.5,1010.9,1943992
736812,1017.95,1017.95,997.2,1004.4,1932739
736813,1004,1022,995.25,1016.95,1176483
736817,1024.2,1078,1019.95,1072.55,3691916
736818,1065,1094.65,1060.65,1083.6,2881420
736819,1075,1129.7,1071,1076.85,3914351
736820,1080,1111,1071.05,1106,3534637
736823,1109.75,1135,1102.75,1119.95,2738777
736824,1122.7,1122.7,1078,1085.95,2488584
736825,1094.95,1094.95,1073.55,1082.9,1104560
736826,1087.5,1091.25,1057.75,1069.25,1263071
736827,1069.4,1073.25,1040,1053.8,767880
736830,1056.1,1074,1054.55,1062.8,802682
736831,1068.9,1068.9,1043.1,1053.1,1251679
736832,1055,1088.85,1051.35,1082,1821590
736833,1070,1080.55,1045.15,1053.8,1089742
736834,1069.95,1069.95,1024,1040,1490124
736837,1046,1065.35,1043.85,1052.6,920260
736838,1043,1061.55,1013.3,1050.35,1563099
736839,1055.35,1057.25,1030.25,1039.3,972197
736840,1049,1071.7,1032,1045.6,1571708
736841,1051,1090,1048.6,1086.05,1372600
736844,1091.15,1113.1,1087,1107,1802047
736845,1096.1,1117.5,1095.35,1113.6,949966
736846,1112,1164.35,1111.95,1160.6,2988885
736847,1156.5,1156.5,1128.1,1145.05,1884239
736848,1149.5,1153,1128.65,1131.85,861033
736851,1132,1187.4,1132,1170.15,2301492
736852,1174.4,1175.85,1133.05,1138.45,1820089
736853,1142,1147.5,1123.25,1137.85,1863392
736854,1148,1159.95,1138.5,1146.3,1302396
736855,1154.9,1161.15,1146.35,1155.25,1671823
736858,1148.15,1169,1141.85,1156.05,1527273
736859,1167,1167,1150.25,1153.55,1013264
736860,1152.9,1164.9,1145.25,1160.85,1167025
736861,1161.95,1162.5,1146,1149.05,1372127
736862,1146,1155.7,1124,1129,1929711
736865,1126.05,1134.65,1111.25,1129.45,1585217
736866,1128.15,1134,1121.85,1129.45,2797403
736867,1129.9,1129.9,1115.7,1121.75,1818588
736868,1122.35,1132.95,1107.6,1114.25,1661148
736869,1116,1120,1060.55,1102,2187534
736873,1100.5,1101.9,1062.85,1080,1994004
736874,1080,1089.35,1067.85,1075.15,1188407
736875,1080,1108.35,1080,1095.6,1839371
736876,1091,1091,1063.9,1076.15,1141665
736879,1087.7,1087.7,1065.3,1075.3,721429
736880,1078,1078,1040.1,1051.15,1652082
736881,1050,1065.7,1044.3,1060.9,870502
736882,1060.3,1102.2,1058.35,1083.2,1944446
736883,1087,1093,1062.6,1065.45,1044838
736886,1097.4,1100,1063.25,1069.45,471923
736887,1073.7,1093.2,1068.4,1085.1,1755268
736888,1086,1111.8,1072.95,1107.65,1569358
736889,1114,1135.25,1113.05,1129.15,1700154
736890,1133,1134.45,1112.25,1122.9,686907
736893,1122.8,1146.35,1121,1142.45,549068
736894,1140,1157.1,1132.85,1142,1244006
736895,1133.1,1151.75,1133.1,1149.6,766760
736896,1151.9,1166.4,1142.6,1158.75,1686808
736897,1160,1160,1120.75,1137.45,1455792
736900,1137.95,1162.4,1133.1,1157.25,1108532
736901,1165,1200.9,1160,1197.85,1826723
736902,1199,1216.5,1183.2,1189.25,1298518
736903,1198.8,1204.35,1152.85,1158.85,2412305
736904,1162,1179,1156.65,1175.5,743040
736907,1176,1189,1152.25,1175.25,767230
736908,1183,1232,1176,1225.2,2694072
736909,1229.9,1229.9,1188.6,1195.75,993610
736910,1195.75,1210,1185,1199.75,1153794
736911,1211.25,1219,1198,1213.2,889549
736914,1212.7,1216.6,1195.6,1199.5,578775
736915,1201,1206.75,1170.65,1195.8,1393086
736916,1195.8,1196.8,1155.05,1159,776497
736917,1146,1177,1137.35,1156.5,1753712
736918,1128.1,1159.65,1056.5,1149.9,1378960
736921,1162.9,1181.2,1158.3,1175.75,1221653
736923,1190,1215,1173.75,1209.1,1778177
736924,1205,1219.8,1194.1,1200.45,753155
736925,1197,1213,1187.2,1202.4,887796
736928,1210,1210,1192,1198.7,673167
736929,1198,1205.6,1165.25,1176.35,817906
736930,1177.45,1231.55,1156,1221.75,1275205
736931,1218,1234.2,1203.1,1210.35,858188
736935,1206,1237.95,1191.95,1223.25,782937
736936,1220,1222.9,1196.5,1202.3,1555390
736937,1206,1226.55,1205.25,1208,1196811
736938,1210.5,1222,1200,1215.5,1909173
736939,1214,1229.4,1210.1,1222.45,515317
736942,1222.4,1256.8,1218.7,1235.35,1517147
736943,1235.7,1245,1217.6,1240.85,946245
736944,1238.4,1273.3,1221.15,1264.3,1265704
736945,1285.3,1320,1283.05,1316.35,2551032
736946,1323.7,1323.7,1296.8,1311.2,1098102
736949,1314.7,1319,1295.25,1297.9,698609
736950,1309,1309,1278.5,1291.35,1264605
736951,1289.6,1292.75,1265.65,1268.85,2653606
736952,1274.9,1277.75,1260.7,1264.8,1859053
736953,1252,1270,1246.3,1265.95,1600132
736956,1279,1308,1270.9,1301.1,1921951
736957,1302.05,1313,1287.55,1307.95,1660936
736958,1304.9,1324.5,1303.6,1310.75,1216514
736959,1303,1336.95,1266.1,1281.85,1142315
736960,1275,1275,1231.2,1242.35,1702027
736963,1235.35,1241.65,1155,1203.95,2286947
736964,1223.85,1247.4,1207.6,1242.7,1093051
736965,1255,1255,1208.1,1223.1,1281687
736966,1212.3,1220,1183.6,1210.2,4090804
736967,1225,1225,1195,1206.75,2092816
736971,1215,1246.5,1213.85,1234.35,1671290
736972,1235,1260.85,1224.2,1257.1,1443916
736973,1262,1275,1251.9,1261.4,1123834
736974,1275.9,1282,1262,1268.2,913203
736977,1264.9,1276.35,1249,1272.25,521310
736978,1281.8,1287.65,1266.3,1281.9,1022232
736979,1280,1287.7,1247.2,1260.4,2069965
736980,1256,1276.4,1252.4,1272.45,956856
736981,1275,1292.6,1267,1282.7,1441377
736984,1294,1299.95,1276.8,1295.1,1033785
736985,1296,1340.95,1295.3,1325.7,2059391
736986,1326.5,1367,1320,1358.4,1828010
736987,1361.95,1372.3,1351.35,1360.7,187318
736991,1364.15,1373.95,1325.55,1337.75,2114411
736992,1362.3,1365.5,1335.3,1342.55,2060852
736993,1344.9,1344.9,1265.3,1276.7,2141225
736994,1269,1270,1206.1,1248.25,4875011
736995,1233.05,1272.1,1233.05,1264.3,894164
736998,1266,1269.15,1241.5,1261.1,1313007
736999,1257.1,1268.9,1240,1244.05,1395740
737000,1237.8,1251.15,1226,1245.5,2101442
737001,1248,1250.85,1226.5,1229.65,1540389
737002,1237.8,1237.8,1215.85,1219.05,1772171
737005,1220,1245,1213.35,1226.95,1129023
737006,1240,1240,1190,1195.2,2360100
737007,1202,1205.4,1170,1195.7,3790596
737008,1206.4,1244.9,1196.5,1235,2563607
737009,1230,1235.6,1215.75,1225.05,1711676
737012,1225.05,1226.4,1183.8,1196.4,1804491
737013,1191,1204.8,1162.15,1193,2644884
737014,1205,1209.35,1148.7,1161.25,3415816
737015,1167.4,1183.95,1146.55,1176.4,1631224
737016,1195.6,1202.6,1175.25,1184,2326069
737019,1179,1204.95,1178.55,1199.5,1587890
737020,1207.95,1207.95,1170.7,1178,2007228
737021,1182.5,1187.85,1161.55,1178.6,1689574
737022,1171,1187,1157.9,1159.65,1636709
737023,1168,1179.7,1155.05,1171.65,996896
737026,1167,1184,1164.25,1181.2,752556
737027,1179.95,1220,1174.8,1200.05,2781648
737028,1200.05,1215.6,1193.6,1200.8,3010333
737029,1207.1,1224,1200,1205.85,4695234
737030,1219.4,1224,1132.3,1144.75,3904332
737033,1157,1185,1151,1175.45,1856432
737034,1175,1192,1165.15,1189.15,1074991
737035,1183.1,1189.95,1162,1173.15,1119427
737036,1176,1199.7,1175,1193.25,1760595
737037,1190.1,1209,1185.35,1205.55,1700591
737040,1206,1209.45,1185.2,1198.6,1006462
737041,1198,1200.45,1185.25,1190,1471197
737042,1180,1205,1176.25,1181.05,1545179
737043,1186.1,1189,1166.6,1186.25,1206356
737044,1200,1209.85,1192,1205.5,1123532
737047,1189,1206,1166.25,1198.65,724760
737048,1201.5,1208.6,1188,1202.2,763044
737049,1201.35,1205.5,1190.85,1194.8,955151
737050,1206.5,1206.75,1185.5,1192.85,500861
737051,1196.4,1201.55,1185,1193.4,341141
737055,1198.9,1205,1185.6,1199.6,546077
737056,1199,1201.95,1187.8,1192.65,468680
737057,1199.9,1210.05,1188,1197.9,2069792
737058,1205,1205,1191.5,1196.6,946713
737061,1196.6,1243.9,1194.85,1218.15,1323659
737062,1211,1216.5,1179.9,1183.55,1349437
737063,1194,1196.95,1183.55,1185.65,704273
737064,1193.8,1193.8,1180.8,1183.95,505851
737065,1189.95,1203.7,1186,1198.95,1208082
737068,1202,1228.3,1196.8,1225.3,971947
737069,1220.1,1231.95,1208.4,1216.8,764497
737070,1222,1222.7,1195,1204.2,1424677
737071,1204.4,1241,1201.4,1228.65,2768740
737072,1233.75,1245,1194,1224.6,1398111
737075,1228,1252,1220.1,1225.15,897263
737076,1224,1235.9,1197.8,1204.9,1179430
737077,1200.45,1214,1187.65,1209.35,2117550
737078,1222,1264.5,1212.1,1243.7,4638248
737079,1250.95,1308.8,1244.3,1301.8,2323606
737082,1304.8,1363.7,1300,1355.15,2123773
737083,1369.9,1397,1346.55,1379.1,2611848
737084,1399.95,1409.8,1354.15,1362,3097670
737085,1367.95,1404.45,1348.05,1394,3264299
737089,1395,1440,1389.75,1421.15,2220889
737090,1426.55,1433.65,1408.55,1415,1147808
737091,1391,1415.55,1372,1390.95,1337755
737092,1389,1412.85,1313.05,1377.45,2027712
737093,1355,1360,1292,1319.6,2120577
737096,1300,1309.6,1270.1,1292.45,1509725
737097,1220.75,1315,1206.8,1294.95,1554111
737098,1320.8,1326.5,1257,1274.1,1965084
737099,1283,1329.95,1277.45,1314.4,1594358
737100,1272,1299.2,1266.5,1288.4,1678616
737103,1302.8,1320,1286.35,1314.85,995745
737105,1323,1369,1323,1348.2,2308630
737106,1353,1358,1304.05,1312.3,1189964
737107,1329,1329.4,1265,1272.35,1437076
737110,1281.9,1281.9,1226.55,1251.05,1132793
737111,1258,1274,1233,1237.45,1365926
737112,1247.6,1250.65,1227.85,1244.05,1194393
737113,1235.1,1272.55,1233.25,1267.4,2802709
737114,1280,1293,1271,1283.65,1179582
737117,1299.95,1299.95,1284,1294.35,1284219
737118,1307,1307.25,1270.45,1279.75,1142949
737119,1268.25,1280,1247.8,1254.1,1071839
737120,1255,1272.2,1245,1256.3,1170536
737124,1256,1256,1227,1238.25,1248449
737125,1249,1276.6,1227,1238.75,1416894
737126,1225.1,1226.85,1193,1196.25,1774131
737127,1208.1,1222,1190,1206.35,1545369
737128,1208,1215,1195,1199.2,1180577
737131,1209,1224.9,1203.25,1210.45,1406491
737132,1212.7,1249.5,1210.45,1231.8,1461671
737133,1227,1237.6,1216,1226.9,972189
737134,1225,1242,1223.8,1237.95,1002782
737135,1240,1244,1201,1207.45,1665775
737138,1210.5,1212.05,1181.2,1187.85,940906
737139,1180,1204,1177.4,1198.3,714240
737140,1209.05,1244,1204.05,1216.4,1669886
737141,1222,1238.9,1212.05,1220.35,1519284
737142,1188,1208.65,1184.7,1200.4,908851
737145,1209.85,1214.45,1197,1204.55,1031787
737146,1224,1252.95,1217.4,1245.75,2599111
737147,1250,1266.2,1228,1237.25,3418913
737152,1249,1251.75,1224.2,1243.85,637444
737153,1255.7,1307.35,1243.85,1299.2,2499894
737154,1301.85,1313.65,1278,1291.8,3374901
737155,1309.9,1349.9,1305.75,1340.15,1857989
737156,1355,1355,1340.1,1348.4,1859185
737159,1335.2,1382,1331.5,1345.85,1270725
737160,1339,1358.1,1316.75,1324.55,1100878
737161,1332.85,1337.4,1305.65,1312.3,677153
737162,1321.9,1321.9,1300,1315.35,1044533
737163,1326.95,1349.5,1313,1344.8,1260034
737166,1339.85,1378,1334.05,1372.15,1576721
737167,1383.95,1383.95,1351,1357.25,1254247
737168,1365.95,1386.35,1355,1369.6,1479968
737169,1374.9,1382.25,1361.45,1367.55,553371
737170,1374.9,1374.9,1347,1356.05,988737
737173,1385,1387.45,1312.3,1321.1,2369944
737174,1331.6,1340,1305.05,1329.25,1405846
737175,1326.65,1343.75,1312.65,1323.4,706984
737176,1329.65,1331.95,1307.1,1310.45,853769
737177,1320,1336.6,1312.5,1316.55,654124
737180,1316.55,1336,1302.3,1307,2819540
737182,1316,1318.95,1286.55,1298.05,1070422
737183,1288.15,1296.3,1268.35,1271.95,882653
